customer_id,customer_name,gender,age,city,state,signup_date
C1001,Amit Shah,Female,58,Siliguri,West Bengal,2025-09-12
C1002,Rohit Kapoor,Male,39,Bengaluru,Karnataka,2025-03-22
C1003,Rohit Gupta,Male,51,Faridabad,Haryana,2023-08-15
C1004,Mohit Jain,Female,64,Udaipur,Rajasthan,2025-12-26
C1005,Aditya Shah,Female,20,Lucknow,Uttar Pradesh,2025-12-22
C1006,Sanjay Kapoor,Male,23,Muzaffarpur,Bihar,2023-02-14
C1007,Mohit Chauhan,Female,62,Siliguri,West Bengal,2023-01-29
C1008,Shivam Saxena,Female,45,Hyderabad,Telangana,2023-09-26
C1009,Suresh Joshi,Female,47,Ghaziabad,Uttar Pradesh,2025-05-19
C1010,Aditi Mehta,Female,34,Bengaluru,Karnataka,2024-10-16
C1011,Arjun Joshi,Male,57,Delhi,Delhi,2024-07-15
C1012,Sneha Shah,Male,49,Bhopal,Madhya Pradesh,2024-03-30
C1013,Manish Singh,Male,30,Udaipur,Rajasthan,2024-06-09
C1014,Shivam Malhotra,Female,49,Warangal,Telangana,2024-11-29
C1015,Priya Kapoor,Female,18,Mangaluru,Karnataka,2023-03-11
C1016,Vikas Shah,Female,29,Nashik,Maharashtra,2024-10-04
C1017,Aditi Srivastava,Female,27,Salem,Tamil Nadu,2023-08-30
C1018,Pooja Malhotra,Male,55,Varanasi,Uttar Pradesh,2025-05-12
C1019,Rakesh Agarwal,Male,53,Warangal,Telangana,2023-08-02
C1020,Sameer Sharma,Male,22,Surat,Gujarat,2023-03-19
C1021,Simran Singh,Male,61,Kolkata,West Bengal,2024-04-21
C1022,Riya Agarwal,Female,57,New Delhi,Delhi,2024-04-27
C1023,Aditi Patel,Female,38,Gaya,Bihar,2024-07-21
C1024,Komal Gupta,Male,28,Faridabad,Haryana,2025-07-30
C1025,Kavya Gupta,Female,38,Kolkata,West Bengal,2025-02-05
C1026,Ananya Verma,Male,46,Pune,Maharashtra,2024-02-02
C1027,Rohit Bansal,Female,48,Hubballi,Karnataka,2025-03-06
C1028,Shreya Bansal,Male,34,Prayagraj,Uttar Pradesh,2024-07-05
C1029,Sneha Agarwal,Female,22,Prayagraj,Uttar Pradesh,2023-09-03
C1030,Rakesh Gupta,Male,47,Jaipur,Rajasthan,2023-01-24
C1031,Shreya Kumar,Male,51,Kolkata,West Bengal,2023-01-05
C1032,Varun Singh,Female,30,Patna,Bihar,2023-09-03
C1033,Divya Agarwal,Male,48,Delhi,Delhi,2025-06-15
C1034,Shreya Sharma,Male,45,Delhi,Delhi,2024-05-22
C1035,Karan Mishra,Male,42,Hubballi,Karnataka,2024-05-09
C1036,Suresh Chauhan,Female,18,Nagpur,Maharashtra,2024-03-12
C1037,Sameer Shah,Male,32,Agra,Uttar Pradesh,2023-10-08
C1038,Meera Saxena,Female,35,Mangaluru,Karnataka,2025-02-21
C1039,Ananya Kumar,Female,58,Aurangabad,Maharashtra,2023-01-14
C1040,Divya Yadav,Female,57,Jodhpur,Rajasthan,2024-11-01
C1041,Pooja Tiwari,Male,59,Mangaluru,Karnataka,2025-10-22
C1042,Shivam Agarwal,Female,40,Warangal,Telangana,2025-08-21
C1043,Divya Joshi,Male,33,Jodhpur,Rajasthan,2024-02-09
C1044,Karan Chauhan,Female,41,Delhi,Delhi,2025-07-24
C1045,Priya Mehta,Male,56,Warangal,Telangana,2023-09-18
C1046,Rakesh Mishra,Female,47,Warangal,Telangana,2023-09-22
C1047,Pooja Shah,Female,46,New Delhi,Delhi,2024-01-12
C1048,Karan Singh,Male,38,Nashik,Maharashtra,2023-01-20
C1049,Kavya Kumar,Male,51,Jodhpur,Rajasthan,2023-10-18
C1050,Shreya Sharma,Male,59,Varanasi,Uttar Pradesh,2025-07-24
C1051,Manish Srivastava,Female,50,Pune,Maharashtra,2025-04-14
C1052,Rohit Malhotra,Male,37,Varanasi,Uttar Pradesh,2023-12-27
C1053,Shivam Yadav,Female,58,Warangal,Telangana,2023-12-09
C1054,Sanjay Verma,Female,63,Jodhpur,Rajasthan,2024-01-16
C1055,Sanjay Malhotra,Female,56,Jodhpur,Rajasthan,2023-05-11
C1056,Simran Tiwari,Male,60,Hyderabad,Telangana,2023-06-23
C1057,Aarav Yadav,Male,30,Mangaluru,Karnataka,2025-12-23
C1058,Riya Mishra,Male,38,Vadodara,Gujarat,2025-01-28
C1059,Sameer Srivastava,Female,29,Agra,Uttar Pradesh,2025-01-11
C1060,Karan Srivastava,Male,35,Noida,Uttar Pradesh,2023-11-03
C1061,Simran Tiwari,Male,53,Jaipur,Rajasthan,2025-07-26
C1062,Akash Yadav,Male,50,Bengaluru,Karnataka,2023-07-13
C1063,Ananya Kumar,Female,18,Rajkot,Gujarat,2025-11-26
C1064,Akash Jain,Female,54,Durgapur,West Bengal,2024-07-05
C1065,Amit Yadav,Male,27,Ahmedabad,Gujarat,2023-12-29
C1066,Aditya Srivastava,Male,26,Chennai,Tamil Nadu,2025-04-01
C1067,Komal Sharma,Male,44,Salem,Tamil Nadu,2024-04-01
C1068,Shivam Joshi,Male,29,Delhi,Delhi,2023-10-23
C1069,Arjun Tiwari,Other,64,Kanpur,Uttar Pradesh,2025-01-18
C1070,Nikhil Chauhan,Male,25,Mangaluru,Karnataka,2025-03-01
C1071,Ananya Malhotra,Female,25,Pune,Maharashtra,2024-10-22
C1072,Arjun Tiwari,Female,54,Bengaluru,Karnataka,2024-05-20
C1073,Sameer Singh,Female,31,Faridabad,Haryana,2023-12-27
C1074,Divya Agarwal,Male,52,Aurangabad,Maharashtra,2024-03-18
C1075,Aarav Sharma,Female,50,Prayagraj,Uttar Pradesh,2025-08-15
C1076,Komal Chauhan,Male,27,Pune,Maharashtra,2024-01-29
C1077,Riya Tiwari,Male,45,Delhi,Delhi,2025-11-25
C1078,Shivam Sharma,Female,43,Kota,Rajasthan,2023-06-09
C1079,Sneha Sharma,Male,22,Salem,Tamil Nadu,2023-06-28
C1080,Vivek Agarwal,Male,54,Warangal,Telangana,2023-12-31
C1081,Arjun Yadav,Male,59,Jaipur,Rajasthan,2023-01-04
C1082,Shreya Saxena,Male,63,Bengaluru,Karnataka,2025-08-20
C1083,Rohit Gupta,Female,22,Hyderabad,Telangana,2024-01-08
C1084,Rakesh Bansal,Female,26,Mumbai,Maharashtra,2023-04-22
C1085,Nikhil Mehta,Female,57,Lucknow,Uttar Pradesh,2024-11-08
C1086,Tanya Agarwal,Male,32,Kanpur,Uttar Pradesh,2025-11-15
C1087,Aditi Kumar,Male,48,Siliguri,West Bengal,2025-12-24
C1088,Sameer Chauhan,Male,34,Mysuru,Karnataka,2023-04-28
C1089,Suresh Joshi,Female,28,Nagpur,Maharashtra,2025-05-18
C1090,Manish Jain,Female,47,Chennai,Tamil Nadu,2024-02-01
C1091,Aditi Agarwal,Female,27,Lucknow,Uttar Pradesh,2025-07-04
C1092,Sameer Tiwari,Female,24,Kota,Rajasthan,2024-10-25
C1093,Rakesh Saxena,Female,43,Mangaluru,Karnataka,2025-03-12
C1094,Aarav Saxena,Male,27,New Delhi,Delhi,2025-07-06
C1095,Divya Joshi,Female,27,Delhi,Delhi,2025-09-07
C1096,Komal Srivastava,Female,55,Rajkot,Gujarat,2023-06-07
C1097,Shivam Yadav,Female,43,Delhi,Delhi,2025-03-03
C1098,Rahul Kapoor,Male,44,Lucknow,Uttar Pradesh,2023-06-04
C1099,Rahul Jain,Female,24,Varanasi,Uttar Pradesh,2025-10-30
C1100,Nikhil Mehta,Male,25,Muzaffarpur,Bihar,2024-11-19
C1101,Aditi Chauhan,Female,36,Gwalior,Madhya Pradesh,2023-07-30
C1102,Ananya Chauhan,Female,36,Jaipur,Rajasthan,2023-11-17
C1103,Aditi Shah,Female,39,Aurangabad,Maharashtra,2025-09-07
C1104,Nikhil Mehta,Male,24,Gaya,Bihar,2024-12-06
C1105,Nisha Srivastava,Male,61,Siliguri,West Bengal,2023-09-09
C1106,Aarav Chauhan,Female,35,Siliguri,West Bengal,2025-06-17
C1107,Shreya Bansal,Female,57,Hubballi,Karnataka,2025-02-25
C1108,Arjun Singh,Female,37,Mumbai,Maharashtra,2023-03-26
C1109,Neha Mishra,Male,40,Agra,Uttar Pradesh,2023-11-07
C1110,Vikas Srivastava,Female,23,Gwalior,Madhya Pradesh,2025-07-13
C1111,Nisha Bansal,Female,50,Mangaluru,Karnataka,2024-01-20
C1112,Akash Kapoor,Male,20,Pune,Maharashtra,2023-02-11
C1113,Amit Malhotra,Male,53,New Delhi,Delhi,2024-10-23
C1114,Neha Jain,Female,60,Vadodara,Gujarat,2025-09-11
C1115,Kavya Jain,Male,35,Thane,Maharashtra,2024-09-01
C1116,Ankit Saxena,Female,60,Faridabad,Haryana,2025-12-04
C1117,Meera Yadav,Female,51,Durgapur,West Bengal,2023-05-05
C1118,Rahul Malhotra,Male,18,Siliguri,West Bengal,2024-12-31
C1119,Deepak Kapoor,Male,27,Mangaluru,Karnataka,2025-12-13
C1120,Komal Saxena,Other,48,Ahmedabad,Gujarat,2024-07-24
C1121,Riya Mishra,Female,51,Vadodara,Gujarat,2025-06-19
C1122,Manish Kapoor,Female,22,Jaipur,Rajasthan,2023-06-09
C1123,Pooja Kumar,Female,50,Prayagraj,Uttar Pradesh,2023-02-18
C1124,Shreya Kumar,Female,56,Bengaluru,Karnataka,2025-02-23
C1125,Aditya Jain,Female,22,Ghaziabad,Uttar Pradesh,2023-01-05
C1126,Meera Singh,Female,60,Coimbatore,Tamil Nadu,2025-08-15
C1127,Ayush Tiwari,Female,43,New Delhi,Delhi,2023-01-23
C1128,Riya Tiwari,Male,47,Lucknow,Uttar Pradesh,2025-01-23
C1129,Tanya Sharma,Male,20,Lucknow,Uttar Pradesh,2024-05-09
C1130,Neha Saxena,Female,47,Rajkot,Gujarat,2024-12-07
C1131,Priya Shah,Male,39,Pune,Maharashtra,2024-11-13
C1132,Rohit Kapoor,Female,35,Bhopal,Madhya Pradesh,2024-05-01
C1133,Komal Srivastava,Female,55,Rajkot,Gujarat,2024-06-11
C1134,Sanjay Mehta,Male,29,Delhi,Delhi,2024-07-05
C1135,Mohit Kumar,Male,20,Ahmedabad,Gujarat,2025-01-11
C1136,Sneha Sharma,Female,41,Kanpur,Uttar Pradesh,2025-02-16
C1137,Shreya Patel,Male,53,Gaya,Bihar,2024-05-07
C1138,Vikas Tiwari,Female,24,Coimbatore,Tamil Nadu,2024-01-21
C1139,Rohit Mehta,Female,65,Hyderabad,Telangana,2023-02-16
C1140,Priya Agarwal,Male,50,Agra,Uttar Pradesh,2025-05-03
C1141,Amit Sharma,Female,62,Coimbatore,Tamil Nadu,2023-09-05
C1142,Sneha Tiwari,Female,40,Coimbatore,Tamil Nadu,2024-04-20
C1143,Akash Mishra,Male,23,Bhopal,Madhya Pradesh,2025-12-22
C1144,Sameer Kapoor,Male,26,Surat,Gujarat,2025-05-09
C1145,Suresh Malhotra,Male,42,Bengaluru,Karnataka,2024-01-14
C1146,Amit Yadav,Female,46,Nagpur,Maharashtra,2024-06-04
C1147,Pooja Singh,Male,53,Delhi,Delhi,2023-12-22
C1148,Meera Agarwal,Male,56,Madurai,Tamil Nadu,2024-11-16
C1149,Aditya Mishra,Male,54,Mangaluru,Karnataka,2023-06-17
C1150,Tanya Kapoor,Male,46,Ghaziabad,Uttar Pradesh,2025-11-09
C1151,Shreya Saxena,Male,18,Warangal,Telangana,2025-12-16
C1152,Yash Verma,Female,43,Gurugram,Haryana,2023-11-23
C1153,Nikhil Shah,Male,57,Kanpur,Uttar Pradesh,2023-09-10
C1154,Aditya Sharma,Female,58,Coimbatore,Tamil Nadu,2024-08-13
C1155,Priya Verma,Male,58,Agra,Uttar Pradesh,2024-12-09
C1156,Divya Bansal,Male,18,Jaipur,Rajasthan,2024-12-05
C1157,Divya Bansal,Male,38,Mumbai,Maharashtra,2023-02-16
C1158,Aditya Bansal,Female,47,Jodhpur,Rajasthan,2025-02-17
C1159,Ayush Kumar,Female,29,Durgapur,West Bengal,2023-03-14
C1160,Nisha Mehta,Male,37,Durgapur,West Bengal,2024-01-10
C1161,Vikas Jain,Female,22,Prayagraj,Uttar Pradesh,2025-02-23
C1162,Ayush Chauhan,Male,27,Indore,Madhya Pradesh,2025-08-29
C1163,Rakesh Malhotra,Female,18,Nagpur,Maharashtra,2024-11-26
C1164,Shreya Tiwari,Female,65,Varanasi,Uttar Pradesh,2023-06-24
C1165,Pooja Kumar,Male,59,Coimbatore,Tamil Nadu,2025-01-14
C1166,Sameer Patel,Male,37,New Delhi,Delhi,2023-02-10
C1167,Vikas Bansal,Male,18,Hyderabad,Telangana,2023-09-10
C1168,Pooja Agarwal,Female,34,Hyderabad,Telangana,2023-05-16
C1169,Nikhil Joshi,Male,38,Delhi,Delhi,2025-12-14
C1170,Sanjay Shah,Female,26,Muzaffarpur,Bihar,2024-02-08
C1171,Riya Chauhan,Male,49,New Delhi,Delhi,2024-09-03
C1172,Karan Gupta,Female,65,Coimbatore,Tamil Nadu,2025-05-15
C1173,Vikas Tiwari,Male,58,Nashik,Maharashtra,2025-11-27
C1174,Sameer Jain,Female,59,Gwalior,Madhya Pradesh,2025-12-26
C1175,Meera Patel,Male,57,Aurangabad,Maharashtra,2023-06-29
C1176,Akash Shah,Male,21,Kanpur,Uttar Pradesh,2024-03-07
C1177,Karan Yadav,Male,44,Mangaluru,Karnataka,2024-03-19
C1178,Rohit Chauhan,Female,45,Muzaffarpur,Bihar,2025-05-21
C1179,Divya Tiwari,Male,22,Panipat,Haryana,2024-01-03
C1180,Rahul Chauhan,Female,25,Kolkata,West Bengal,2023-09-11
C1181,Neha Chauhan,Female,45,Panipat,Haryana,2025-04-06
C1182,Shivam Malhotra,Male,52,Faridabad,Haryana,2024-06-26
C1183,Rohit Patel,Male,28,Chennai,Tamil Nadu,2025-03-29
C1184,Riya Srivastava,Male,41,Delhi,Delhi,2024-02-21
C1185,Vikas Sharma,Male,21,Durgapur,West Bengal,2024-06-16
C1186,Shreya Saxena,Male,23,Jodhpur,Rajasthan,2023-01-10
C1187,Suresh Patel,Female,45,New Delhi,Delhi,2023-01-18
C1188,Meera Malhotra,Male,44,Kanpur,Uttar Pradesh,2023-01-01
C1189,Shivam Agarwal,Male,54,Kolkata,West Bengal,2023-07-11
C1190,Nikhil Agarwal,Female,61,Aurangabad,Maharashtra,2024-01-16
C1191,Aditi Sharma,Male,27,Indore,Madhya Pradesh,2023-02-25
C1192,Amit Jain,Female,34,Nashik,Maharashtra,2023-06-26
C1193,Rahul Jain,Female,59,Noida,Uttar Pradesh,2025-07-16
C1194,Tanya Verma,Male,20,Warangal,Telangana,2025-07-24
C1195,Neha Verma,Female,57,Ghaziabad,Uttar Pradesh,2023-11-14
C1196,Kavya Mehta,Female,63,Nashik,Maharashtra,2025-11-02
C1197,Manish Mishra,Female,22,Vadodara,Gujarat,2023-05-10
C1198,Shivam Saxena,Female,24,Panipat,Haryana,2023-02-04
C1199,Divya Kumar,Female,50,Aurangabad,Maharashtra,2024-01-23
C1200,Isha Mehta,Female,40,Delhi,Delhi,2023-10-17
C1201,Tanya Gupta,Female,65,Kolkata,West Bengal,2023-03-26
C1202,Aditi Shah,Female,44,Gaya,Bihar,2025-07-16
C1203,Aditya Mehta,Female,49,Salem,Tamil Nadu,2025-12-07
C1204,Rakesh Joshi,Female,29,Kanpur,Uttar Pradesh,2023-10-24
C1205,Aditi Jain,Male,33,Varanasi,Uttar Pradesh,2023-12-11
C1206,Varun Shah,Female,26,Mumbai,Maharashtra,2025-02-25
C1207,Deepak Gupta,Male,25,Ghaziabad,Uttar Pradesh,2025-10-18
C1208,Shivam Patel,Male,23,Udaipur,Rajasthan,2023-11-11
C1209,Rohit Agarwal,Male,60,Prayagraj,Uttar Pradesh,2025-01-17
C1210,Meera Malhotra,Male,21,Salem,Tamil Nadu,2023-01-26
C1211,Aarav Jain,Female,42,Jaipur,Rajasthan,2024-09-11
C1212,Mohit Bansal,Male,42,Surat,Gujarat,2025-12-16
C1213,Suresh Jain,Female,20,Aurangabad,Maharashtra,2024-06-04
C1214,Karan Verma,Female,58,Hyderabad,Telangana,2024-12-03
C1215,Divya Yadav,Male,42,Durgapur,West Bengal,2025-01-22
C1216,Varun Sharma,Male,24,Kolkata,West Bengal,2024-11-23
C1217,Aditi Shah,Female,24,Varanasi,Uttar Pradesh,2025-01-21
C1218,Divya Saxena,Female,51,Agra,Uttar Pradesh,2025-08-28
C1219,Varun Bansal,Male,47,Gwalior,Madhya Pradesh,2023-01-12
C1220,Pooja Jain,Male,37,Hubballi,Karnataka,2025-08-26
C1221,Nisha Gupta,Male,37,New Delhi,Delhi,2025-09-21
C1222,Rohit Srivastava,Male,19,Chennai,Tamil Nadu,2025-09-16
C1223,Karan Singh,Male,19,Jodhpur,Rajasthan,2024-02-07
C1224,Rohit Agarwal,Female,43,Gaya,Bihar,2024-09-30
C1225,Vikas Srivastava,Male,35,Thane,Maharashtra,2024-01-22
C1226,Tanya Agarwal,Male,30,Gwalior,Madhya Pradesh,2025-07-09
C1227,Rakesh Kumar,Female,36,Kanpur,Uttar Pradesh,2024-03-21
C1228,Mohit Yadav,Female,47,Salem,Tamil Nadu,2023-12-09
C1229,Rakesh Joshi,Male,32,Ahmedabad,Gujarat,2025-01-20
C1230,Mohit Gupta,Female,34,Noida,Uttar Pradesh,2023-02-24
C1231,Vikas Malhotra,Female,31,Noida,Uttar Pradesh,2024-02-16
C1232,Ankit Jain,Male,49,Hubballi,Karnataka,2023-08-14
C1233,Arjun Mishra,Male,20,Patna,Bihar,2024-02-14
C1234,Sameer Verma,Female,62,Vadodara,Gujarat,2024-05-06
C1235,Akash Saxena,Female,44,Gwalior,Madhya Pradesh,2023-03-11
C1236,Riya Agarwal,Other,29,Warangal,Telangana,2025-08-04
C1237,Rohit Kapoor,Male,54,Hubballi,Karnataka,2024-04-01
C1238,Aarav Jain,Female,63,Hyderabad,Telangana,2024-01-28
C1239,Karan Singh,Male,20,Kanpur,Uttar Pradesh,2023-06-13
C1240,Aditi Jain,Female,27,Agra,Uttar Pradesh,2025-12-26
C1241,Riya Shah,Female,24,Warangal,Telangana,2025-07-25
C1242,Vikas Patel,Male,21,Warangal,Telangana,2024-06-11
C1243,Sakshi Saxena,Male,53,Nashik,Maharashtra,2024-01-02
C1244,Shivam Tiwari,Female,27,Coimbatore,Tamil Nadu,2024-05-26
C1245,Divya Bansal,Female,36,Ahmedabad,Gujarat,2025-11-18
C1246,Shreya Mehta,Male,57,Faridabad,Haryana,2023-08-31
C1247,Aarav Shah,Female,47,Surat,Gujarat,2025-01-19
C1248,Ankit Joshi,Male,50,Mangaluru,Karnataka,2025-09-16
C1249,Aarav Yadav,Male,22,Delhi,Delhi,2025-04-07
C1250,Rohit Saxena,Male,64,Mangaluru,Karnataka,2025-08-10
C1251,Nisha Srivastava,Female,21,Udaipur,Rajasthan,2025-11-03
C1252,Vikas Yadav,Male,52,Gurugram,Haryana,2023-03-07
C1253,Deepak Tiwari,Female,48,Mangaluru,Karnataka,2023-09-19
C1254,Sakshi Saxena,Male,37,Nagpur,Maharashtra,2023-06-08
C1255,Rakesh Jain,Female,58,Mumbai,Maharashtra,2024-09-13
C1256,Aditi Tiwari,Female,60,Kolkata,West Bengal,2024-03-22
C1257,Sakshi Kumar,Male,21,Warangal,Telangana,2023-02-14
C1258,Riya Sharma,Male,63,Ghaziabad,Uttar Pradesh,2024-09-02
C1259,Kavya Mishra,Male,29,Agra,Uttar Pradesh,2023-04-21
C1260,Pooja Mehta,Male,55,Rajkot,Gujarat,2024-03-22
C1261,Yash Agarwal,Female,57,Lucknow,Uttar Pradesh,2024-02-06
C1262,Suresh Tiwari,Female,44,Hyderabad,Telangana,2025-09-05
C1263,Suresh Yadav,Male,59,Delhi,Delhi,2025-01-17
C1264,Shreya Yadav,Female,57,Lucknow,Uttar Pradesh,2024-11-14
C1265,Priya Joshi,Male,43,Bhopal,Madhya Pradesh,2025-06-29
C1266,Kavya Sharma,Male,26,Pune,Maharashtra,2023-07-17
C1267,Yash Kapoor,Male,38,Pune,Maharashtra,2023-10-08
C1268,Ananya Agarwal,Male,61,Agra,Uttar Pradesh,2025-04-03
C1269,Karan Chauhan,Female,27,Kanpur,Uttar Pradesh,2025-03-31
C1270,Komal Malhotra,Male,65,Ghaziabad,Uttar Pradesh,2023-01-24
C1271,Nisha Singh,Female,26,Ghaziabad,Uttar Pradesh,2023-09-03
C1272,Isha Singh,Male,49,Nashik,Maharashtra,2023-09-06
C1273,Vikas Singh,Female,48,Agra,Uttar Pradesh,2023-01-07
C1274,Shreya Chauhan,Male,27,Ahmedabad,Gujarat,2024-12-25
C1275,Manish Malhotra,Male,40,Jaipur,Rajasthan,2023-03-01
C1276,Simran Jain,Male,24,Bengaluru,Karnataka,2025-07-10
C1277,Nisha Verma,Male,35,Delhi,Delhi,2024-10-03
C1278,Nisha Srivastava,Male,64,Chennai,Tamil Nadu,2024-06-28
C1279,Shivam Verma,Male,20,Faridabad,Haryana,2025-11-28
C1280,Riya Kapoor,Female,59,Panipat,Haryana,2023-10-24
C1281,Amit Bansal,Male,50,Varanasi,Uttar Pradesh,2024-09-02
C1282,Divya Yadav,Female,53,Nashik,Maharashtra,2023-01-08
C1283,Nikhil Shah,Female,31,Mumbai,Maharashtra,2025-07-01
C1284,Rakesh Verma,Female,63,Nashik,Maharashtra,2024-09-13
C1285,Karan Agarwal,Female,30,Vadodara,Gujarat,2023-07-12
C1286,Ankit Chauhan,Male,42,Mysuru,Karnataka,2025-06-14
C1287,Pooja Malhotra,Female,19,Prayagraj,Uttar Pradesh,2025-12-19
C1288,Rakesh Saxena,Female,60,Delhi,Delhi,2023-03-17
C1289,Shreya Shah,Female,51,Coimbatore,Tamil Nadu,2025-07-15
C1290,Aditya Verma,Male,25,Kanpur,Uttar Pradesh,2025-03-17
C1291,Mohit Kapoor,Female,49,Hyderabad,Telangana,2024-01-24
C1292,Aarav Shah,Male,26,Prayagraj,Uttar Pradesh,2024-11-25
C1293,Ankit Gupta,Female,39,Indore,Madhya Pradesh,2025-05-10
C1294,Vivek Jain,Male,42,Ghaziabad,Uttar Pradesh,2024-06-08
C1295,Ankit Joshi,Male,62,Panipat,Haryana,2024-12-30
C1296,Ayush Kapoor,Female,33,Bhopal,Madhya Pradesh,2023-02-22
C1297,Akash Verma,Female,18,Gaya,Bihar,2025-10-10
C1298,Simran Srivastava,Male,38,Warangal,Telangana,2025-10-08
C1299,Aditi Agarwal,Female,62,Durgapur,West Bengal,2023-08-19
C1300,Amit Yadav,Female,56,Jodhpur,Rajasthan,2024-06-06
C1301,Tanya Gupta,Female,20,Kolkata,West Bengal,2023-09-19
C1302,Sanjay Saxena,Female,20,Varanasi,Uttar Pradesh,2024-03-13
C1303,Simran Agarwal,Male,54,Chennai,Tamil Nadu,2023-10-29
C1304,Shreya Patel,Male,52,Chennai,Tamil Nadu,2025-08-01
C1305,Ananya Verma,Female,44,Panipat,Haryana,2025-01-30
C1306,Suresh Malhotra,Male,22,Mysuru,Karnataka,2025-07-14
C1307,Rahul Bansal,Female,31,Delhi,Delhi,2025-05-18
C1308,Shreya Mishra,Female,58,Ahmedabad,Gujarat,2025-03-07
C1309,Kavya Tiwari,Female,24,Mumbai,Maharashtra,2023-07-02
C1310,Tanya Sharma,Male,27,Noida,Uttar Pradesh,2025-06-27
C1311,Vikas Kumar,Female,39,Mysuru,Karnataka,2025-05-07
C1312,Ankit Mehta,Female,53,Bengaluru,Karnataka,2023-05-17
C1313,Shreya Kapoor,Male,57,Nagpur,Maharashtra,2023-04-07
C1314,Sameer Yadav,Male,46,New Delhi,Delhi,2025-04-13
C1315,Vivek Mehta,Male,41,Delhi,Delhi,2024-03-03
C1316,Riya Mishra,Male,36,Delhi,Delhi,2023-12-26
C1317,Aarav Mehta,Female,20,New Delhi,Delhi,2024-03-10
C1318,Meera Malhotra,Female,30,Jodhpur,Rajasthan,2025-08-07
C1319,Mohit Chauhan,Male,28,New Delhi,Delhi,2024-02-03
C1320,Shreya Patel,Female,20,Indore,Madhya Pradesh,2024-02-10
C1321,Sneha Joshi,Male,53,Gwalior,Madhya Pradesh,2024-03-13
C1322,Sameer Mehta,Male,34,Salem,Tamil Nadu,2023-03-01
C1323,Komal Mishra,Male,42,New Delhi,Delhi,2023-02-11
C1324,Nisha Yadav,Female,27,Salem,Tamil Nadu,2024-03-29
C1325,Rohit Chauhan,Female,46,Faridabad,Haryana,2023-01-19
C1326,Sameer Verma,Female,24,Jaipur,Rajasthan,2025-04-08
C1327,Rakesh Bansal,Female,50,Warangal,Telangana,2024-04-09
C1328,Nisha Kumar,Male,53,Coimbatore,Tamil Nadu,2024-07-02
C1329,Nikhil Saxena,Female,32,Vadodara,Gujarat,2024-01-03
C1330,Sakshi Gupta,Male,28,Nashik,Maharashtra,2025-04-16
C1331,Ayush Chauhan,Male,55,Kolkata,West Bengal,2024-04-13
C1332,Nisha Malhotra,Female,28,Thane,Maharashtra,2023-02-08
C1333,Mohit Singh,Male,26,Udaipur,Rajasthan,2024-06-18
C1334,Nikhil Malhotra,Male,34,Faridabad,Haryana,2023-07-13
C1335,Meera Joshi,Male,64,Kanpur,Uttar Pradesh,2024-10-13
C1336,Nisha Mishra,Male,40,Vadodara,Gujarat,2024-09-09
C1337,Karan Yadav,Female,30,Lucknow,Uttar Pradesh,2024-06-03
C1338,Karan Kapoor,Male,42,Kolkata,West Bengal,2024-02-26
C1339,Meera Kapoor,Female,34,Ghaziabad,Uttar Pradesh,2024-10-14
C1340,Manish Mishra,Other,49,Indore,Madhya Pradesh,2025-01-14
C1341,Rakesh Srivastava,Female,39,Varanasi,Uttar Pradesh,2025-08-20
C1342,Nikhil Yadav,Male,46,Muzaffarpur,Bihar,2025-11-19
C1343,Sneha Singh,Female,38,Warangal,Telangana,2023-04-02
C1344,Pooja Mehta,Male,41,Vadodara,Gujarat,2024-12-23
C1345,Shreya Kumar,Male,39,Warangal,Telangana,2023-04-03
C1346,Aarav Yadav,Female,36,Warangal,Telangana,2024-04-02
C1347,Ananya Shah,Male,64,Gwalior,Madhya Pradesh,2025-03-22
C1348,Rakesh Yadav,Female,30,Mumbai,Maharashtra,2024-08-16
C1349,Pooja Verma,Male,56,Vadodara,Gujarat,2025-06-03
C1350,Aditi Kapoor,Female,52,Lucknow,Uttar Pradesh,2025-09-26
C1351,Karan Shah,Female,43,Rajkot,Gujarat,2025-12-02
C1352,Shreya Saxena,Female,33,Mumbai,Maharashtra,2025-01-06
C1353,Deepak Mehta,Male,41,Ahmedabad,Gujarat,2025-01-07
C1354,Rakesh Patel,Male,58,Ahmedabad,Gujarat,2025-05-29
C1355,Aditi Yadav,Female,26,Mangaluru,Karnataka,2023-09-13
C1356,Vikas Bansal,Female,46,Chennai,Tamil Nadu,2023-11-27
C1357,Manish Gupta,Male,54,Kolkata,West Bengal,2024-01-09
C1358,Kavya Verma,Male,48,Warangal,Telangana,2025-03-26
C1359,Suresh Saxena,Female,24,Salem,Tamil Nadu,2024-01-20
C1360,Aditi Kapoor,Female,42,Vadodara,Gujarat,2023-06-02
C1361,Varun Joshi,Female,26,Bhopal,Madhya Pradesh,2025-05-24
C1362,Ankit Sharma,Female,62,Varanasi,Uttar Pradesh,2025-04-01
C1363,Shreya Kumar,Male,34,Agra,Uttar Pradesh,2024-10-12
C1364,Simran Patel,Male,38,Kanpur,Uttar Pradesh,2025-08-23
C1365,Amit Kapoor,Female,59,Udaipur,Rajasthan,2025-05-17
C1366,Suresh Patel,Female,38,Bengaluru,Karnataka,2025-09-12
C1367,Manish Sharma,Male,27,Kolkata,West Bengal,2023-10-12
C1368,Rakesh Gupta,Female,60,Udaipur,Rajasthan,2023-05-08
C1369,Yash Mehta,Male,49,New Delhi,Delhi,2024-01-09
C1370,Shreya Malhotra,Male,47,Gurugram,Haryana,2025-06-27
C1371,Ankit Sharma,Female,21,Kolkata,West Bengal,2025-10-09
C1372,Aditya Sharma,Male,39,Aurangabad,Maharashtra,2023-05-01
C1373,Aditya Yadav,Male,40,New Delhi,Delhi,2025-07-25
C1374,Yash Singh,Female,30,New Delhi,Delhi,2024-06-07
C1375,Pooja Shah,Male,45,Prayagraj,Uttar Pradesh,2025-06-14
C1376,Tanya Kumar,Male,29,Agra,Uttar Pradesh,2025-01-17
C1377,Aditi Joshi,Female,40,Bhopal,Madhya Pradesh,2023-03-07
C1378,Aditi Bansal,Male,56,Hubballi,Karnataka,2024-06-14
C1379,Aditi Chauhan,Female,53,New Delhi,Delhi,2023-04-08
C1380,Riya Tiwari,Male,31,Siliguri,West Bengal,2024-01-08
C1381,Arjun Yadav,Male,27,Madurai,Tamil Nadu,2025-04-09
C1382,Pooja Sharma,Female,18,Bhopal,Madhya Pradesh,2025-01-18
C1383,Ananya Mishra,Male,34,Hyderabad,Telangana,2025-02-10
C1384,Suresh Kapoor,Female,18,Mangaluru,Karnataka,2024-12-24
C1385,Amit Singh,Female,24,Delhi,Delhi,2023-01-17
C1386,Shivam Agarwal,Female,64,Patna,Bihar,2024-09-30
C1387,Vikas Yadav,Male,59,Kolkata,West Bengal,2024-06-15
C1388,Mohit Verma,Male,44,Muzaffarpur,Bihar,2024-08-01
C1389,Karan Kapoor,Female,55,Noida,Uttar Pradesh,2023-08-21
C1390,Pooja Malhotra,Male,41,Panipat,Haryana,2025-02-11
C1391,Amit Shah,Female,46,Ahmedabad,Gujarat,2024-10-27
C1392,Pooja Tiwari,Female,62,Ghaziabad,Uttar Pradesh,2024-03-17
C1393,Nikhil Kumar,Male,21,Vadodara,Gujarat,2023-03-03
C1394,Shreya Kumar,Male,34,Jodhpur,Rajasthan,2023-03-17
C1395,Rakesh Agarwal,Female,23,Lucknow,Uttar Pradesh,2024-01-29
C1396,Vikas Malhotra,Female,56,Mysuru,Karnataka,2024-08-11
C1397,Pooja Mehta,Male,57,Warangal,Telangana,2025-12-27
C1398,Deepak Singh,Female,52,Delhi,Delhi,2025-03-03
C1399,Varun Chauhan,Female,47,Bengaluru,Karnataka,2024-06-15
C1400,Ankit Mishra,Male,40,Mangaluru,Karnataka,2023-11-24
C1401,Mohit Agarwal,Male,19,Delhi,Delhi,2023-07-04
C1402,Sneha Joshi,Female,55,Indore,Madhya Pradesh,2023-06-04
C1403,Vikas Tiwari,Female,60,Warangal,Telangana,2023-03-20
C1404,Neha Malhotra,Female,64,Lucknow,Uttar Pradesh,2025-09-25
C1405,Rahul Chauhan,Male,34,Muzaffarpur,Bihar,2023-01-18
C1406,Mohit Gupta,Female,27,Gurugram,Haryana,2025-08-03
C1407,Neha Joshi,Female,49,Pune,Maharashtra,2024-09-30
C1408,Tanya Saxena,Female,18,Hyderabad,Telangana,2024-11-08
C1409,Aarav Shah,Male,20,Kanpur,Uttar Pradesh,2025-11-15
C1410,Ayush Agarwal,Male,57,Patna,Bihar,2025-05-11
C1411,Komal Chauhan,Female,63,Udaipur,Rajasthan,2023-06-11
C1412,Ayush Kumar,Male,37,Jaipur,Rajasthan,2025-11-26
C1413,Shreya Jain,Male,42,Ghaziabad,Uttar Pradesh,2023-07-12
C1414,Nisha Srivastava,Female,44,Gurugram,Haryana,2024-09-15
C1415,Rakesh Tiwari,Male,24,Kanpur,Uttar Pradesh,2024-12-02
C1416,Vikas Chauhan,Female,28,Aurangabad,Maharashtra,2023-09-25
C1417,Sneha Srivastava,Female,32,Lucknow,Uttar Pradesh,2024-11-21
C1418,Riya Singh,Female,58,Kolkata,West Bengal,2024-11-30
C1419,Vivek Tiwari,Male,39,Thane,Maharashtra,2025-12-08
C1420,Manish Jain,Female,52,Indore,Madhya Pradesh,2025-09-28
C1421,Rohit Malhotra,Female,27,Kota,Rajasthan,2024-03-13
C1422,Shivam Agarwal,Female,63,Agra,Uttar Pradesh,2025-01-25
C1423,Ankit Saxena,Male,60,Ghaziabad,Uttar Pradesh,2025-06-17
C1424,Komal Mehta,Male,40,Lucknow,Uttar Pradesh,2023-01-29
C1425,Amit Saxena,Female,28,Ahmedabad,Gujarat,2025-01-19
C1426,Amit Gupta,Male,64,Warangal,Telangana,2025-10-01
C1427,Kavya Gupta,Female,56,Thane,Maharashtra,2023-05-12
C1428,Sneha Jain,Male,42,Panipat,Haryana,2025-04-05
C1429,Divya Sharma,Male,30,Kanpur,Uttar Pradesh,2023-03-08
C1430,Divya Malhotra,Female,47,Hyderabad,Telangana,2024-03-16
C1431,Vikas Yadav,Female,35,Bhopal,Madhya Pradesh,2025-06-16
C1432,Akash Mehta,Female,50,Siliguri,West Bengal,2025-12-17
C1433,Vikas Singh,Male,57,Jaipur,Rajasthan,2025-03-07
C1434,Vikas Gupta,Female,41,Hyderabad,Telangana,2025-03-01
C1435,Karan Joshi,Other,20,Varanasi,Uttar Pradesh,2023-10-11
C1436,Akash Mishra,Male,45,Mumbai,Maharashtra,2025-06-22
C1437,Arjun Verma,Male,59,Kanpur,Uttar Pradesh,2024-12-22
C1438,Varun Verma,Male,28,Coimbatore,Tamil Nadu,2025-10-29
C1439,Aditi Verma,Female,64,Kolkata,West Bengal,2024-10-22
C1440,Amit Joshi,Male,35,Ahmedabad,Gujarat,2023-02-13
C1441,Tanya Gupta,Female,50,Faridabad,Haryana,2024-07-13
C1442,Suresh Agarwal,Male,51,Noida,Uttar Pradesh,2025-04-27
C1443,Akash Malhotra,Female,26,Siliguri,West Bengal,2025-05-12
C1444,Divya Shah,Female,19,Nashik,Maharashtra,2024-02-28
C1445,Rahul Mehta,Female,63,Aurangabad,Maharashtra,2023-07-07
C1446,Arjun Yadav,Male,51,Jaipur,Rajasthan,2025-08-09
C1447,Suresh Tiwari,Male,48,Gaya,Bihar,2025-06-20
C1448,Aarav Jain,Female,32,Ahmedabad,Gujarat,2025-08-20
C1449,Simran Yadav,Male,23,Agra,Uttar Pradesh,2025-01-04
C1450,Nisha Tiwari,Female,31,Surat,Gujarat,2025-06-26
C1451,Tanya Malhotra,Male,44,Prayagraj,Uttar Pradesh,2024-03-17
C1452,Shreya Joshi,Male,51,Faridabad,Haryana,2025-05-03
C1453,Kavya Srivastava,Male,33,Kota,Rajasthan,2024-06-18
C1454,Aditi Singh,Female,28,Mumbai,Maharashtra,2025-05-19
C1455,Sameer Saxena,Female,29,Noida,Uttar Pradesh,2023-06-10
C1456,Vivek Malhotra,Male,64,Mumbai,Maharashtra,2023-11-21
C1457,Neha Agarwal,Male,48,Gaya,Bihar,2023-08-23
C1458,Nisha Yadav,Male,65,Bengaluru,Karnataka,2024-03-21
C1459,Nikhil Kumar,Female,18,Hyderabad,Telangana,2025-06-10
C1460,Manish Tiwari,Female,39,Ahmedabad,Gujarat,2023-05-06
C1461,Sneha Kumar,Male,39,Rajkot,Gujarat,2025-03-10
C1462,Kavya Yadav,Female,37,Prayagraj,Uttar Pradesh,2025-06-28
C1463,Kavya Malhotra,Female,36,Indore,Madhya Pradesh,2025-01-04
C1464,Simran Kapoor,Female,21,Delhi,Delhi,2024-12-08
C1465,Priya Gupta,Male,19,Ahmedabad,Gujarat,2023-06-01
C1466,Arjun Saxena,Female,55,Jodhpur,Rajasthan,2024-11-01
C1467,Shreya Shah,Female,39,Jodhpur,Rajasthan,2023-09-05
C1468,Sakshi Saxena,Male,25,Bhopal,Madhya Pradesh,2023-09-27
C1469,Vivek Singh,Male,34,Prayagraj,Uttar Pradesh,2025-08-01
C1470,Neha Sharma,Male,62,Madurai,Tamil Nadu,2024-11-04
C1471,Neha Joshi,Male,40,Mangaluru,Karnataka,2025-12-23
C1472,Divya Gupta,Male,65,Mangaluru,Karnataka,2024-05-12
C1473,Priya Shah,Female,25,Prayagraj,Uttar Pradesh,2024-01-27
C1474,Sneha Sharma,Female,23,Lucknow,Uttar Pradesh,2025-12-25
C1475,Isha Bansal,Male,45,Nagpur,Maharashtra,2024-11-12
C1476,Shreya Srivastava,Male,50,New Delhi,Delhi,2025-08-03
C1477,Vivek Saxena,Female,65,Mangaluru,Karnataka,2023-02-18
C1478,Rahul Chauhan,Female,40,Surat,Gujarat,2024-07-29
C1479,Nikhil Tiwari,Male,27,Vadodara,Gujarat,2025-06-13
C1480,Neha Jain,Female,43,Mangaluru,Karnataka,2025-06-04
C1481,Shreya Agarwal,Male,32,Mysuru,Karnataka,2025-02-21
C1482,Arjun Srivastava,Male,26,Mumbai,Maharashtra,2023-06-30
C1483,Pooja Tiwari,Female,22,Rajkot,Gujarat,2024-08-21
C1484,Neha Chauhan,Female,52,New Delhi,Delhi,2023-04-22
C1485,Sameer Bansal,Male,48,Noida,Uttar Pradesh,2025-05-28
C1486,Varun Verma,Female,25,Mysuru,Karnataka,2024-11-21
C1487,Vivek Tiwari,Female,44,Hubballi,Karnataka,2023-08-01
C1488,Shivam Tiwari,Male,60,Pune,Maharashtra,2025-03-06
C1489,Yash Malhotra,Female,57,Rajkot,Gujarat,2025-02-26
C1490,Priya Srivastava,Male,39,Surat,Gujarat,2023-02-28
C1491,Deepak Mehta,Male,20,Kota,Rajasthan,2023-04-08
C1492,Vivek Tiwari,Male,48,Udaipur,Rajasthan,2023-08-09
C1493,Karan Singh,Male,42,Jaipur,Rajasthan,2023-03-18
C1494,Meera Srivastava,Male,62,Delhi,Delhi,2024-08-11
C1495,Rahul Singh,Female,44,Hyderabad,Telangana,2025-08-21
C1496,Ananya Mishra,Male,53,Chennai,Tamil Nadu,2023-03-10
C1497,Meera Kumar,Female,43,Mangaluru,Karnataka,2024-11-03
C1498,Priya Patel,Male,43,Ahmedabad,Gujarat,2024-04-09
C1499,Deepak Verma,Female,33,Delhi,Delhi,2025-07-04
C1500,Shivam Chauhan,Female,37,Salem,Tamil Nadu,2024-06-11
C1501,Aditya Mehta,Male,32,Kolkata,West Bengal,2025-01-02
C1502,Aditi Srivastava,Female,40,Faridabad,Haryana,2025-10-06
C1503,Tanya Yadav,Female,63,Bhopal,Madhya Pradesh,2023-05-30
C1504,Nikhil Sharma,Male,34,Chennai,Tamil Nadu,2023-12-12
C1505,Vivek Bansal,Male,40,Coimbatore,Tamil Nadu,2023-10-23
C1506,Aarav Kapoor,Female,63,Hyderabad,Telangana,2023-07-04
C1507,Nikhil Shah,Female,25,New Delhi,Delhi,2024-12-10
C1508,Divya Saxena,Male,30,Warangal,Telangana,2023-01-09
C1509,Nikhil Saxena,Female,41,Coimbatore,Tamil Nadu,2024-02-27
C1510,Arjun Mehta,Male,37,Prayagraj,Uttar Pradesh,2023-05-14
C1511,Manish Chauhan,Male,34,Varanasi,Uttar Pradesh,2024-11-04
C1512,Rohit Kapoor,Female,55,Panipat,Haryana,2025-04-02
C1513,Amit Malhotra,Other,41,Ghaziabad,Uttar Pradesh,2024-05-26
C1514,Ananya Agarwal,Male,35,Nashik,Maharashtra,2024-05-02
C1515,Divya Sharma,Male,40,New Delhi,Delhi,2024-05-07
C1516,Sakshi Verma,Male,60,Nagpur,Maharashtra,2023-08-06
C1517,Rahul Bansal,Female,65,Delhi,Delhi,2024-02-16
C1518,Deepak Kapoor,Male,29,Siliguri,West Bengal,2025-10-18
C1519,Kavya Mishra,Male,19,Agra,Uttar Pradesh,2023-02-15
C1520,Sakshi Joshi,Male,19,Hyderabad,Telangana,2025-05-12
C1521,Shivam Gupta,Female,39,Panipat,Haryana,2023-06-30
C1522,Sakshi Yadav,Male,48,Delhi,Delhi,2023-05-06
C1523,Kavya Tiwari,Female,20,Kanpur,Uttar Pradesh,2023-11-09
C1524,Ananya Jain,Male,42,Vadodara,Gujarat,2023-10-22
C1525,Nisha Verma,Male,37,Kanpur,Uttar Pradesh,2023-12-13
C1526,Vikas Patel,Male,62,New Delhi,Delhi,2025-07-19
C1527,Sneha Agarwal,Male,46,Muzaffarpur,Bihar,2025-09-17
C1528,Simran Kapoor,Male,38,Muzaffarpur,Bihar,2025-01-28
C1529,Meera Chauhan,Male,46,Durgapur,West Bengal,2023-06-10
C1530,Ankit Mehta,Male,24,New Delhi,Delhi,2025-11-01
C1531,Aarav Mehta,Male,40,Jodhpur,Rajasthan,2025-07-16
C1532,Shreya Agarwal,Male,33,Jaipur,Rajasthan,2023-03-25
C1533,Arjun Mehta,Male,26,Delhi,Delhi,2024-02-29
C1534,Vivek Mishra,Male,36,Jodhpur,Rajasthan,2025-04-29
C1535,Pooja Sharma,Male,48,Ghaziabad,Uttar Pradesh,2023-04-08
C1536,Sneha Srivastava,Female,45,Aurangabad,Maharashtra,2023-03-25
C1537,Vikas Jain,Female,64,Chennai,Tamil Nadu,2024-10-25
C1538,Aditi Patel,Female,31,Aurangabad,Maharashtra,2024-01-04
C1539,Komal Singh,Male,51,Mumbai,Maharashtra,2024-04-28
C1540,Divya Saxena,Other,44,Hyderabad,Telangana,2025-04-01
C1541,Rohit Gupta,Female,59,Gaya,Bihar,2024-08-19
C1542,Aarav Jain,Male,61,Salem,Tamil Nadu,2025-02-17
C1543,Sakshi Saxena,Male,51,Warangal,Telangana,2023-05-19
C1544,Simran Patel,Female,38,Muzaffarpur,Bihar,2023-01-03
C1545,Nikhil Tiwari,Female,43,Varanasi,Uttar Pradesh,2023-10-03
C1546,Vikas Verma,Female,49,Hubballi,Karnataka,2023-08-10
C1547,Shreya Kapoor,Female,56,Hubballi,Karnataka,2023-12-21
C1548,Isha Chauhan,Female,28,Ghaziabad,Uttar Pradesh,2025-05-02
C1549,Kavya Shah,Female,59,Siliguri,West Bengal,2023-06-16
C1550,Priya Malhotra,Male,56,Mysuru,Karnataka,2023-05-19
C1551,Rakesh Agarwal,Male,22,Hubballi,Karnataka,2023-08-08
C1552,Neha Bansal,Female,30,Prayagraj,Uttar Pradesh,2023-12-24
C1553,Tanya Tiwari,Male,29,Aurangabad,Maharashtra,2023-08-05
C1554,Varun Kapoor,Male,45,Bhopal,Madhya Pradesh,2023-07-21
C1555,Varun Tiwari,Male,28,Ghaziabad,Uttar Pradesh,2024-09-26
C1556,Aarav Mehta,Male,32,Thane,Maharashtra,2023-05-03
C1557,Aditi Mehta,Male,27,Delhi,Delhi,2023-06-18
C1558,Neha Mishra,Female,21,Chennai,Tamil Nadu,2025-07-05
C1559,Simran Kapoor,Male,40,Vadodara,Gujarat,2023-01-20
C1560,Rohit Srivastava,Female,33,Madurai,Tamil Nadu,2023-03-09
C1561,Amit Joshi,Male,42,Prayagraj,Uttar Pradesh,2023-03-18
C1562,Ayush Verma,Female,28,Aurangabad,Maharashtra,2024-08-09
C1563,Deepak Shah,Female,31,Gurugram,Haryana,2025-01-30
C1564,Sanjay Bansal,Female,60,Surat,Gujarat,2025-01-28
C1565,Nisha Tiwari,Male,56,Kota,Rajasthan,2025-01-25
C1566,Mohit Gupta,Male,30,Kota,Rajasthan,2023-03-05
C1567,Aditi Kumar,Female,25,Kolkata,West Bengal,2024-01-13
C1568,Nisha Jain,Female,64,Kanpur,Uttar Pradesh,2024-11-24
C1569,Ankit Kumar,Male,50,Delhi,Delhi,2025-01-16
C1570,Karan Chauhan,Female,41,Chennai,Tamil Nadu,2024-01-01
C1571,Aditi Jain,Female,51,Delhi,Delhi,2025-07-16
C1572,Deepak Shah,Male,28,Gurugram,Haryana,2025-07-01
C1573,Tanya Verma,Female,38,Chennai,Tamil Nadu,2025-04-18
C1574,Mohit Jain,Male,36,Durgapur,West Bengal,2025-05-23
C1575,Vikas Chauhan,Male,52,Faridabad,Haryana,2025-12-03
C1576,Amit Patel,Female,26,Madurai,Tamil Nadu,2025-05-19
C1577,Varun Sharma,Female,41,Gwalior,Madhya Pradesh,2024-10-03
C1578,Vivek Verma,Female,58,Surat,Gujarat,2024-03-12
C1579,Rahul Chauhan,Female,27,Faridabad,Haryana,2024-02-01
C1580,Sanjay Chauhan,Other,23,Delhi,Delhi,2025-06-19
C1581,Sameer Verma,Male,57,Madurai,Tamil Nadu,2024-11-20
C1582,Shreya Joshi,Male,59,Coimbatore,Tamil Nadu,2024-07-04
C1583,Manish Singh,Male,38,Varanasi,Uttar Pradesh,2024-02-19
C1584,Sanjay Mehta,Female,20,Mysuru,Karnataka,2024-05-08
C1585,Varun Kumar,Male,43,Bhopal,Madhya Pradesh,2023-03-30
C1586,Riya Saxena,Female,32,Rajkot,Gujarat,2025-02-15
C1587,Simran Tiwari,Male,46,Nagpur,Maharashtra,2023-03-15
C1588,Divya Gupta,Male,24,Delhi,Delhi,2023-03-22
C1589,Sakshi Patel,Female,56,Aurangabad,Maharashtra,2023-10-03
C1590,Isha Kumar,Female,50,Prayagraj,Uttar Pradesh,2024-08-04
C1591,Arjun Mishra,Male,48,Gwalior,Madhya Pradesh,2023-11-25
C1592,Suresh Singh,Female,42,Mangaluru,Karnataka,2025-08-21
C1593,Ananya Yadav,Female,28,New Delhi,Delhi,2025-10-12
C1594,Ankit Chauhan,Female,63,Rajkot,Gujarat,2024-03-06
C1595,Nisha Sharma,Male,30,Varanasi,Uttar Pradesh,2025-12-30
C1596,Aarav Srivastava,Female,35,Pune,Maharashtra,2023-04-08
C1597,Nisha Singh,Male,62,Jodhpur,Rajasthan,2023-06-07
C1598,Yash Shah,Male,19,Surat,Gujarat,2024-01-16
C1599,Meera Patel,Female,24,Muzaffarpur,Bihar,2025-10-29
C1600,Isha Tiwari,Male,54,Ahmedabad,Gujarat,2024-07-05
C1601,Vikas Gupta,Male,35,Mangaluru,Karnataka,2025-02-12
C1602,Suresh Gupta,Male,45,Siliguri,West Bengal,2024-12-15
C1603,Pooja Kapoor,Male,45,Indore,Madhya Pradesh,2024-06-29
C1604,Aditi Kapoor,Female,57,Siliguri,West Bengal,2025-10-17
C1605,Isha Malhotra,Male,47,Muzaffarpur,Bihar,2025-11-11
C1606,Priya Sharma,Female,38,Warangal,Telangana,2024-05-05
C1607,Varun Yadav,Female,44,Faridabad,Haryana,2025-02-20
C1608,Tanya Saxena,Male,53,Kanpur,Uttar Pradesh,2024-11-14
C1609,Deepak Joshi,Female,36,Kolkata,West Bengal,2024-10-12
C1610,Mohit Joshi,Male,26,Bengaluru,Karnataka,2023-04-22
C1611,Rohit Yadav,Male,41,Coimbatore,Tamil Nadu,2023-08-18
C1612,Shivam Yadav,Male,65,Udaipur,Rajasthan,2025-12-20
C1613,Rakesh Tiwari,Male,23,Patna,Bihar,2023-09-25
C1614,Ayush Kapoor,Male,26,Muzaffarpur,Bihar,2024-12-14
C1615,Komal Kumar,Male,65,Nashik,Maharashtra,2025-09-25
C1616,Suresh Tiwari,Female,57,Kolkata,West Bengal,2024-10-21
C1617,Isha Mehta,Female,23,Durgapur,West Bengal,2023-08-24
C1618,Vikas Mishra,Female,28,New Delhi,Delhi,2025-07-30
C1619,Isha Agarwal,Female,51,Ghaziabad,Uttar Pradesh,2023-02-05
C1620,Meera Kapoor,Female,55,Lucknow,Uttar Pradesh,2025-03-02
C1621,Mohit Agarwal,Male,53,Siliguri,West Bengal,2023-10-19
C1622,Komal Mehta,Female,59,Coimbatore,Tamil Nadu,2024-12-02
C1623,Komal Kapoor,Male,42,Muzaffarpur,Bihar,2024-06-10
C1624,Simran Gupta,Female,60,Mysuru,Karnataka,2024-09-15
C1625,Komal Tiwari,Female,46,Muzaffarpur,Bihar,2024-02-23
C1626,Aditi Agarwal,Male,40,Mysuru,Karnataka,2024-08-02
C1627,Nikhil Jain,Female,48,Hyderabad,Telangana,2025-10-21
C1628,Vikas Malhotra,Female,38,Varanasi,Uttar Pradesh,2025-06-23
C1629,Divya Joshi,Female,47,Madurai,Tamil Nadu,2024-04-03
C1630,Tanya Jain,Male,58,Hyderabad,Telangana,2025-10-27
C1631,Komal Joshi,Female,63,Indore,Madhya Pradesh,2025-08-31
C1632,Rakesh Tiwari,Female,45,Hyderabad,Telangana,2024-11-17
C1633,Aarav Saxena,Male,18,Agra,Uttar Pradesh,2024-10-13
C1634,Deepak Saxena,Female,47,New Delhi,Delhi,2023-02-09
C1635,Vivek Yadav,Male,30,Noida,Uttar Pradesh,2023-08-21
C1636,Akash Jain,Female,29,Ghaziabad,Uttar Pradesh,2023-06-25
C1637,Manish Mehta,Male,60,Jaipur,Rajasthan,2025-07-28
C1638,Amit Sharma,Male,39,Siliguri,West Bengal,2023-10-24
C1639,Nisha Bansal,Male,55,Durgapur,West Bengal,2024-11-04
C1640,Manish Mishra,Female,35,Gurugram,Haryana,2025-08-07
C1641,Ayush Yadav,Female,47,Siliguri,West Bengal,2024-10-16
C1642,Kavya Yadav,Male,49,Hyderabad,Telangana,2025-05-04
C1643,Meera Yadav,Male,60,Prayagraj,Uttar Pradesh,2025-04-28
C1644,Shreya Mishra,Female,27,Nashik,Maharashtra,2024-05-04
C1645,Varun Joshi,Male,44,Rajkot,Gujarat,2025-10-06
C1646,Sanjay Mehta,Male,37,Panipat,Haryana,2025-09-22
C1647,Rakesh Yadav,Female,40,Kanpur,Uttar Pradesh,2024-01-05
C1648,Aditya Verma,Male,58,Chennai,Tamil Nadu,2025-06-16
C1649,Arjun Saxena,Female,24,Jodhpur,Rajasthan,2023-07-20
C1650,Simran Singh,Male,44,Lucknow,Uttar Pradesh,2023-05-03
C1651,Sakshi Shah,Female,36,Mangaluru,Karnataka,2024-08-03
C1652,Divya Shah,Female,61,Gurugram,Haryana,2024-10-25
C1653,Shreya Mehta,Male,28,Kota,Rajasthan,2024-09-30
C1654,Rahul Srivastava,Female,29,Nashik,Maharashtra,2025-05-24
C1655,Isha Joshi,Female,22,Gurugram,Haryana,2024-03-04
C1656,Manish Chauhan,Female,39,Delhi,Delhi,2025-06-04
C1657,Karan Srivastava,Male,18,Panipat,Haryana,2025-09-14
C1658,Sanjay Verma,Male,42,New Delhi,Delhi,2023-04-11
C1659,Varun Verma,Female,28,Ahmedabad,Gujarat,2024-05-06
C1660,Karan Mishra,Male,37,Mysuru,Karnataka,2023-09-03
C1661,Shreya Agarwal,Male,47,Nashik,Maharashtra,2024-12-19
C1662,Rohit Mehta,Male,50,Panipat,Haryana,2024-03-28
C1663,Deepak Verma,Female,20,Pune,Maharashtra,2023-11-05
C1664,Manish Verma,Male,25,Prayagraj,Uttar Pradesh,2023-10-03
C1665,Rakesh Agarwal,Male,33,New Delhi,Delhi,2024-01-24
C1666,Nikhil Malhotra,Female,42,Kolkata,West Bengal,2023-04-30
C1667,Vikas Malhotra,Male,60,Hyderabad,Telangana,2023-04-25
C1668,Rohit Chauhan,Male,24,Patna,Bihar,2024-11-19
C1669,Simran Verma,Male,21,New Delhi,Delhi,2025-10-29
C1670,Ayush Agarwal,Male,48,Mysuru,Karnataka,2024-07-09
C1671,Yash Chauhan,Other,64,Lucknow,Uttar Pradesh,2025-10-12
C1672,Sneha Malhotra,Male,57,Rajkot,Gujarat,2023-06-19
C1673,Isha Mehta,Female,45,Patna,Bihar,2025-12-01
C1674,Deepak Shah,Male,18,Udaipur,Rajasthan,2024-10-04
C1675,Deepak Singh,Male,45,Vadodara,Gujarat,2025-03-25
C1676,Tanya Srivastava,Male,39,Mangaluru,Karnataka,2023-03-09
C1677,Shreya Joshi,Female,39,Indore,Madhya Pradesh,2024-10-23
C1678,Isha Mehta,Male,41,Salem,Tamil Nadu,2024-02-24
C1679,Suresh Shah,Male,44,Lucknow,Uttar Pradesh,2025-09-10
C1680,Kavya Agarwal,Female,52,New Delhi,Delhi,2025-05-17
C1681,Yash Yadav,Male,27,Ghaziabad,Uttar Pradesh,2025-08-04
C1682,Tanya Bansal,Female,21,Nagpur,Maharashtra,2025-09-01
C1683,Simran Shah,Male,20,Varanasi,Uttar Pradesh,2025-02-28
C1684,Divya Sharma,Male,37,Bengaluru,Karnataka,2023-09-26
C1685,Riya Agarwal,Female,42,Vadodara,Gujarat,2023-11-06
C1686,Ananya Tiwari,Male,55,Delhi,Delhi,2025-07-30
C1687,Tanya Agarwal,Male,38,Mangaluru,Karnataka,2024-10-20
C1688,Shivam Jain,Male,43,Gaya,Bihar,2025-09-03
C1689,Priya Joshi,Male,64,Durgapur,West Bengal,2025-05-20
C1690,Nikhil Saxena,Female,53,Coimbatore,Tamil Nadu,2024-10-26
C1691,Deepak Malhotra,Male,51,Nagpur,Maharashtra,2023-06-16
C1692,Aditya Srivastava,Female,35,Gurugram,Haryana,2025-12-11
C1693,Aditi Kumar,Male,25,Thane,Maharashtra,2023-09-24
C1694,Sanjay Tiwari,Male,62,Delhi,Delhi,2023-09-27
C1695,Yash Tiwari,Male,44,Gwalior,Madhya Pradesh,2023-06-09
C1696,Arjun Shah,Female,21,Madurai,Tamil Nadu,2023-03-17
C1697,Suresh Joshi,Female,41,Kolkata,West Bengal,2024-02-15
C1698,Vikas Verma,Female,22,Vadodara,Gujarat,2025-07-12
C1699,Pooja Jain,Male,65,Kota,Rajasthan,2025-08-06
C1700,Komal Verma,Male,43,New Delhi,Delhi,2024-06-21
C1701,Meera Sharma,Female,55,Nagpur,Maharashtra,2023-12-11
C1702,Ayush Chauhan,Male,40,Delhi,Delhi,2024-01-15
C1703,Yash Yadav,Female,18,Kanpur,Uttar Pradesh,2025-10-03
C1704,Sneha Mehta,Male,48,Panipat,Haryana,2023-03-02
C1705,Rakesh Mishra,Male,49,Nashik,Maharashtra,2023-03-04
C1706,Aditya Agarwal,Male,28,Vadodara,Gujarat,2023-03-12
C1707,Sneha Agarwal,Male,52,Warangal,Telangana,2025-08-30
C1708,Shivam Mishra,Female,28,Warangal,Telangana,2023-04-10
C1709,Yash Joshi,Female,51,Hubballi,Karnataka,2025-10-27
C1710,Kavya Chauhan,Female,53,Hubballi,Karnataka,2023-07-21
C1711,Sneha Jain,Female,24,Patna,Bihar,2024-08-23
C1712,Arjun Chauhan,Male,32,Kota,Rajasthan,2025-11-28
C1713,Varun Malhotra,Female,25,Warangal,Telangana,2023-05-07
C1714,Yash Joshi,Male,52,Bhopal,Madhya Pradesh,2023-11-05
C1715,Isha Verma,Female,29,Hyderabad,Telangana,2025-03-07
C1716,Amit Singh,Male,48,Nagpur,Maharashtra,2025-06-13
C1717,Suresh Srivastava,Female,38,Vadodara,Gujarat,2025-09-20
C1718,Ayush Mehta,Female,21,Kanpur,Uttar Pradesh,2023-01-22
C1719,Ananya Jain,Female,60,Jodhpur,Rajasthan,2025-04-30
C1720,Vikas Saxena,Female,52,Muzaffarpur,Bihar,2023-12-19
C1721,Komal Mishra,Female,30,Coimbatore,Tamil Nadu,2024-09-02
C1722,Komal Bansal,Female,60,Mangaluru,Karnataka,2025-09-19
C1723,Meera Mishra,Female,52,Noida,Uttar Pradesh,2025-09-14
C1724,Ananya Tiwari,Male,57,Patna,Bihar,2023-07-22
C1725,Divya Yadav,Female,26,Prayagraj,Uttar Pradesh,2024-05-30
C1726,Nikhil Kumar,Male,18,Noida,Uttar Pradesh,2023-11-08
C1727,Vivek Malhotra,Female,20,Thane,Maharashtra,2024-11-04
C1728,Ayush Gupta,Female,43,Ghaziabad,Uttar Pradesh,2025-06-24
C1729,Aarav Tiwari,Male,55,Mysuru,Karnataka,2023-12-15
C1730,Nisha Malhotra,Female,61,Salem,Tamil Nadu,2023-05-13
C1731,Arjun Verma,Male,64,New Delhi,Delhi,2023-03-12
C1732,Riya Verma,Female,46,Ghaziabad,Uttar Pradesh,2023-02-28
C1733,Sameer Tiwari,Female,48,Lucknow,Uttar Pradesh,2024-02-06
C1734,Manish Joshi,Female,31,New Delhi,Delhi,2025-11-23
C1735,Rakesh Srivastava,Female,18,Kanpur,Uttar Pradesh,2023-10-03
C1736,Aarav Kumar,Male,27,Kota,Rajasthan,2024-03-19
C1737,Aditya Tiwari,Male,20,Mumbai,Maharashtra,2025-01-09
C1738,Manish Shah,Female,50,Delhi,Delhi,2024-12-21
C1739,Rohit Malhotra,Male,42,Bengaluru,Karnataka,2023-10-23
C1740,Varun Agarwal,Male,55,Mysuru,Karnataka,2023-05-20
C1741,Simran Singh,Male,25,Varanasi,Uttar Pradesh,2023-06-21
C1742,Aditi Chauhan,Male,61,Lucknow,Uttar Pradesh,2023-08-30
C1743,Deepak Chauhan,Other,52,Faridabad,Haryana,2023-04-05
C1744,Kavya Agarwal,Male,61,Ghaziabad,Uttar Pradesh,2024-05-18
C1745,Aditi Tiwari,Male,49,Salem,Tamil Nadu,2024-12-08
C1746,Mohit Gupta,Female,34,Chennai,Tamil Nadu,2025-01-09
C1747,Priya Gupta,Female,48,Delhi,Delhi,2025-09-22
C1748,Vikas Singh,Male,46,Mangaluru,Karnataka,2023-11-18
C1749,Priya Agarwal,Female,26,Hyderabad,Telangana,2024-12-17
C1750,Aditi Singh,Male,22,Faridabad,Haryana,2025-08-26
C1751,Rahul Agarwal,Female,49,Nashik,Maharashtra,2023-02-01
C1752,Arjun Kumar,Male,22,Delhi,Delhi,2025-05-05
C1753,Vivek Kapoor,Male,22,Pune,Maharashtra,2023-04-07
C1754,Sameer Saxena,Male,21,Mysuru,Karnataka,2024-08-26
C1755,Akash Malhotra,Female,47,Udaipur,Rajasthan,2025-06-28
C1756,Varun Verma,Male,62,Thane,Maharashtra,2024-05-17
C1757,Riya Bansal,Male,41,New Delhi,Delhi,2024-11-09
C1758,Sameer Verma,Female,25,Indore,Madhya Pradesh,2024-09-24
C1759,Shivam Bansal,Male,42,Varanasi,Uttar Pradesh,2025-03-12
C1760,Aarav Mehta,Female,41,Hubballi,Karnataka,2025-07-29
C1761,Rahul Agarwal,Male,46,Kolkata,West Bengal,2023-05-28
C1762,Aditi Singh,Male,38,Lucknow,Uttar Pradesh,2024-03-31
C1763,Varun Saxena,Male,43,Prayagraj,Uttar Pradesh,2025-07-22
C1764,Nikhil Tiwari,Male,33,Varanasi,Uttar Pradesh,2024-02-22
C1765,Komal Malhotra,Male,61,Gwalior,Madhya Pradesh,2024-06-19
C1766,Sakshi Chauhan,Female,43,Prayagraj,Uttar Pradesh,2025-03-23
C1767,Sameer Tiwari,Female,32,Aurangabad,Maharashtra,2025-10-21
C1768,Aditya Gupta,Male,18,Lucknow,Uttar Pradesh,2023-10-03
C1769,Shivam Kapoor,Male,50,Lucknow,Uttar Pradesh,2025-02-16
C1770,Vivek Mishra,Female,36,Ahmedabad,Gujarat,2023-02-03
C1771,Ankit Patel,Male,29,Mumbai,Maharashtra,2025-08-01
C1772,Neha Gupta,Female,41,Rajkot,Gujarat,2024-02-26
C1773,Manish Chauhan,Female,41,Vadodara,Gujarat,2023-11-06
C1774,Sneha Kapoor,Male,56,Gurugram,Haryana,2024-07-30
C1775,Simran Yadav,Female,44,Lucknow,Uttar Pradesh,2024-09-22
C1776,Shivam Agarwal,Female,51,Gurugram,Haryana,2024-08-13
C1777,Yash Jain,Female,49,Surat,Gujarat,2023-03-02
C1778,Ankit Kapoor,Female,58,Nagpur,Maharashtra,2025-06-19
C1779,Varun Tiwari,Male,18,Kolkata,West Bengal,2024-01-10
C1780,Vikas Mishra,Female,36,Panipat,Haryana,2023-06-04
C1781,Rahul Patel,Male,52,Pune,Maharashtra,2024-09-11
C1782,Akash Mehta,Male,24,Bhopal,Madhya Pradesh,2024-11-12
C1783,Nisha Agarwal,Other,39,Mysuru,Karnataka,2023-04-24
C1784,Ananya Shah,Male,37,Surat,Gujarat,2025-10-29
C1785,Sakshi Kumar,Female,56,Muzaffarpur,Bihar,2024-10-19
C1786,Sanjay Gupta,Female,64,Delhi,Delhi,2025-12-27
C1787,Arjun Jain,Female,23,Hyderabad,Telangana,2025-01-04
C1788,Neha Tiwari,Female,28,New Delhi,Delhi,2023-01-12
C1789,Akash Mishra,Female,55,Hyderabad,Telangana,2023-08-17
C1790,Suresh Verma,Other,26,Surat,Gujarat,2025-11-30
C1791,Aditya Kapoor,Female,41,Nashik,Maharashtra,2024-09-04
C1792,Komal Tiwari,Female,63,Mysuru,Karnataka,2023-05-14
C1793,Ananya Patel,Female,64,New Delhi,Delhi,2023-03-23
C1794,Suresh Sharma,Male,63,Kanpur,Uttar Pradesh,2024-08-10
C1795,Pooja Malhotra,Male,24,Kanpur,Uttar Pradesh,2024-10-12
C1796,Vikas Jain,Male,25,New Delhi,Delhi,2023-09-27
C1797,Ankit Malhotra,Male,26,Kanpur,Uttar Pradesh,2023-08-02
C1798,Aditi Yadav,Male,54,Thane,Maharashtra,2024-10-25
C1799,Komal Sharma,Female,26,Kolkata,West Bengal,2024-04-21
C1800,Ananya Mishra,Female,38,Jaipur,Rajasthan,2023-02-10
C1801,Aditya Kapoor,Female,57,Siliguri,West Bengal,2023-03-05
C1802,Arjun Agarwal,Female,41,Delhi,Delhi,2023-09-18
C1803,Komal Verma,Female,63,Gurugram,Haryana,2024-09-09
C1804,Sakshi Patel,Female,41,Ahmedabad,Gujarat,2023-11-26
C1805,Varun Bansal,Female,36,Varanasi,Uttar Pradesh,2023-01-17
C1806,Yash Kumar,Male,64,Kanpur,Uttar Pradesh,2025-09-29
C1807,Pooja Malhotra,Female,44,Udaipur,Rajasthan,2025-01-29
C1808,Nikhil Malhotra,Male,26,Mumbai,Maharashtra,2024-10-01
C1809,Sanjay Agarwal,Male,48,Chennai,Tamil Nadu,2023-09-25
C1810,Ananya Chauhan,Male,55,Gaya,Bihar,2025-02-14
C1811,Yash Srivastava,Female,58,Kanpur,Uttar Pradesh,2025-11-02
C1812,Kavya Mishra,Female,18,Prayagraj,Uttar Pradesh,2025-01-10
C1813,Manish Sharma,Male,23,Gaya,Bihar,2023-11-20
C1814,Ayush Mishra,Female,48,Surat,Gujarat,2024-03-05
C1815,Aditya Verma,Male,53,Lucknow,Uttar Pradesh,2025-10-14
C1816,Rahul Shah,Male,49,Gurugram,Haryana,2023-01-16
C1817,Mohit Tiwari,Male,36,Panipat,Haryana,2023-08-31
C1818,Amit Srivastava,Male,54,Chennai,Tamil Nadu,2023-04-28
C1819,Suresh Mishra,Female,45,Vadodara,Gujarat,2024-12-03
C1820,Varun Jain,Male,62,Thane,Maharashtra,2024-05-17
C1821,Tanya Sharma,Male,35,Ghaziabad,Uttar Pradesh,2023-05-26
C1822,Aditi Shah,Male,54,Surat,Gujarat,2025-10-27
C1823,Komal Singh,Female,24,New Delhi,Delhi,2024-08-27
C1824,Vikas Tiwari,Other,53,Kota,Rajasthan,2023-09-30
C1825,Priya Srivastava,Female,53,Warangal,Telangana,2025-11-01
C1826,Varun Verma,Female,30,Kanpur,Uttar Pradesh,2025-02-03
C1827,Ankit Malhotra,Female,20,Vadodara,Gujarat,2023-05-23
C1828,Aarav Mehta,Male,65,Pune,Maharashtra,2025-06-24
C1829,Shivam Saxena,Male,21,Panipat,Haryana,2023-03-06
C1830,Varun Patel,Female,40,Thane,Maharashtra,2025-09-19
C1831,Kavya Gupta,Male,18,Surat,Gujarat,2024-03-06
C1832,Amit Joshi,Male,38,Coimbatore,Tamil Nadu,2023-11-18
C1833,Tanya Singh,Male,57,Mysuru,Karnataka,2023-02-28
C1834,Sneha Mehta,Male,42,Jaipur,Rajasthan,2025-10-16
C1835,Ayush Verma,Male,29,Kolkata,West Bengal,2024-09-04
C1836,Kavya Malhotra,Male,36,Rajkot,Gujarat,2024-10-27
C1837,Kavya Saxena,Male,22,Siliguri,West Bengal,2025-07-20
C1838,Mohit Kumar,Female,46,Patna,Bihar,2024-07-10
C1839,Amit Jain,Female,18,Bengaluru,Karnataka,2023-11-14
C1840,Nikhil Kapoor,Male,34,Coimbatore,Tamil Nadu,2025-05-02
C1841,Priya Gupta,Male,20,Ghaziabad,Uttar Pradesh,2024-08-03
C1842,Divya Mehta,Male,29,Hyderabad,Telangana,2023-09-19
C1843,Meera Malhotra,Male,21,Salem,Tamil Nadu,2025-07-13
C1844,Rakesh Agarwal,Male,62,Mysuru,Karnataka,2025-06-08
C1845,Rohit Saxena,Male,55,Prayagraj,Uttar Pradesh,2023-09-28
C1846,Divya Shah,Female,62,Panipat,Haryana,2024-12-12
C1847,Manish Joshi,Female,50,Bengaluru,Karnataka,2025-10-05
C1848,Suresh Kumar,Female,41,Jaipur,Rajasthan,2025-05-25
C1849,Deepak Sharma,Female,26,Ghaziabad,Uttar Pradesh,2023-08-06
C1850,Aarav Singh,Female,64,Muzaffarpur,Bihar,2025-07-26
C1851,Sneha Tiwari,Female,62,Mumbai,Maharashtra,2023-03-03
C1852,Nikhil Srivastava,Female,37,Nashik,Maharashtra,2024-11-06
C1853,Suresh Saxena,Female,28,Panipat,Haryana,2024-07-13
C1854,Suresh Gupta,Female,36,Gwalior,Madhya Pradesh,2023-02-10
C1855,Rahul Shah,Female,36,Pune,Maharashtra,2025-03-05
C1856,Sanjay Bansal,Female,62,Hubballi,Karnataka,2023-11-23
C1857,Ananya Malhotra,Male,21,Siliguri,West Bengal,2025-07-22
C1858,Yash Kumar,Male,48,Panipat,Haryana,2025-08-19
C1859,Nikhil Srivastava,Male,54,New Delhi,Delhi,2024-10-08
C1860,Aarav Gupta,Male,54,Madurai,Tamil Nadu,2024-11-17
C1861,Vivek Gupta,Male,27,Kolkata,West Bengal,2023-02-27
C1862,Sneha Tiwari,Male,37,Siliguri,West Bengal,2025-09-01
C1863,Priya Patel,Male,34,Hyderabad,Telangana,2025-01-16
C1864,Nisha Agarwal,Female,37,Surat,Gujarat,2024-02-26
C1865,Neha Mehta,Male,22,Prayagraj,Uttar Pradesh,2023-04-04
C1866,Simran Chauhan,Male,21,Bhopal,Madhya Pradesh,2024-07-06
C1867,Ankit Kumar,Male,19,Gurugram,Haryana,2025-09-13
C1868,Manish Bansal,Male,64,Hyderabad,Telangana,2025-08-02
C1869,Riya Mishra,Female,38,Kanpur,Uttar Pradesh,2023-04-19
C1870,Manish Kumar,Female,28,Thane,Maharashtra,2025-04-14
C1871,Meera Jain,Male,56,Kolkata,West Bengal,2023-03-31
C1872,Nikhil Shah,Female,41,Noida,Uttar Pradesh,2024-02-18
C1873,Karan Verma,Male,35,Gaya,Bihar,2024-05-04
C1874,Simran Jain,Female,23,Delhi,Delhi,2023-01-25
C1875,Karan Joshi,Female,36,Siliguri,West Bengal,2023-05-31
C1876,Riya Mehta,Female,49,Gurugram,Haryana,2025-08-21
C1877,Divya Kapoor,Male,47,Bengaluru,Karnataka,2024-11-20
C1878,Deepak Saxena,Female,36,Delhi,Delhi,2025-05-11
C1879,Nikhil Jain,Female,47,Rajkot,Gujarat,2024-09-17
C1880,Neha Jain,Female,54,Ahmedabad,Gujarat,2024-05-06
C1881,Shivam Patel,Male,62,Bengaluru,Karnataka,2023-01-20
C1882,Arjun Mehta,Male,43,Ahmedabad,Gujarat,2025-04-23
C1883,Karan Kumar,Male,28,Bhopal,Madhya Pradesh,2023-08-12
C1884,Yash Mishra,Male,24,Hubballi,Karnataka,2024-06-21
C1885,Sakshi Gupta,Female,25,Mumbai,Maharashtra,2024-03-27
C1886,Meera Agarwal,Male,18,Delhi,Delhi,2025-08-11
C1887,Arjun Chauhan,Male,44,Bengaluru,Karnataka,2023-06-28
C1888,Manish Mehta,Female,28,Prayagraj,Uttar Pradesh,2023-04-26
C1889,Rohit Jain,Female,28,Pune,Maharashtra,2023-08-19
C1890,Sakshi Mehta,Other,52,Kota,Rajasthan,2023-06-21
C1891,Amit Malhotra,Female,33,New Delhi,Delhi,2025-07-15
C1892,Ananya Jain,Female,57,Patna,Bihar,2023-10-13
C1893,Mohit Jain,Female,24,Pune,Maharashtra,2024-02-01
C1894,Akash Kapoor,Male,34,Prayagraj,Uttar Pradesh,2023-10-09
C1895,Nikhil Singh,Male,20,Siliguri,West Bengal,2025-06-11
C1896,Aarav Shah,Female,43,Faridabad,Haryana,2024-12-28
C1897,Shivam Shah,Male,23,Thane,Maharashtra,2024-06-02
C1898,Sneha Bansal,Male,29,Nashik,Maharashtra,2025-05-24
C1899,Ankit Chauhan,Female,53,Nashik,Maharashtra,2023-03-19
C1900,Simran Bansal,Male,60,Coimbatore,Tamil Nadu,2025-01-12
C1901,Nisha Shah,Male,44,Bengaluru,Karnataka,2024-01-31
C1902,Sameer Gupta,Male,64,Mumbai,Maharashtra,2024-02-20
C1903,Shreya Mehta,Male,54,Noida,Uttar Pradesh,2023-06-23
C1904,Rahul Saxena,Female,54,Madurai,Tamil Nadu,2023-04-17
C1905,Shreya Tiwari,Male,65,Gaya,Bihar,2025-01-29
C1906,Aditya Saxena,Male,22,Udaipur,Rajasthan,2025-07-19
C1907,Kavya Gupta,Male,29,Salem,Tamil Nadu,2025-09-24
C1908,Kavya Kapoor,Female,38,Lucknow,Uttar Pradesh,2025-04-15
C1909,Ankit Srivastava,Male,47,Aurangabad,Maharashtra,2023-05-02
C1910,Shreya Malhotra,Male,65,Delhi,Delhi,2025-05-02
C1911,Tanya Malhotra,Female,22,Siliguri,West Bengal,2024-09-11
C1912,Arjun Shah,Male,29,Faridabad,Haryana,2025-08-01
C1913,Mohit Joshi,Female,32,Indore,Madhya Pradesh,2023-03-16
C1914,Sanjay Yadav,Male,50,Patna,Bihar,2025-04-30
C1915,Kavya Singh,Male,63,Patna,Bihar,2024-05-26
C1916,Kavya Saxena,Male,63,Gaya,Bihar,2024-09-14
C1917,Shivam Tiwari,Female,53,Agra,Uttar Pradesh,2024-08-13
C1918,Komal Srivastava,Male,55,Lucknow,Uttar Pradesh,2025-02-21
C1919,Deepak Mishra,Male,37,New Delhi,Delhi,2024-10-17
C1920,Akash Singh,Female,47,Chennai,Tamil Nadu,2024-03-31
C1921,Isha Yadav,Male,26,Varanasi,Uttar Pradesh,2024-04-21
C1922,Aarav Saxena,Female,42,Panipat,Haryana,2023-03-19
C1923,Riya Malhotra,Other,32,Vadodara,Gujarat,2025-03-04
C1924,Shivam Chauhan,Female,62,Chennai,Tamil Nadu,2025-02-11
C1925,Arjun Mishra,Male,35,Mumbai,Maharashtra,2024-09-12
C1926,Manish Mehta,Male,36,Mumbai,Maharashtra,2025-03-01
C1927,Riya Bansal,Female,37,Thane,Maharashtra,2023-10-22
C1928,Rohit Verma,Male,61,Panipat,Haryana,2023-09-02
C1929,Rohit Chauhan,Male,62,Surat,Gujarat,2025-10-09
C1930,Sakshi Mehta,Female,38,Kolkata,West Bengal,2025-11-10
C1931,Deepak Sharma,Female,65,New Delhi,Delhi,2025-07-22
C1932,Divya Sharma,Male,54,Delhi,Delhi,2023-02-27
C1933,Pooja Srivastava,Male,58,Bengaluru,Karnataka,2024-08-23
C1934,Nisha Joshi,Female,61,Durgapur,West Bengal,2025-03-16
C1935,Ankit Bansal,Female,33,Siliguri,West Bengal,2023-02-10
C1936,Shivam Bansal,Female,44,Mumbai,Maharashtra,2025-11-26
C1937,Kavya Jain,Male,31,Gwalior,Madhya Pradesh,2025-05-11
C1938,Neha Bansal,Male,32,Agra,Uttar Pradesh,2023-12-05
C1939,Nikhil Tiwari,Male,40,Panipat,Haryana,2024-07-08
C1940,Deepak Gupta,Male,20,Noida,Uttar Pradesh,2025-09-26
C1941,Sneha Bansal,Female,28,Nagpur,Maharashtra,2025-07-23
C1942,Shreya Mishra,Male,56,Faridabad,Haryana,2025-06-23
C1943,Aarav Mishra,Male,25,Nashik,Maharashtra,2025-12-13
C1944,Pooja Jain,Female,47,Bengaluru,Karnataka,2025-03-25
C1945,Rakesh Srivastava,Male,54,Mangaluru,Karnataka,2025-10-21
C1946,Vikas Sharma,Male,30,Aurangabad,Maharashtra,2025-11-10
C1947,Arjun Jain,Female,39,Durgapur,West Bengal,2023-01-22
C1948,Sameer Malhotra,Male,60,Gurugram,Haryana,2024-12-17
C1949,Kavya Kumar,Female,58,Panipat,Haryana,2024-01-01
C1950,Meera Bansal,Male,62,Delhi,Delhi,2024-06-25
C1951,Aditya Tiwari,Male,48,Chennai,Tamil Nadu,2023-07-03
C1952,Sakshi Singh,Female,60,Mumbai,Maharashtra,2025-01-09
C1953,Tanya Gupta,Male,37,Aurangabad,Maharashtra,2025-07-03
C1954,Karan Chauhan,Female,46,Pune,Maharashtra,2024-03-26
C1955,Rahul Gupta,Male,50,Indore,Madhya Pradesh,2025-02-03
C1956,Rahul Singh,Female,64,Faridabad,Haryana,2023-12-22
C1957,Manish Chauhan,Male,35,Siliguri,West Bengal,2025-03-31
C1958,Kavya Srivastava,Female,59,Madurai,Tamil Nadu,2023-04-01
C1959,Riya Malhotra,Female,42,Madurai,Tamil Nadu,2025-08-21
C1960,Sneha Mehta,Male,23,Salem,Tamil Nadu,2024-02-18
C1961,Aditi Tiwari,Male,49,Salem,Tamil Nadu,2024-07-06
C1962,Priya Malhotra,Female,65,Bengaluru,Karnataka,2025-05-29
C1963,Rohit Malhotra,Female,39,Noida,Uttar Pradesh,2023-02-02
C1964,Mohit Saxena,Male,44,Noida,Uttar Pradesh,2025-11-01
C1965,Divya Malhotra,Female,62,Gaya,Bihar,2024-11-03
C1966,Sakshi Shah,Male,62,Coimbatore,Tamil Nadu,2025-12-03
C1967,Aarav Agarwal,Male,37,Muzaffarpur,Bihar,2024-08-26
C1968,Aditi Shah,Female,54,Nagpur,Maharashtra,2023-08-15
C1969,Shreya Shah,Male,48,Chennai,Tamil Nadu,2024-09-29
C1970,Varun Agarwal,Male,49,Aurangabad,Maharashtra,2024-09-17
C1971,Manish Jain,Female,52,Pune,Maharashtra,2025-10-05
C1972,Isha Saxena,Female,33,Ghaziabad,Uttar Pradesh,2024-09-22
C1973,Vivek Jain,Male,32,Prayagraj,Uttar Pradesh,2024-03-20
C1974,Vikas Sharma,Male,19,Gwalior,Madhya Pradesh,2023-07-12
C1975,Ayush Yadav,Male,59,Delhi,Delhi,2023-12-23
C1976,Neha Verma,Female,31,Ahmedabad,Gujarat,2024-02-09
C1977,Rahul Bansal,Male,50,Mangaluru,Karnataka,2024-02-02
C1978,Pooja Jain,Female,50,Mysuru,Karnataka,2023-01-16
C1979,Akash Yadav,Female,51,Madurai,Tamil Nadu,2025-10-28
C1980,Vivek Saxena,Female,59,Thane,Maharashtra,2025-07-05
C1981,Ananya Sharma,Male,59,Gaya,Bihar,2023-10-07
C1982,Yash Gupta,Male,18,Hyderabad,Telangana,2023-05-31
C1983,Rohit Saxena,Male,58,Durgapur,West Bengal,2025-07-03
C1984,Vikas Mehta,Male,27,Mangaluru,Karnataka,2025-07-05
C1985,Neha Bansal,Male,48,Ghaziabad,Uttar Pradesh,2025-09-09
C1986,Shreya Saxena,Female,50,Indore,Madhya Pradesh,2024-08-22
C1987,Rahul Tiwari,Male,20,Delhi,Delhi,2025-03-16
C1988,Varun Singh,Male,31,Kanpur,Uttar Pradesh,2025-03-09
C1989,Kavya Bansal,Female,61,New Delhi,Delhi,2023-08-24
C1990,Ananya Kapoor,Other,24,Warangal,Telangana,2024-07-27
C1991,Meera Verma,Male,29,Surat,Gujarat,2023-10-13
C1992,Riya Tiwari,Female,21,Kolkata,West Bengal,2025-04-05
C1993,Simran Jain,Female,26,Warangal,Telangana,2025-11-29
C1994,Aarav Srivastava,Male,48,Aurangabad,Maharashtra,2023-03-25
C1995,Simran Joshi,Female,58,Indore,Madhya Pradesh,2023-03-25
C1996,Sanjay Shah,Male,46,Mysuru,Karnataka,2023-10-17
C1997,Aarav Gupta,Male,31,Ahmedabad,Gujarat,2023-05-09
C1998,Arjun Tiwari,Male,59,Noida,Uttar Pradesh,2023-01-10
C1999,Aditi Mehta,Male,35,Gaya,Bihar,2025-12-07
C2000,Mohit Sharma,Female,33,Pune,Maharashtra,2024-09-29
C2001,Rakesh Sharma,Female,42,Prayagraj,Uttar Pradesh,2025-04-30
C2002,Ankit Bansal,Male,24,Bengaluru,Karnataka,2024-09-11
C2003,Vikas Gupta,Female,35,Varanasi,Uttar Pradesh,2025-03-28
C2004,Simran Mehta,Male,56,Agra,Uttar Pradesh,2025-01-21
C2005,Nikhil Malhotra,Male,47,Vadodara,Gujarat,2023-06-25
C2006,Meera Yadav,Female,65,Bengaluru,Karnataka,2023-06-14
C2007,Kavya Mehta,Male,55,Bhopal,Madhya Pradesh,2024-06-19
C2008,Sameer Verma,Female,35,Delhi,Delhi,2024-02-11
C2009,Isha Tiwari,Male,54,Siliguri,West Bengal,2025-07-09
C2010,Rahul Srivastava,Female,59,Hubballi,Karnataka,2023-12-02
C2011,Meera Yadav,Male,48,Udaipur,Rajasthan,2023-12-27
C2012,Kavya Shah,Male,54,Surat,Gujarat,2024-08-02
C2013,Vikas Shah,Female,42,Bengaluru,Karnataka,2023-07-31
C2014,Kavya Chauhan,Female,61,Patna,Bihar,2025-07-29
C2015,Rohit Agarwal,Male,29,New Delhi,Delhi,2023-01-12
C2016,Aarav Mehta,Female,38,Nagpur,Maharashtra,2025-07-17
C2017,Sameer Tiwari,Male,30,Kota,Rajasthan,2024-11-12
C2018,Isha Gupta,Male,22,Panipat,Haryana,2025-08-30
C2019,Aditya Mehta,Male,47,Lucknow,Uttar Pradesh,2023-11-18
C2020,Aditi Kumar,Female,23,Mangaluru,Karnataka,2025-09-12
C2021,Priya Joshi,Female,28,Faridabad,Haryana,2025-08-03
C2022,Isha Agarwal,Female,54,Kolkata,West Bengal,2024-05-15
C2023,Suresh Chauhan,Female,29,Gaya,Bihar,2023-11-07
C2024,Priya Jain,Male,59,Madurai,Tamil Nadu,2023-08-04
C2025,Mohit Kumar,Male,20,Jaipur,Rajasthan,2023-06-15
C2026,Akash Saxena,Male,39,New Delhi,Delhi,2024-09-30
C2027,Aditi Saxena,Female,21,Gwalior,Madhya Pradesh,2025-11-17
C2028,Isha Malhotra,Male,20,New Delhi,Delhi,2024-09-11
C2029,Tanya Kapoor,Female,55,Siliguri,West Bengal,2025-11-22
C2030,Suresh Yadav,Female,21,Bengaluru,Karnataka,2025-04-07
C2031,Sakshi Joshi,Female,60,Ahmedabad,Gujarat,2025-01-20
C2032,Nisha Sharma,Male,46,Durgapur,West Bengal,2025-03-04
C2033,Rakesh Gupta,Male,41,Madurai,Tamil Nadu,2025-10-13
C2034,Tanya Tiwari,Female,62,Indore,Madhya Pradesh,2025-07-28
C2035,Aarav Kapoor,Female,36,Mysuru,Karnataka,2023-06-27
C2036,Sanjay Verma,Male,37,Jaipur,Rajasthan,2024-10-02
C2037,Vivek Kumar,Female,37,New Delhi,Delhi,2024-05-19
C2038,Isha Tiwari,Female,49,Bengaluru,Karnataka,2025-08-20
C2039,Suresh Kumar,Male,58,Mangaluru,Karnataka,2023-08-12
C2040,Arjun Yadav,Female,44,Agra,Uttar Pradesh,2025-06-16
C2041,Akash Gupta,Male,31,Varanasi,Uttar Pradesh,2024-06-08
C2042,Rohit Sharma,Female,60,Jodhpur,Rajasthan,2025-10-17
C2043,Kavya Mishra,Male,46,Jodhpur,Rajasthan,2025-05-16
C2044,Tanya Chauhan,Male,57,Jaipur,Rajasthan,2024-01-13
C2045,Yash Mishra,Male,38,Lucknow,Uttar Pradesh,2025-07-14
C2046,Riya Shah,Female,27,New Delhi,Delhi,2023-07-25
C2047,Ankit Kapoor,Other,63,Nagpur,Maharashtra,2024-07-08
C2048,Rakesh Mehta,Male,50,Durgapur,West Bengal,2024-03-02
C2049,Rakesh Kapoor,Male,32,Gurugram,Haryana,2023-05-18
C2050,Suresh Malhotra,Male,58,Pune,Maharashtra,2025-12-24
C2051,Meera Joshi,Male,18,Kota,Rajasthan,2023-02-12
C2052,Mohit Joshi,Female,62,Ghaziabad,Uttar Pradesh,2024-10-07
C2053,Karan Bansal,Male,45,Aurangabad,Maharashtra,2023-11-21
C2054,Rohit Kapoor,Female,46,Kanpur,Uttar Pradesh,2023-08-20
C2055,Divya Bansal,Female,18,Mumbai,Maharashtra,2024-03-01
C2056,Vivek Kumar,Male,26,Jaipur,Rajasthan,2024-12-31
C2057,Mohit Malhotra,Female,52,Indore,Madhya Pradesh,2023-12-20
C2058,Ankit Kapoor,Other,44,Aurangabad,Maharashtra,2025-03-01
C2059,Pooja Yadav,Female,24,Salem,Tamil Nadu,2024-05-05
C2060,Rakesh Srivastava,Female,49,Kota,Rajasthan,2025-05-09
C2061,Simran Mishra,Male,53,Muzaffarpur,Bihar,2024-05-01
C2062,Nisha Verma,Male,31,Surat,Gujarat,2024-02-05
C2063,Tanya Srivastava,Female,51,Nagpur,Maharashtra,2024-07-09
C2064,Ayush Verma,Male,64,Rajkot,Gujarat,2025-01-21
C2065,Rohit Jain,Female,41,Delhi,Delhi,2024-05-23
C2066,Pooja Agarwal,Female,29,Gaya,Bihar,2025-09-19
C2067,Shivam Srivastava,Male,64,Hubballi,Karnataka,2024-07-19
C2068,Rakesh Patel,Male,61,Jodhpur,Rajasthan,2023-11-21
C2069,Yash Malhotra,Male,39,Kanpur,Uttar Pradesh,2023-01-31
C2070,Deepak Bansal,Female,38,Hubballi,Karnataka,2024-03-05
C2071,Mohit Joshi,Male,58,Faridabad,Haryana,2023-03-01
C2072,Sneha Tiwari,Male,18,Rajkot,Gujarat,2023-02-09
C2073,Komal Saxena,Female,32,Mysuru,Karnataka,2024-02-11
C2074,Rahul Jain,Female,44,Indore,Madhya Pradesh,2023-11-14
C2075,Nisha Chauhan,Female,49,Gurugram,Haryana,2025-08-27
C2076,Divya Shah,Female,48,Delhi,Delhi,2025-03-10
C2077,Shreya Sharma,Male,35,Coimbatore,Tamil Nadu,2025-05-15
C2078,Sanjay Yadav,Other,59,Coimbatore,Tamil Nadu,2024-08-20
C2079,Kavya Joshi,Female,49,Vadodara,Gujarat,2023-05-01
C2080,Aarav Gupta,Male,43,New Delhi,Delhi,2025-07-20
C2081,Pooja Mehta,Male,63,Mumbai,Maharashtra,2024-06-25
C2082,Ananya Agarwal,Male,22,Gwalior,Madhya Pradesh,2024-04-14
C2083,Manish Shah,Female,52,Bhopal,Madhya Pradesh,2024-10-24
C2084,Manish Sharma,Female,62,Faridabad,Haryana,2023-06-29
C2085,Riya Saxena,Female,49,Patna,Bihar,2024-06-10
C2086,Sakshi Agarwal,Female,45,Siliguri,West Bengal,2024-10-25
C2087,Priya Kumar,Male,35,Siliguri,West Bengal,2025-02-02
C2088,Isha Jain,Female,31,Siliguri,West Bengal,2024-07-01
C2089,Sakshi Patel,Female,44,Chennai,Tamil Nadu,2025-12-28
C2090,Tanya Joshi,Female,61,Mangaluru,Karnataka,2025-12-20
C2091,Aarav Shah,Male,40,Nashik,Maharashtra,2023-04-16
C2092,Sakshi Sharma,Female,23,Jodhpur,Rajasthan,2023-04-01
C2093,Neha Srivastava,Female,41,Mumbai,Maharashtra,2024-07-18
C2094,Mohit Patel,Male,22,Aurangabad,Maharashtra,2025-06-25
C2095,Divya Singh,Female,62,Vadodara,Gujarat,2024-07-15
C2096,Manish Bansal,Male,43,Mangaluru,Karnataka,2023-08-26
C2097,Aditya Malhotra,Male,28,Thane,Maharashtra,2024-09-07
C2098,Yash Joshi,Female,47,Warangal,Telangana,2025-10-29
C2099,Shivam Jain,Male,43,Gurugram,Haryana,2023-07-02
C2100,Akash Jain,Female,42,Nagpur,Maharashtra,2024-05-02
C2101,Ankit Shah,Female,46,Ghaziabad,Uttar Pradesh,2024-11-30
C2102,Varun Singh,Male,62,New Delhi,Delhi,2024-03-06
C2103,Divya Yadav,Male,59,Warangal,Telangana,2023-02-18
C2104,Mohit Chauhan,Male,30,Hyderabad,Telangana,2025-01-03
C2105,Pooja Malhotra,Male,29,Kanpur,Uttar Pradesh,2025-03-22
C2106,Sanjay Jain,Female,65,Siliguri,West Bengal,2024-12-18
C2107,Tanya Verma,Male,48,Varanasi,Uttar Pradesh,2024-12-27
C2108,Aditi Kapoor,Female,18,Bengaluru,Karnataka,2024-12-20
C2109,Shivam Yadav,Male,43,Patna,Bihar,2023-12-28
C2110,Ankit Gupta,Male,23,Nashik,Maharashtra,2023-01-19
C2111,Karan Gupta,Female,19,Lucknow,Uttar Pradesh,2025-12-18
C2112,Deepak Kapoor,Male,26,Hubballi,Karnataka,2023-08-12
C2113,Sneha Joshi,Female,30,Rajkot,Gujarat,2025-06-26
C2114,Ankit Singh,Female,21,Indore,Madhya Pradesh,2024-08-15
C2115,Sameer Kumar,Female,58,Gaya,Bihar,2024-08-13
C2116,Tanya Joshi,Male,39,Kanpur,Uttar Pradesh,2023-01-23
C2117,Varun Mehta,Male,44,Kanpur,Uttar Pradesh,2025-12-20
C2118,Neha Malhotra,Other,59,Warangal,Telangana,2024-08-01
C2119,Yash Gupta,Male,58,Pune,Maharashtra,2025-06-27
C2120,Ankit Kapoor,Female,57,Gurugram,Haryana,2025-05-01
C2121,Amit Tiwari,Female,27,Jodhpur,Rajasthan,2023-06-01
C2122,Deepak Joshi,Female,53,Ghaziabad,Uttar Pradesh,2025-11-03
C2123,Arjun Gupta,Female,65,Hyderabad,Telangana,2024-10-09
C2124,Sanjay Malhotra,Other,18,Nagpur,Maharashtra,2023-07-22
C2125,Shreya Mishra,Male,59,Mangaluru,Karnataka,2024-09-28
C2126,Vivek Sharma,Female,59,Chennai,Tamil Nadu,2024-11-05
C2127,Ankit Mishra,Female,58,Coimbatore,Tamil Nadu,2024-12-15
C2128,Sameer Tiwari,Male,37,Jaipur,Rajasthan,2023-12-19
C2129,Karan Jain,Female,27,Kota,Rajasthan,2025-10-27
C2130,Yash Srivastava,Male,53,Muzaffarpur,Bihar,2023-09-17
C2131,Isha Shah,Male,47,Muzaffarpur,Bihar,2024-06-22
C2132,Meera Shah,Female,52,Chennai,Tamil Nadu,2025-07-07
C2133,Neha Sharma,Female,30,Varanasi,Uttar Pradesh,2023-03-26
C2134,Rakesh Joshi,Male,26,Siliguri,West Bengal,2024-03-17
C2135,Pooja Kumar,Female,61,Muzaffarpur,Bihar,2024-06-08
C2136,Akash Patel,Male,42,New Delhi,Delhi,2025-04-26
C2137,Sanjay Yadav,Male,58,Mangaluru,Karnataka,2025-05-12
C2138,Suresh Agarwal,Male,62,Bengaluru,Karnataka,2025-05-22
C2139,Aarav Shah,Female,40,Agra,Uttar Pradesh,2024-01-28
C2140,Deepak Sharma,Male,30,Kota,Rajasthan,2024-06-22
C2141,Arjun Yadav,Male,61,New Delhi,Delhi,2023-01-30
C2142,Rahul Chauhan,Female,52,Hyderabad,Telangana,2025-06-19
C2143,Divya Singh,Male,49,Warangal,Telangana,2023-11-29
C2144,Deepak Mishra,Male,63,Hyderabad,Telangana,2024-05-26
C2145,Divya Mishra,Male,29,Mangaluru,Karnataka,2025-01-16
C2146,Tanya Agarwal,Female,35,Delhi,Delhi,2025-04-30
C2147,Sanjay Malhotra,Female,19,Siliguri,West Bengal,2023-04-05
C2148,Arjun Verma,Female,36,Warangal,Telangana,2025-04-20
C2149,Nikhil Patel,Male,39,Salem,Tamil Nadu,2024-02-16
C2150,Aarav Joshi,Male,39,Gurugram,Haryana,2024-04-02
C2151,Manish Mishra,Female,25,Noida,Uttar Pradesh,2023-05-26
C2152,Sameer Tiwari,Male,56,Gurugram,Haryana,2025-02-23
C2153,Ankit Chauhan,Male,41,Noida,Uttar Pradesh,2024-06-05
C2154,Nikhil Kumar,Male,39,Ghaziabad,Uttar Pradesh,2023-04-24
C2155,Divya Mishra,Male,59,Madurai,Tamil Nadu,2023-06-04
C2156,Manish Verma,Male,41,Varanasi,Uttar Pradesh,2025-03-01
C2157,Ayush Gupta,Female,60,Lucknow,Uttar Pradesh,2023-04-30
C2158,Shivam Patel,Male,28,Prayagraj,Uttar Pradesh,2024-07-24
C2159,Aditi Mehta,Female,58,Mangaluru,Karnataka,2025-02-03
C2160,Yash Jain,Male,65,Durgapur,West Bengal,2025-09-25
C2161,Manish Yadav,Female,54,Agra,Uttar Pradesh,2023-06-23
C2162,Neha Yadav,Female,60,Udaipur,Rajasthan,2023-11-20
C2163,Rakesh Chauhan,Female,53,Warangal,Telangana,2023-06-19
C2164,Meera Tiwari,Male,46,Nagpur,Maharashtra,2025-08-21
C2165,Ankit Singh,Female,54,Varanasi,Uttar Pradesh,2024-10-10
C2166,Priya Malhotra,Male,64,Gurugram,Haryana,2025-12-12
C2167,Nikhil Patel,Female,47,Warangal,Telangana,2023-02-17
C2168,Priya Malhotra,Female,50,Madurai,Tamil Nadu,2025-02-11
C2169,Kavya Mehta,Female,21,Warangal,Telangana,2023-02-06
C2170,Isha Srivastava,Female,64,Prayagraj,Uttar Pradesh,2023-04-30
C2171,Amit Singh,Female,55,Mysuru,Karnataka,2024-04-17
C2172,Aditi Mishra,Female,25,Durgapur,West Bengal,2024-02-06
C2173,Sameer Chauhan,Male,31,Pune,Maharashtra,2024-02-04
C2174,Pooja Gupta,Male,28,Siliguri,West Bengal,2023-03-16
C2175,Mohit Kumar,Female,33,Chennai,Tamil Nadu,2024-08-19
C2176,Pooja Kapoor,Other,60,Kolkata,West Bengal,2024-01-09
C2177,Aditi Bansal,Female,40,Mangaluru,Karnataka,2025-12-23
C2178,Isha Malhotra,Male,38,New Delhi,Delhi,2025-05-14
C2179,Vivek Bansal,Female,55,Aurangabad,Maharashtra,2024-04-21
C2180,Shivam Malhotra,Male,35,Nashik,Maharashtra,2025-04-18
C2181,Deepak Kumar,Male,60,Siliguri,West Bengal,2024-09-22
C2182,Neha Joshi,Male,54,Kanpur,Uttar Pradesh,2024-06-26
C2183,Sameer Bansal,Male,30,Varanasi,Uttar Pradesh,2025-10-03
C2184,Manish Srivastava,Female,48,Thane,Maharashtra,2024-10-05
C2185,Nisha Verma,Male,41,Pune,Maharashtra,2024-06-13
C2186,Suresh Kumar,Male,34,Warangal,Telangana,2024-09-12
C2187,Nikhil Bansal,Female,61,Mangaluru,Karnataka,2025-05-05
C2188,Varun Yadav,Male,37,Patna,Bihar,2025-03-22
C2189,Ayush Sharma,Male,23,Ghaziabad,Uttar Pradesh,2024-08-23
C2190,Amit Saxena,Male,37,Udaipur,Rajasthan,2023-07-13
C2191,Vikas Shah,Male,42,Bengaluru,Karnataka,2024-11-28
C2192,Rohit Mishra,Female,24,Mangaluru,Karnataka,2024-04-16
C2193,Deepak Sharma,Male,53,Panipat,Haryana,2025-10-18
C2194,Shivam Sharma,Male,29,Muzaffarpur,Bihar,2025-09-21
C2195,Ananya Bansal,Male,22,Gurugram,Haryana,2023-01-01
C2196,Sakshi Patel,Male,43,Nagpur,Maharashtra,2025-12-30
C2197,Divya Kumar,Male,25,Pune,Maharashtra,2025-09-13
C2198,Pooja Agarwal,Male,55,Udaipur,Rajasthan,2025-09-20
C2199,Riya Gupta,Male,21,Nashik,Maharashtra,2024-06-28
C2200,Isha Kumar,Male,38,Siliguri,West Bengal,2023-10-24
C2201,Nikhil Yadav,Female,20,Rajkot,Gujarat,2024-10-26
C2202,Divya Shah,Male,36,Madurai,Tamil Nadu,2025-08-24
C2203,Priya Verma,Male,62,Hyderabad,Telangana,2024-05-07
C2204,Shreya Mishra,Female,49,Kolkata,West Bengal,2025-12-14
C2205,Meera Patel,Male,43,Kanpur,Uttar Pradesh,2023-10-13
C2206,Arjun Jain,Female,25,Ghaziabad,Uttar Pradesh,2025-07-23
C2207,Sakshi Kumar,Male,33,Surat,Gujarat,2023-03-14
C2208,Rohit Sharma,Male,36,Salem,Tamil Nadu,2025-07-08
C2209,Sameer Sharma,Female,45,Nashik,Maharashtra,2025-10-31
C2210,Deepak Agarwal,Male,27,Mangaluru,Karnataka,2025-02-08
C2211,Sameer Kapoor,Male,65,Siliguri,West Bengal,2024-11-14
C2212,Pooja Kumar,Female,49,Warangal,Telangana,2024-03-26
C2213,Neha Bansal,Female,32,Ahmedabad,Gujarat,2025-08-14
C2214,Amit Kapoor,Male,23,New Delhi,Delhi,2023-05-19
C2215,Neha Sharma,Female,46,Nagpur,Maharashtra,2023-11-15
C2216,Shreya Sharma,Male,39,Madurai,Tamil Nadu,2023-05-24
C2217,Mohit Gupta,Female,50,Delhi,Delhi,2023-11-01
C2218,Sakshi Singh,Male,46,Surat,Gujarat,2024-07-27
C2219,Amit Shah,Female,48,Jodhpur,Rajasthan,2024-01-03
C2220,Aditya Sharma,Male,58,Varanasi,Uttar Pradesh,2024-04-05
C2221,Pooja Saxena,Female,43,Varanasi,Uttar Pradesh,2023-09-10
C2222,Kavya Patel,Male,52,Mumbai,Maharashtra,2024-01-22
C2223,Yash Kapoor,Female,35,Faridabad,Haryana,2024-06-29
C2224,Kavya Bansal,Female,63,Udaipur,Rajasthan,2023-08-23
C2225,Shreya Shah,Female,37,Thane,Maharashtra,2025-10-22
C2226,Nisha Tiwari,Other,50,Gurugram,Haryana,2025-09-09
C2227,Ankit Chauhan,Male,65,Hubballi,Karnataka,2025-08-17
C2228,Shreya Agarwal,Female,34,Mangaluru,Karnataka,2023-01-02
C2229,Ananya Kumar,Male,22,Bhopal,Madhya Pradesh,2024-06-26
C2230,Tanya Agarwal,Female,29,Varanasi,Uttar Pradesh,2025-05-20
C2231,Ananya Verma,Female,29,Aurangabad,Maharashtra,2024-01-17
C2232,Aarav Shah,Male,20,Ahmedabad,Gujarat,2023-09-11
C2233,Sakshi Agarwal,Male,44,Mumbai,Maharashtra,2024-10-31
C2234,Suresh Patel,Female,31,Jodhpur,Rajasthan,2023-01-03
C2235,Tanya Bansal,Female,22,Mumbai,Maharashtra,2024-11-01
C2236,Amit Yadav,Female,24,Prayagraj,Uttar Pradesh,2024-05-09
C2237,Varun Shah,Female,31,Aurangabad,Maharashtra,2025-01-18
C2238,Varun Mishra,Male,35,Mangaluru,Karnataka,2025-01-17
C2239,Aditi Bansal,Female,64,Aurangabad,Maharashtra,2024-08-09
C2240,Vikas Joshi,Female,51,Noida,Uttar Pradesh,2024-10-01
C2241,Nikhil Sharma,Female,52,Faridabad,Haryana,2023-01-30
C2242,Suresh Malhotra,Female,51,New Delhi,Delhi,2025-12-10
C2243,Shivam Gupta,Female,56,New Delhi,Delhi,2023-03-25
C2244,Suresh Kapoor,Female,33,Kanpur,Uttar Pradesh,2025-12-05
C2245,Ankit Mehta,Female,22,Delhi,Delhi,2025-12-02
C2246,Suresh Jain,Female,42,Nashik,Maharashtra,2025-02-25
C2247,Shreya Malhotra,Female,18,Ahmedabad,Gujarat,2025-03-28
C2248,Vikas Srivastava,Male,28,Nashik,Maharashtra,2023-02-02
C2249,Aarav Bansal,Male,54,Panipat,Haryana,2025-11-04
C2250,Vikas Shah,Female,42,Indore,Madhya Pradesh,2024-08-01
C2251,Rahul Kapoor,Female,51,Ghaziabad,Uttar Pradesh,2024-01-07
C2252,Pooja Jain,Female,42,Varanasi,Uttar Pradesh,2025-01-03
C2253,Vivek Bansal,Female,44,Kanpur,Uttar Pradesh,2024-08-08
C2254,Divya Saxena,Male,32,Vadodara,Gujarat,2024-01-31
C2255,Meera Kumar,Male,28,Varanasi,Uttar Pradesh,2023-12-19
C2256,Simran Verma,Female,30,Panipat,Haryana,2023-05-10
C2257,Divya Yadav,Female,56,Kolkata,West Bengal,2025-09-22
C2258,Priya Gupta,Male,65,Hyderabad,Telangana,2024-12-30
C2259,Ayush Agarwal,Male,21,Madurai,Tamil Nadu,2023-11-12
C2260,Divya Gupta,Male,43,Patna,Bihar,2025-03-02
C2261,Rakesh Mehta,Male,40,Lucknow,Uttar Pradesh,2025-01-29
C2262,Aarav Kumar,Female,44,Mysuru,Karnataka,2023-06-03
C2263,Vivek Yadav,Male,29,Delhi,Delhi,2023-07-11
C2264,Ayush Malhotra,Male,18,Indore,Madhya Pradesh,2023-09-10
C2265,Yash Agarwal,Female,27,Rajkot,Gujarat,2023-04-26
C2266,Suresh Jain,Female,26,Hyderabad,Telangana,2025-06-20
C2267,Ananya Bansal,Female,20,Mumbai,Maharashtra,2023-06-20
C2268,Rakesh Chauhan,Male,35,Patna,Bihar,2025-06-07
C2269,Ananya Mehta,Male,50,Salem,Tamil Nadu,2024-08-02
C2270,Sameer Singh,Male,64,Chennai,Tamil Nadu,2023-05-08
C2271,Tanya Kumar,Female,49,Gaya,Bihar,2025-07-13
C2272,Karan Chauhan,Male,26,Delhi,Delhi,2023-07-09
C2273,Rohit Malhotra,Female,35,Mangaluru,Karnataka,2025-12-30
C2274,Priya Bansal,Female,32,Surat,Gujarat,2023-01-16
C2275,Amit Malhotra,Female,28,Noida,Uttar Pradesh,2024-11-12
C2276,Akash Gupta,Male,65,Delhi,Delhi,2023-12-10
C2277,Rahul Jain,Male,49,Nagpur,Maharashtra,2024-08-07
C2278,Ayush Bansal,Female,41,Noida,Uttar Pradesh,2025-07-08
C2279,Manish Srivastava,Male,38,Gurugram,Haryana,2025-05-11
C2280,Aarav Verma,Female,33,Vadodara,Gujarat,2023-11-05
C2281,Kavya Mehta,Male,38,New Delhi,Delhi,2023-03-11
C2282,Nikhil Gupta,Other,48,Mysuru,Karnataka,2023-11-07
C2283,Rohit Chauhan,Female,62,Bengaluru,Karnataka,2025-06-05
C2284,Arjun Yadav,Male,41,Rajkot,Gujarat,2024-07-18
C2285,Priya Kapoor,Female,26,Bhopal,Madhya Pradesh,2025-04-10
C2286,Arjun Verma,Female,63,Gwalior,Madhya Pradesh,2024-06-25
C2287,Isha Joshi,Female,33,Bengaluru,Karnataka,2024-08-02
C2288,Amit Malhotra,Male,21,New Delhi,Delhi,2023-03-12
C2289,Nisha Mishra,Male,44,Mysuru,Karnataka,2023-01-26
C2290,Ankit Saxena,Female,55,Vadodara,Gujarat,2025-02-09
C2291,Vivek Srivastava,Male,30,Hubballi,Karnataka,2023-08-10
C2292,Isha Srivastava,Female,31,Jaipur,Rajasthan,2024-01-30
C2293,Deepak Mishra,Male,31,Salem,Tamil Nadu,2024-02-09
C2294,Rohit Kapoor,Female,56,Delhi,Delhi,2024-11-24
C2295,Sakshi Mehta,Male,63,Delhi,Delhi,2025-10-27
C2296,Neha Mehta,Female,58,New Delhi,Delhi,2025-04-09
C2297,Priya Patel,Male,28,Ghaziabad,Uttar Pradesh,2024-11-30
C2298,Sakshi Joshi,Male,58,Nagpur,Maharashtra,2025-07-03
C2299,Meera Kumar,Male,32,Kolkata,West Bengal,2024-07-12
C2300,Kavya Jain,Female,59,New Delhi,Delhi,2023-06-09
C2301,Ayush Gupta,Male,65,Aurangabad,Maharashtra,2024-06-18
C2302,Tanya Yadav,Female,52,Rajkot,Gujarat,2025-12-06
C2303,Suresh Kumar,Male,63,Kolkata,West Bengal,2025-05-04
C2304,Tanya Verma,Female,24,Nagpur,Maharashtra,2024-01-18
C2305,Neha Bansal,Female,49,Warangal,Telangana,2023-12-21
C2306,Divya Shah,Male,20,Bhopal,Madhya Pradesh,2025-10-02
C2307,Vikas Sharma,Male,49,Ahmedabad,Gujarat,2023-04-14
C2308,Aditi Bansal,Male,34,Jodhpur,Rajasthan,2025-01-11
C2309,Karan Tiwari,Female,64,Kanpur,Uttar Pradesh,2025-06-03
C2310,Komal Srivastava,Female,41,Indore,Madhya Pradesh,2023-12-27
C2311,Aditya Saxena,Male,54,Hubballi,Karnataka,2024-12-11
C2312,Neha Chauhan,Female,32,Indore,Madhya Pradesh,2023-12-23
C2313,Meera Mehta,Female,21,Vadodara,Gujarat,2023-01-19
C2314,Aarav Chauhan,Female,53,Ghaziabad,Uttar Pradesh,2024-05-12
C2315,Sakshi Tiwari,Female,28,Prayagraj,Uttar Pradesh,2025-12-08
C2316,Mohit Mishra,Female,52,Kota,Rajasthan,2023-09-23
C2317,Rahul Srivastava,Female,40,Ahmedabad,Gujarat,2023-06-27
C2318,Riya Bansal,Female,64,Noida,Uttar Pradesh,2025-10-06
C2319,Divya Bansal,Male,34,Durgapur,West Bengal,2025-09-23
C2320,Suresh Srivastava,Female,37,Panipat,Haryana,2025-07-16
C2321,Akash Agarwal,Other,53,Madurai,Tamil Nadu,2025-12-05
C2322,Amit Jain,Female,55,Mysuru,Karnataka,2025-12-21
C2323,Varun Joshi,Male,24,Agra,Uttar Pradesh,2025-10-02
C2324,Varun Kapoor,Female,53,Hyderabad,Telangana,2025-11-22
C2325,Aditya Srivastava,Male,41,New Delhi,Delhi,2025-03-26
C2326,Sakshi Srivastava,Female,65,Faridabad,Haryana,2023-12-11
C2327,Aditi Kapoor,Male,48,New Delhi,Delhi,2024-05-16
C2328,Rahul Chauhan,Female,55,Ahmedabad,Gujarat,2024-02-21
C2329,Rahul Gupta,Male,34,Mumbai,Maharashtra,2024-07-11
C2330,Sneha Chauhan,Male,31,Pune,Maharashtra,2025-02-03
C2331,Aarav Singh,Male,55,Durgapur,West Bengal,2023-09-22
C2332,Shivam Mehta,Male,18,Madurai,Tamil Nadu,2023-01-18
C2333,Riya Singh,Male,45,Salem,Tamil Nadu,2024-10-21
C2334,Rohit Mehta,Female,64,Patna,Bihar,2025-12-24
C2335,Yash Agarwal,Female,65,Gaya,Bihar,2025-08-01
C2336,Meera Singh,Female,52,Panipat,Haryana,2023-01-12
C2337,Rohit Joshi,Female,41,Nagpur,Maharashtra,2024-10-17
C2338,Kavya Kapoor,Male,57,Vadodara,Gujarat,2024-08-04
C2339,Komal Gupta,Female,18,Panipat,Haryana,2024-04-10
C2340,Rohit Malhotra,Female,56,Delhi,Delhi,2025-01-02
C2341,Aarav Gupta,Male,27,Ghaziabad,Uttar Pradesh,2024-04-11
C2342,Neha Kumar,Female,53,Warangal,Telangana,2025-09-27
C2343,Mohit Kumar,Female,34,Madurai,Tamil Nadu,2025-09-20
C2344,Simran Mehta,Female,54,Rajkot,Gujarat,2024-12-06
C2345,Meera Bansal,Female,46,Muzaffarpur,Bihar,2024-05-17
C2346,Aarav Mehta,Male,62,Surat,Gujarat,2024-10-15
C2347,Shreya Saxena,Female,55,Mangaluru,Karnataka,2025-09-12
C2348,Divya Mehta,Male,61,Delhi,Delhi,2023-11-25
C2349,Varun Bansal,Female,25,Bengaluru,Karnataka,2025-08-09
C2350,Deepak Chauhan,Male,36,Agra,Uttar Pradesh,2024-10-09
C2351,Karan Agarwal,Female,38,Warangal,Telangana,2023-03-11
C2352,Deepak Kumar,Male,19,Warangal,Telangana,2025-03-31
C2353,Karan Kumar,Male,19,Nashik,Maharashtra,2023-08-10
C2354,Suresh Mehta,Male,19,New Delhi,Delhi,2024-07-18
C2355,Neha Shah,Male,54,Panipat,Haryana,2025-11-06
C2356,Sameer Gupta,Female,39,Varanasi,Uttar Pradesh,2025-05-03
C2357,Kavya Srivastava,Female,54,Coimbatore,Tamil Nadu,2025-02-04
C2358,Aarav Chauhan,Male,58,Hubballi,Karnataka,2023-03-18
C2359,Tanya Yadav,Female,19,Jodhpur,Rajasthan,2025-07-29
C2360,Manish Verma,Female,58,Nagpur,Maharashtra,2024-01-03
C2361,Rohit Verma,Male,28,Kota,Rajasthan,2023-02-24
C2362,Vikas Agarwal,Female,37,Delhi,Delhi,2025-11-16
C2363,Tanya Srivastava,Male,64,Vadodara,Gujarat,2023-07-28
C2364,Nikhil Mehta,Male,32,Kanpur,Uttar Pradesh,2023-12-21
C2365,Aarav Singh,Male,63,Hubballi,Karnataka,2023-06-05
C2366,Rahul Patel,Male,42,Chennai,Tamil Nadu,2024-11-11
C2367,Neha Singh,Female,18,Thane,Maharashtra,2025-08-08
C2368,Yash Jain,Female,57,Varanasi,Uttar Pradesh,2024-07-23
C2369,Pooja Jain,Male,20,Aurangabad,Maharashtra,2025-08-09
C2370,Priya Joshi,Female,48,New Delhi,Delhi,2025-10-22
C2371,Varun Shah,Male,40,Prayagraj,Uttar Pradesh,2025-08-13
C2372,Ayush Srivastava,Male,24,Indore,Madhya Pradesh,2023-06-28
C2373,Kavya Sharma,Female,42,Hubballi,Karnataka,2023-08-14
C2374,Aditi Bansal,Female,35,Hyderabad,Telangana,2023-11-24
C2375,Neha Sharma,Female,22,Gaya,Bihar,2024-11-29
C2376,Vivek Mishra,Male,44,Lucknow,Uttar Pradesh,2025-08-02
C2377,Aditya Srivastava,Male,20,Kota,Rajasthan,2023-12-09
C2378,Aditi Malhotra,Male,43,Panipat,Haryana,2024-12-30
C2379,Sameer Gupta,Female,28,Ahmedabad,Gujarat,2023-07-25
C2380,Meera Patel,Male,57,Hubballi,Karnataka,2024-08-17
C2381,Arjun Kapoor,Female,63,Mysuru,Karnataka,2025-05-03
C2382,Kavya Tiwari,Male,62,Agra,Uttar Pradesh,2024-03-08
C2383,Vivek Joshi,Male,63,Chennai,Tamil Nadu,2023-06-28
C2384,Ananya Sharma,Male,22,Patna,Bihar,2024-03-26
C2385,Arjun Patel,Female,42,Patna,Bihar,2025-04-14
C2386,Vikas Gupta,Female,28,Agra,Uttar Pradesh,2025-10-20
C2387,Sneha Sharma,Other,22,Udaipur,Rajasthan,2024-11-05
C2388,Karan Mehta,Female,36,Delhi,Delhi,2025-01-04
C2389,Yash Bansal,Female,38,Indore,Madhya Pradesh,2024-04-04
C2390,Riya Sharma,Male,32,Prayagraj,Uttar Pradesh,2025-10-14
C2391,Kavya Bansal,Female,23,Indore,Madhya Pradesh,2025-08-10
C2392,Amit Kapoor,Female,37,Hyderabad,Telangana,2025-11-30
C2393,Sneha Bansal,Female,25,Lucknow,Uttar Pradesh,2025-08-03
C2394,Divya Verma,Male,19,Noida,Uttar Pradesh,2024-08-21
C2395,Deepak Agarwal,Male,39,Warangal,Telangana,2025-11-17
C2396,Rahul Kumar,Female,21,Ghaziabad,Uttar Pradesh,2024-10-29
C2397,Rohit Verma,Male,64,Madurai,Tamil Nadu,2024-10-20
C2398,Rohit Mishra,Male,58,Gwalior,Madhya Pradesh,2024-12-19
C2399,Tanya Mishra,Male,62,Vadodara,Gujarat,2023-07-23
C2400,Ankit Gupta,Female,22,Bengaluru,Karnataka,2025-07-07
C2401,Amit Gupta,Male,40,Mysuru,Karnataka,2024-02-02
C2402,Nikhil Tiwari,Female,57,Prayagraj,Uttar Pradesh,2024-12-22
C2403,Deepak Bansal,Female,45,Patna,Bihar,2025-07-13
C2404,Shreya Mishra,Female,32,New Delhi,Delhi,2023-05-06
C2405,Meera Tiwari,Male,57,Aurangabad,Maharashtra,2023-11-26
C2406,Sneha Verma,Female,32,Mumbai,Maharashtra,2025-10-28
C2407,Rakesh Jain,Male,64,Muzaffarpur,Bihar,2024-01-31
C2408,Amit Saxena,Male,22,Prayagraj,Uttar Pradesh,2024-12-24
C2409,Ankit Jain,Male,51,Faridabad,Haryana,2024-09-06
C2410,Sneha Verma,Male,18,Udaipur,Rajasthan,2025-08-10
C2411,Ankit Agarwal,Female,61,Hyderabad,Telangana,2024-07-12
C2412,Karan Shah,Male,35,Gaya,Bihar,2024-04-10
C2413,Karan Joshi,Female,18,Panipat,Haryana,2023-01-18
C2414,Suresh Jain,Male,58,Gwalior,Madhya Pradesh,2024-06-03
C2415,Vikas Jain,Other,64,Agra,Uttar Pradesh,2024-10-02
C2416,Tanya Yadav,Female,62,Warangal,Telangana,2025-01-24
C2417,Sneha Shah,Male,41,Salem,Tamil Nadu,2025-05-04
C2418,Komal Verma,Female,20,Chennai,Tamil Nadu,2025-04-30
C2419,Deepak Srivastava,Male,28,Faridabad,Haryana,2024-05-17
C2420,Rakesh Kapoor,Female,19,Gaya,Bihar,2023-03-27
C2421,Pooja Jain,Female,20,Udaipur,Rajasthan,2023-10-06
C2422,Shivam Kapoor,Female,25,Salem,Tamil Nadu,2024-03-22
C2423,Kavya Sharma,Male,45,Hubballi,Karnataka,2025-12-07
C2424,Akash Mishra,Other,54,Delhi,Delhi,2025-04-22
C2425,Shreya Jain,Female,46,New Delhi,Delhi,2025-09-06
C2426,Sameer Patel,Female,27,Hubballi,Karnataka,2025-12-22
C2427,Karan Kapoor,Male,46,Ghaziabad,Uttar Pradesh,2023-05-26
C2428,Sneha Chauhan,Male,29,Varanasi,Uttar Pradesh,2023-01-13
C2429,Yash Agarwal,Female,40,Siliguri,West Bengal,2024-09-20
C2430,Sneha Agarwal,Female,60,Bengaluru,Karnataka,2023-10-17
C2431,Ankit Joshi,Female,24,Bhopal,Madhya Pradesh,2025-08-09
C2432,Yash Yadav,Female,59,Ahmedabad,Gujarat,2024-05-24
C2433,Aarav Kumar,Female,31,Agra,Uttar Pradesh,2023-01-11
C2434,Riya Chauhan,Male,50,Prayagraj,Uttar Pradesh,2023-09-02
C2435,Sanjay Saxena,Female,30,Pune,Maharashtra,2024-01-09
C2436,Pooja Chauhan,Male,25,Muzaffarpur,Bihar,2023-01-30
C2437,Komal Verma,Female,39,Mumbai,Maharashtra,2023-12-14
C2438,Ankit Sharma,Male,36,Chennai,Tamil Nadu,2024-08-13
C2439,Sakshi Jain,Female,42,Gwalior,Madhya Pradesh,2025-09-05
C2440,Manish Tiwari,Female,29,Patna,Bihar,2024-12-12
C2441,Shivam Kumar,Female,64,Thane,Maharashtra,2023-04-13
C2442,Arjun Kumar,Male,50,Prayagraj,Uttar Pradesh,2024-03-31
C2443,Manish Singh,Female,58,Kanpur,Uttar Pradesh,2025-04-21
C2444,Karan Bansal,Male,55,Noida,Uttar Pradesh,2024-02-10
C2445,Ankit Bansal,Male,52,Pune,Maharashtra,2024-09-08
C2446,Priya Malhotra,Female,24,Ahmedabad,Gujarat,2025-12-15
C2447,Komal Singh,Female,46,Gwalior,Madhya Pradesh,2023-05-31
C2448,Rakesh Kapoor,Male,61,Salem,Tamil Nadu,2024-06-06
C2449,Neha Jain,Female,22,Rajkot,Gujarat,2024-10-29
C2450,Nisha Gupta,Male,40,Thane,Maharashtra,2025-05-23
C2451,Isha Yadav,Female,26,Warangal,Telangana,2025-07-05
C2452,Aarav Shah,Female,56,Rajkot,Gujarat,2023-11-11
C2453,Priya Mishra,Female,62,Panipat,Haryana,2024-05-26
C2454,Deepak Chauhan,Female,20,Bhopal,Madhya Pradesh,2025-06-28
C2455,Shreya Patel,Female,56,Delhi,Delhi,2025-07-07
C2456,Sneha Agarwal,Female,35,Kanpur,Uttar Pradesh,2025-06-20
C2457,Divya Malhotra,Male,64,Nagpur,Maharashtra,2025-01-01
C2458,Varun Malhotra,Male,18,Hubballi,Karnataka,2023-10-21
C2459,Rohit Sharma,Female,27,Indore,Madhya Pradesh,2024-02-08
C2460,Sanjay Joshi,Male,52,New Delhi,Delhi,2024-12-19
C2461,Nikhil Verma,Female,55,Kolkata,West Bengal,2023-10-06
C2462,Aditya Agarwal,Male,21,Coimbatore,Tamil Nadu,2025-01-16
C2463,Karan Kapoor,Female,25,Nashik,Maharashtra,2024-07-17
C2464,Priya Mehta,Male,34,Delhi,Delhi,2024-04-29
C2465,Sanjay Agarwal,Female,19,Jaipur,Rajasthan,2024-01-25
C2466,Ayush Gupta,Female,55,Udaipur,Rajasthan,2025-04-27
C2467,Komal Shah,Male,50,Hubballi,Karnataka,2024-05-24
C2468,Nikhil Mishra,Female,53,Aurangabad,Maharashtra,2023-12-03
C2469,Sneha Tiwari,Male,40,Durgapur,West Bengal,2024-02-25
C2470,Varun Shah,Female,48,Mumbai,Maharashtra,2024-06-14
C2471,Priya Srivastava,Female,45,Bhopal,Madhya Pradesh,2024-11-07
C2472,Ankit Agarwal,Male,51,Aurangabad,Maharashtra,2025-12-20
C2473,Tanya Saxena,Male,39,Ghaziabad,Uttar Pradesh,2024-01-08
C2474,Yash Singh,Male,49,Madurai,Tamil Nadu,2023-07-15
C2475,Arjun Yadav,Male,48,Salem,Tamil Nadu,2025-12-06
C2476,Varun Singh,Female,48,Madurai,Tamil Nadu,2023-06-11
C2477,Amit Sharma,Male,59,Bengaluru,Karnataka,2025-09-16
C2478,Deepak Tiwari,Female,34,Muzaffarpur,Bihar,2023-06-05
C2479,Sneha Kapoor,Female,60,Chennai,Tamil Nadu,2024-02-03
C2480,Kavya Joshi,Female,19,Mysuru,Karnataka,2025-12-28
C2481,Vikas Shah,Female,41,Bengaluru,Karnataka,2023-06-25
C2482,Ankit Mehta,Male,39,Prayagraj,Uttar Pradesh,2024-10-29
C2483,Manish Joshi,Female,59,Ahmedabad,Gujarat,2023-07-28
C2484,Komal Saxena,Female,20,Nashik,Maharashtra,2023-01-27
C2485,Priya Mehta,Female,28,Rajkot,Gujarat,2025-01-30
C2486,Aditya Kapoor,Male,40,Prayagraj,Uttar Pradesh,2025-11-16
C2487,Rahul Yadav,Male,57,Patna,Bihar,2025-04-11
C2488,Rakesh Chauhan,Other,40,Hubballi,Karnataka,2025-11-21
C2489,Akash Sharma,Female,48,Faridabad,Haryana,2024-07-31
C2490,Ananya Agarwal,Male,26,Mangaluru,Karnataka,2024-11-03
C2491,Ayush Srivastava,Female,63,Agra,Uttar Pradesh,2025-12-12
C2492,Rakesh Gupta,Male,55,Hyderabad,Telangana,2024-07-05
C2493,Yash Kumar,Female,20,Jaipur,Rajasthan,2023-02-12
C2494,Vikas Agarwal,Male,51,Hyderabad,Telangana,2023-09-19
C2495,Aditi Jain,Male,24,Hubballi,Karnataka,2024-11-10
C2496,Vivek Tiwari,Male,44,Rajkot,Gujarat,2025-07-27
C2497,Ananya Saxena,Male,52,Faridabad,Haryana,2024-10-26
C2498,Kavya Patel,Male,62,Rajkot,Gujarat,2024-03-20
C2499,Ananya Chauhan,Male,21,New Delhi,Delhi,2023-12-18
C2500,Vikas Joshi,Male,31,Kota,Rajasthan,2025-01-18
C2501,Suresh Srivastava,Female,51,Jaipur,Rajasthan,2025-09-11
C2502,Arjun Verma,Female,30,Patna,Bihar,2023-11-01
C2503,Aditi Patel,Female,52,Delhi,Delhi,2024-08-28
C2504,Priya Sharma,Male,26,Mysuru,Karnataka,2024-04-13
C2505,Shivam Sharma,Male,25,Hyderabad,Telangana,2023-09-27
C2506,Vikas Kapoor,Female,44,Salem,Tamil Nadu,2024-03-19
C2507,Vivek Kumar,Female,51,Kolkata,West Bengal,2023-04-07
C2508,Ankit Shah,Female,27,Hubballi,Karnataka,2024-08-03
C2509,Ankit Malhotra,Female,59,Pune,Maharashtra,2023-04-28
C2510,Shivam Sharma,Female,59,Kolkata,West Bengal,2024-06-03
C2511,Shreya Jain,Female,21,Kanpur,Uttar Pradesh,2025-09-09
C2512,Yash Malhotra,Male,32,Nashik,Maharashtra,2023-06-09
C2513,Akash Srivastava,Female,44,Ahmedabad,Gujarat,2023-10-02
C2514,Akash Yadav,Female,41,Kolkata,West Bengal,2025-02-28
C2515,Divya Chauhan,Female,30,Panipat,Haryana,2025-09-20
C2516,Ayush Saxena,Male,43,Nagpur,Maharashtra,2025-11-12
C2517,Divya Malhotra,Male,64,Agra,Uttar Pradesh,2023-05-12
C2518,Amit Agarwal,Male,32,Patna,Bihar,2023-09-19
C2519,Sameer Kapoor,Male,28,Noida,Uttar Pradesh,2025-12-13
C2520,Ankit Saxena,Female,53,Mumbai,Maharashtra,2024-07-07
C2521,Rahul Mishra,Female,45,Delhi,Delhi,2025-07-01
C2522,Karan Chauhan,Male,51,Chennai,Tamil Nadu,2023-01-16
C2523,Sameer Tiwari,Female,49,Gurugram,Haryana,2023-05-08
C2524,Nisha Patel,Male,54,Durgapur,West Bengal,2023-08-12
C2525,Yash Kapoor,Female,53,Jodhpur,Rajasthan,2023-04-05
C2526,Divya Shah,Male,47,Thane,Maharashtra,2025-09-02
C2527,Divya Bansal,Female,39,New Delhi,Delhi,2025-05-29
C2528,Aditi Saxena,Female,40,Hubballi,Karnataka,2024-03-03
C2529,Komal Sharma,Female,30,Prayagraj,Uttar Pradesh,2023-03-27
C2530,Sanjay Singh,Female,39,Nagpur,Maharashtra,2023-04-27
C2531,Mohit Mishra,Male,47,Delhi,Delhi,2023-10-15
C2532,Rahul Tiwari,Female,52,Kanpur,Uttar Pradesh,2025-03-07
C2533,Pooja Agarwal,Male,55,Salem,Tamil Nadu,2025-05-27
C2534,Amit Srivastava,Male,36,Jodhpur,Rajasthan,2024-08-13
C2535,Manish Patel,Female,53,Prayagraj,Uttar Pradesh,2025-09-20
C2536,Amit Yadav,Female,38,Madurai,Tamil Nadu,2025-10-13
C2537,Rohit Tiwari,Female,35,Warangal,Telangana,2025-04-20
C2538,Meera Mehta,Male,25,Siliguri,West Bengal,2023-03-28
C2539,Simran Agarwal,Female,30,Warangal,Telangana,2025-09-01
C2540,Kavya Sharma,Male,50,Mangaluru,Karnataka,2025-09-21
C2541,Rakesh Kumar,Female,28,Warangal,Telangana,2024-09-05
C2542,Divya Kumar,Female,21,Thane,Maharashtra,2024-10-18
C2543,Sneha Agarwal,Female,31,New Delhi,Delhi,2025-05-03
C2544,Sneha Joshi,Female,65,Aurangabad,Maharashtra,2024-10-10
C2545,Aarav Mishra,Female,25,Hubballi,Karnataka,2024-01-12
C2546,Aarav Singh,Male,24,Bengaluru,Karnataka,2025-02-02
C2547,Pooja Yadav,Other,37,Aurangabad,Maharashtra,2025-05-09
C2548,Amit Jain,Female,36,Siliguri,West Bengal,2023-06-04
C2549,Pooja Chauhan,Male,62,New Delhi,Delhi,2025-01-14
C2550,Shivam Agarwal,Male,29,Pune,Maharashtra,2023-07-09
C2551,Pooja Singh,Male,38,Kanpur,Uttar Pradesh,2024-09-21
C2552,Neha Mehta,Female,31,Bengaluru,Karnataka,2023-04-29
C2553,Aarav Tiwari,Female,29,Delhi,Delhi,2025-12-22
C2554,Rahul Bansal,Female,33,Delhi,Delhi,2025-01-01
C2555,Kavya Saxena,Male,30,Thane,Maharashtra,2024-05-29
C2556,Mohit Tiwari,Male,52,Siliguri,West Bengal,2024-07-05
C2557,Rahul Joshi,Female,55,Bhopal,Madhya Pradesh,2024-11-09
C2558,Divya Chauhan,Male,26,Madurai,Tamil Nadu,2023-05-17
C2559,Deepak Sharma,Male,41,Kota,Rajasthan,2024-07-12
C2560,Nisha Saxena,Male,30,Gurugram,Haryana,2025-02-22
C2561,Rakesh Srivastava,Male,59,Gaya,Bihar,2023-10-13
C2562,Rohit Tiwari,Male,22,Rajkot,Gujarat,2024-06-08
C2563,Priya Patel,Female,37,Panipat,Haryana,2023-12-28
C2564,Deepak Bansal,Male,33,Gwalior,Madhya Pradesh,2023-06-26
C2565,Manish Gupta,Male,35,Hyderabad,Telangana,2025-12-07
C2566,Mohit Joshi,Female,63,Mysuru,Karnataka,2024-10-11
C2567,Karan Agarwal,Female,43,Noida,Uttar Pradesh,2024-03-05
C2568,Meera Mehta,Female,36,Ghaziabad,Uttar Pradesh,2024-01-06
C2569,Sneha Malhotra,Female,56,Mangaluru,Karnataka,2025-01-13
C2570,Arjun Mishra,Female,55,Chennai,Tamil Nadu,2023-04-29
C2571,Sanjay Verma,Female,24,Bengaluru,Karnataka,2024-09-12
C2572,Akash Mishra,Female,40,Vadodara,Gujarat,2023-09-10
C2573,Shreya Malhotra,Female,37,Salem,Tamil Nadu,2025-09-01
C2574,Arjun Malhotra,Female,39,Warangal,Telangana,2025-05-08
C2575,Deepak Kapoor,Male,34,Ghaziabad,Uttar Pradesh,2025-04-09
C2576,Rohit Kumar,Male,57,Thane,Maharashtra,2023-06-09
C2577,Mohit Saxena,Male,65,Warangal,Telangana,2023-03-30
C2578,Nisha Malhotra,Male,19,Panipat,Haryana,2024-05-16
C2579,Suresh Sharma,Male,59,Muzaffarpur,Bihar,2024-01-25
C2580,Komal Mishra,Female,59,Faridabad,Haryana,2025-03-04
C2581,Vikas Patel,Female,35,Panipat,Haryana,2025-02-18
C2582,Sakshi Agarwal,Male,41,Delhi,Delhi,2024-03-10
C2583,Ankit Kumar,Male,22,Bengaluru,Karnataka,2023-06-26
C2584,Simran Verma,Male,34,Thane,Maharashtra,2023-12-22
C2585,Simran Sharma,Female,29,Surat,Gujarat,2024-07-05
C2586,Aarav Singh,Male,61,Indore,Madhya Pradesh,2023-10-05
C2587,Riya Yadav,Male,23,New Delhi,Delhi,2023-12-14
C2588,Sakshi Saxena,Male,34,Chennai,Tamil Nadu,2023-09-21
C2589,Aditi Shah,Female,41,Delhi,Delhi,2023-03-12
C2590,Suresh Jain,Male,64,Thane,Maharashtra,2024-10-20
C2591,Komal Malhotra,Female,57,Mumbai,Maharashtra,2025-12-27
C2592,Aditi Shah,Female,62,Varanasi,Uttar Pradesh,2025-11-08
C2593,Neha Kumar,Female,32,Bhopal,Madhya Pradesh,2025-10-14
C2594,Tanya Verma,Female,30,Mangaluru,Karnataka,2024-12-22
C2595,Amit Verma,Male,45,Warangal,Telangana,2025-03-29
C2596,Vivek Mehta,Male,34,Kota,Rajasthan,2023-03-12
C2597,Vivek Patel,Female,18,Nashik,Maharashtra,2023-08-09
C2598,Ananya Agarwal,Male,56,Nashik,Maharashtra,2025-02-12
C2599,Deepak Mehta,Female,22,Warangal,Telangana,2025-12-18
C2600,Karan Chauhan,Female,27,Nagpur,Maharashtra,2025-09-21
C2601,Neha Mishra,Male,63,Gwalior,Madhya Pradesh,2024-11-21
C2602,Aditya Shah,Male,53,Kanpur,Uttar Pradesh,2023-04-30
C2603,Ayush Patel,Female,48,Kota,Rajasthan,2025-11-23
C2604,Karan Kapoor,Other,24,Warangal,Telangana,2023-12-15
C2605,Rohit Kapoor,Female,30,Thane,Maharashtra,2023-02-16
C2606,Komal Kapoor,Male,27,Thane,Maharashtra,2025-04-21
C2607,Meera Verma,Female,48,Muzaffarpur,Bihar,2023-07-09
C2608,Riya Jain,Male,42,Nashik,Maharashtra,2023-11-27
C2609,Manish Saxena,Male,35,Mangaluru,Karnataka,2025-01-11
C2610,Rakesh Agarwal,Female,53,Mangaluru,Karnataka,2025-11-23
C2611,Shreya Chauhan,Female,55,Nagpur,Maharashtra,2025-09-20
C2612,Aarav Agarwal,Male,53,Durgapur,West Bengal,2023-07-12
C2613,Suresh Patel,Female,23,Durgapur,West Bengal,2025-06-04
C2614,Vikas Patel,Male,47,Delhi,Delhi,2023-12-14
C2615,Akash Jain,Male,28,Warangal,Telangana,2023-03-27
C2616,Nikhil Saxena,Male,31,Thane,Maharashtra,2024-10-06
C2617,Arjun Gupta,Female,64,Kanpur,Uttar Pradesh,2024-12-20
C2618,Arjun Mehta,Male,37,Ahmedabad,Gujarat,2025-12-30
C2619,Aditya Joshi,Female,55,Gaya,Bihar,2024-06-16
C2620,Vivek Srivastava,Male,29,Prayagraj,Uttar Pradesh,2025-05-25
C2621,Sameer Joshi,Male,64,Thane,Maharashtra,2024-08-08
C2622,Isha Chauhan,Male,31,Madurai,Tamil Nadu,2025-10-08
C2623,Vikas Srivastava,Male,26,Warangal,Telangana,2024-06-17
C2624,Aditya Mishra,Female,33,Noida,Uttar Pradesh,2025-01-09
C2625,Arjun Srivastava,Female,26,Mangaluru,Karnataka,2025-11-20
C2626,Pooja Chauhan,Female,46,Durgapur,West Bengal,2025-08-18
C2627,Shreya Yadav,Male,24,Delhi,Delhi,2024-03-15
C2628,Mohit Joshi,Female,27,Thane,Maharashtra,2024-07-09
C2629,Neha Yadav,Female,51,Nagpur,Maharashtra,2024-10-11
C2630,Divya Joshi,Male,20,Mangaluru,Karnataka,2023-05-16
C2631,Aditi Singh,Female,39,Mangaluru,Karnataka,2023-09-13
C2632,Aditi Kapoor,Female,51,Panipat,Haryana,2025-02-15
C2633,Aditi Jain,Female,39,Jaipur,Rajasthan,2023-03-20
C2634,Ananya Mehta,Female,19,Jodhpur,Rajasthan,2024-10-20
C2635,Aditi Sharma,Female,25,Gaya,Bihar,2024-06-14
C2636,Nikhil Malhotra,Male,64,Bengaluru,Karnataka,2024-06-15
C2637,Ananya Patel,Female,55,Mysuru,Karnataka,2025-07-15
C2638,Vivek Joshi,Female,34,Bhopal,Madhya Pradesh,2023-10-29
C2639,Varun Mishra,Male,59,Pune,Maharashtra,2025-05-15
C2640,Komal Kumar,Female,18,Siliguri,West Bengal,2025-05-08
C2641,Sameer Jain,Female,20,Siliguri,West Bengal,2025-12-22
C2642,Aditi Tiwari,Male,60,Varanasi,Uttar Pradesh,2025-06-17
C2643,Sneha Verma,Female,50,Mysuru,Karnataka,2024-07-09
C2644,Akash Malhotra,Female,46,Aurangabad,Maharashtra,2024-02-03
C2645,Riya Sharma,Female,34,Nagpur,Maharashtra,2025-05-05
C2646,Aditya Kapoor,Female,57,Mangaluru,Karnataka,2025-10-12
C2647,Pooja Verma,Male,47,Mumbai,Maharashtra,2023-11-04
C2648,Karan Patel,Female,38,Hyderabad,Telangana,2024-02-09
C2649,Akash Agarwal,Female,36,Bhopal,Madhya Pradesh,2024-06-28
C2650,Divya Kumar,Female,35,Hyderabad,Telangana,2023-04-28
C2651,Arjun Mishra,Male,45,Nagpur,Maharashtra,2023-12-11
C2652,Neha Agarwal,Male,49,Mumbai,Maharashtra,2023-07-02
C2653,Shreya Shah,Female,56,Nagpur,Maharashtra,2025-04-25
C2654,Deepak Chauhan,Male,37,Varanasi,Uttar Pradesh,2024-06-25
C2655,Suresh Patel,Male,30,Gwalior,Madhya Pradesh,2024-10-23
C2656,Aditi Tiwari,Female,44,Bengaluru,Karnataka,2023-03-29
C2657,Suresh Patel,Female,46,Nagpur,Maharashtra,2024-09-19
C2658,Ayush Kumar,Female,31,Faridabad,Haryana,2025-02-25
C2659,Kavya Verma,Female,21,Mangaluru,Karnataka,2025-01-24
C2660,Divya Jain,Female,33,Prayagraj,Uttar Pradesh,2025-05-20
C2661,Aditi Mishra,Female,21,Nagpur,Maharashtra,2023-05-05
C2662,Ankit Srivastava,Female,21,Vadodara,Gujarat,2024-08-24
C2663,Aarav Malhotra,Female,64,Warangal,Telangana,2024-06-12
C2664,Aditya Mehta,Female,55,Pune,Maharashtra,2025-09-05
C2665,Neha Patel,Male,19,Gwalior,Madhya Pradesh,2025-01-26
C2666,Divya Agarwal,Male,34,Gurugram,Haryana,2025-11-10
C2667,Komal Joshi,Female,30,Faridabad,Haryana,2023-01-28
C2668,Nisha Kumar,Female,64,Nashik,Maharashtra,2024-05-05
C2669,Rakesh Gupta,Female,39,Varanasi,Uttar Pradesh,2025-02-09
C2670,Sneha Mishra,Female,30,Faridabad,Haryana,2023-04-08
C2671,Kavya Gupta,Female,48,New Delhi,Delhi,2024-12-14
C2672,Neha Malhotra,Male,40,Ahmedabad,Gujarat,2023-09-11
C2673,Nikhil Sharma,Female,26,Durgapur,West Bengal,2023-03-23
C2674,Karan Gupta,Female,32,Ghaziabad,Uttar Pradesh,2024-12-21
C2675,Nikhil Tiwari,Male,24,Warangal,Telangana,2024-04-11
C2676,Tanya Chauhan,Male,51,Bhopal,Madhya Pradesh,2024-03-20
C2677,Ananya Patel,Female,64,Durgapur,West Bengal,2023-12-23
C2678,Aditi Patel,Female,56,Mysuru,Karnataka,2025-01-20
C2679,Sakshi Bansal,Male,36,Gurugram,Haryana,2024-11-08
C2680,Meera Sharma,Male,41,Chennai,Tamil Nadu,2024-12-31
C2681,Pooja Jain,Male,20,Kolkata,West Bengal,2025-05-12
C2682,Sameer Singh,Female,35,Hyderabad,Telangana,2024-10-24
C2683,Sameer Jain,Female,19,Durgapur,West Bengal,2023-03-23
C2684,Suresh Chauhan,Male,53,Pune,Maharashtra,2023-06-22
C2685,Isha Bansal,Female,61,Varanasi,Uttar Pradesh,2025-12-21
C2686,Arjun Chauhan,Male,27,Pune,Maharashtra,2023-11-10
C2687,Priya Kapoor,Male,50,Madurai,Tamil Nadu,2024-04-13
C2688,Vikas Joshi,Male,46,Madurai,Tamil Nadu,2024-02-18
C2689,Neha Bansal,Female,38,Ahmedabad,Gujarat,2025-12-20
C2690,Priya Malhotra,Female,53,Mysuru,Karnataka,2025-06-21
C2691,Sameer Patel,Male,50,Hyderabad,Telangana,2024-06-13
C2692,Ananya Yadav,Female,30,Gwalior,Madhya Pradesh,2025-01-17
C2693,Komal Shah,Female,56,Thane,Maharashtra,2024-08-26
C2694,Sanjay Yadav,Female,49,Durgapur,West Bengal,2024-12-07
C2695,Sneha Patel,Female,32,Kota,Rajasthan,2025-11-10
C2696,Divya Kumar,Female,53,Chennai,Tamil Nadu,2025-01-05
C2697,Neha Mehta,Male,48,Thane,Maharashtra,2023-05-04
C2698,Kavya Verma,Male,23,Hyderabad,Telangana,2024-07-05
C2699,Karan Yadav,Female,25,Muzaffarpur,Bihar,2025-06-16
C2700,Suresh Patel,Female,33,Durgapur,West Bengal,2023-02-13
C2701,Pooja Gupta,Female,20,Gwalior,Madhya Pradesh,2024-01-26
C2702,Riya Chauhan,Female,37,Muzaffarpur,Bihar,2023-08-09
C2703,Suresh Jain,Female,40,Delhi,Delhi,2025-02-28
C2704,Manish Agarwal,Female,55,Rajkot,Gujarat,2023-06-03
C2705,Aditi Sharma,Female,26,Bengaluru,Karnataka,2024-11-14
C2706,Vikas Saxena,Male,45,Patna,Bihar,2023-03-12
C2707,Tanya Joshi,Female,49,Ghaziabad,Uttar Pradesh,2025-10-08
C2708,Komal Jain,Female,39,Mysuru,Karnataka,2023-12-16
C2709,Karan Verma,Male,61,Faridabad,Haryana,2024-03-22
C2710,Isha Kapoor,Male,33,Mumbai,Maharashtra,2025-05-12
C2711,Aarav Tiwari,Female,37,Warangal,Telangana,2024-02-20
C2712,Varun Agarwal,Female,18,Delhi,Delhi,2023-05-07
C2713,Sneha Kumar,Male,37,Muzaffarpur,Bihar,2025-09-17
C2714,Nisha Kumar,Male,18,Faridabad,Haryana,2023-05-03
C2715,Ananya Sharma,Male,65,Delhi,Delhi,2024-06-28
C2716,Vikas Kapoor,Male,29,Siliguri,West Bengal,2023-05-17
C2717,Simran Chauhan,Female,56,New Delhi,Delhi,2025-02-03
C2718,Tanya Chauhan,Female,23,Vadodara,Gujarat,2023-10-23
C2719,Aarav Bansal,Female,31,Kota,Rajasthan,2025-10-17
C2720,Sneha Gupta,Male,23,Hyderabad,Telangana,2023-08-10
C2721,Arjun Chauhan,Male,35,Agra,Uttar Pradesh,2025-01-03
C2722,Simran Mishra,Male,46,Nashik,Maharashtra,2023-01-16
C2723,Akash Mishra,Female,38,Siliguri,West Bengal,2023-05-04
C2724,Aarav Malhotra,Female,47,Ahmedabad,Gujarat,2023-10-30
C2725,Neha Sharma,Male,56,Coimbatore,Tamil Nadu,2025-08-25
C2726,Aditya Saxena,Female,20,Varanasi,Uttar Pradesh,2025-12-26
C2727,Rakesh Chauhan,Male,38,Delhi,Delhi,2024-11-02
C2728,Aarav Bansal,Male,46,Panipat,Haryana,2024-01-04
C2729,Vikas Bansal,Female,43,Ghaziabad,Uttar Pradesh,2023-12-08
C2730,Karan Agarwal,Male,24,Mangaluru,Karnataka,2023-08-20
C2731,Komal Singh,Female,27,Bhopal,Madhya Pradesh,2024-01-08
C2732,Sanjay Bansal,Male,36,Kanpur,Uttar Pradesh,2024-06-26
C2733,Vikas Mehta,Female,49,Siliguri,West Bengal,2025-01-20
C2734,Varun Tiwari,Male,65,Thane,Maharashtra,2023-09-09
C2735,Varun Kumar,Male,35,Faridabad,Haryana,2023-02-09
C2736,Isha Mishra,Male,43,Durgapur,West Bengal,2024-09-04
C2737,Meera Agarwal,Female,32,Gurugram,Haryana,2023-09-23
C2738,Divya Malhotra,Female,19,Mumbai,Maharashtra,2024-03-14
C2739,Ananya Bansal,Female,37,Chennai,Tamil Nadu,2025-02-18
C2740,Shivam Chauhan,Male,34,Kolkata,West Bengal,2025-09-09
C2741,Aarav Yadav,Male,25,Nashik,Maharashtra,2024-08-08
C2742,Simran Patel,Male,50,Nashik,Maharashtra,2025-10-13
C2743,Rohit Sharma,Female,30,Agra,Uttar Pradesh,2023-10-22
C2744,Varun Yadav,Male,28,Patna,Bihar,2025-02-19
C2745,Tanya Agarwal,Male,36,Siliguri,West Bengal,2025-12-08
C2746,Deepak Mehta,Female,64,Ahmedabad,Gujarat,2023-08-25
C2747,Priya Patel,Female,48,Siliguri,West Bengal,2025-03-19
C2748,Komal Agarwal,Male,38,Chennai,Tamil Nadu,2024-06-02
C2749,Neha Joshi,Male,57,Bengaluru,Karnataka,2025-08-22
C2750,Ayush Saxena,Male,19,Bengaluru,Karnataka,2023-12-01
C2751,Isha Verma,Female,34,Jaipur,Rajasthan,2025-11-17
C2752,Aarav Mishra,Male,43,Nagpur,Maharashtra,2025-05-24
C2753,Sakshi Kapoor,Female,41,Faridabad,Haryana,2025-02-11
C2754,Simran Bansal,Male,50,Warangal,Telangana,2023-02-01
C2755,Manish Saxena,Female,51,New Delhi,Delhi,2023-04-01
C2756,Deepak Verma,Female,39,Ahmedabad,Gujarat,2024-12-26
C2757,Mohit Shah,Male,62,Noida,Uttar Pradesh,2024-06-08
C2758,Divya Tiwari,Male,62,Muzaffarpur,Bihar,2023-12-20
C2759,Karan Agarwal,Male,40,Gwalior,Madhya Pradesh,2025-07-10
C2760,Sameer Jain,Female,61,Indore,Madhya Pradesh,2024-06-10
C2761,Nikhil Chauhan,Female,48,New Delhi,Delhi,2024-05-17
C2762,Nisha Kumar,Female,24,Pune,Maharashtra,2023-12-20
C2763,Suresh Kapoor,Male,23,Pune,Maharashtra,2025-12-10
C2764,Divya Srivastava,Male,21,Lucknow,Uttar Pradesh,2024-02-04
C2765,Neha Gupta,Female,28,Agra,Uttar Pradesh,2023-10-12
C2766,Ayush Kapoor,Female,32,Prayagraj,Uttar Pradesh,2025-01-08
C2767,Divya Patel,Female,21,Muzaffarpur,Bihar,2023-02-07
C2768,Suresh Srivastava,Female,47,Ghaziabad,Uttar Pradesh,2024-10-14
C2769,Priya Tiwari,Female,37,Kanpur,Uttar Pradesh,2024-09-10
C2770,Manish Srivastava,Female,46,Hyderabad,Telangana,2023-09-25
C2771,Karan Singh,Female,42,Surat,Gujarat,2025-04-22
C2772,Suresh Bansal,Female,31,Kolkata,West Bengal,2023-02-17
C2773,Komal Tiwari,Female,47,Surat,Gujarat,2025-12-10
C2774,Ananya Joshi,Other,63,Gurugram,Haryana,2025-07-26
C2775,Sneha Joshi,Male,33,Surat,Gujarat,2023-07-12
C2776,Aarav Sharma,Female,32,Chennai,Tamil Nadu,2024-06-23
C2777,Shivam Srivastava,Female,42,Durgapur,West Bengal,2023-08-04
C2778,Deepak Sharma,Male,56,Hubballi,Karnataka,2024-11-08
C2779,Nikhil Mishra,Female,43,Delhi,Delhi,2024-01-21
C2780,Aditya Tiwari,Male,57,Bengaluru,Karnataka,2024-06-18
C2781,Rohit Tiwari,Male,21,Mumbai,Maharashtra,2025-11-13
C2782,Isha Chauhan,Male,22,Warangal,Telangana,2024-11-08
C2783,Nisha Patel,Female,37,Aurangabad,Maharashtra,2025-08-07
C2784,Akash Gupta,Female,29,Varanasi,Uttar Pradesh,2024-11-17
C2785,Deepak Patel,Female,19,Pune,Maharashtra,2024-06-03
C2786,Deepak Kumar,Male,28,Faridabad,Haryana,2023-01-17
C2787,Sameer Srivastava,Female,31,Delhi,Delhi,2023-04-08
C2788,Akash Mehta,Male,62,Kota,Rajasthan,2024-08-06
C2789,Tanya Jain,Male,55,Faridabad,Haryana,2024-07-05
C2790,Deepak Singh,Male,34,Noida,Uttar Pradesh,2024-07-03
C2791,Komal Jain,Female,63,Durgapur,West Bengal,2025-07-14
C2792,Ananya Srivastava,Male,58,Delhi,Delhi,2023-04-15
C2793,Vivek Kapoor,Female,30,Pune,Maharashtra,2024-12-22
C2794,Amit Singh,Female,40,Jaipur,Rajasthan,2025-03-27
C2795,Divya Gupta,Male,62,Indore,Madhya Pradesh,2024-12-08
C2796,Riya Agarwal,Female,39,Delhi,Delhi,2023-09-16
C2797,Varun Kumar,Male,35,Surat,Gujarat,2024-03-20
C2798,Suresh Tiwari,Male,61,Nashik,Maharashtra,2023-03-01
C2799,Arjun Malhotra,Male,49,Salem,Tamil Nadu,2023-07-13
C2800,Rahul Singh,Female,39,Ahmedabad,Gujarat,2025-05-29
C2801,Kavya Bansal,Female,59,Ahmedabad,Gujarat,2024-11-07
C2802,Ankit Agarwal,Female,53,Rajkot,Gujarat,2025-08-05
C2803,Ananya Verma,Female,34,Agra,Uttar Pradesh,2025-01-27
C2804,Yash Mehta,Male,38,Jaipur,Rajasthan,2023-09-21
C2805,Nisha Sharma,Female,20,Udaipur,Rajasthan,2025-06-09
C2806,Vikas Patel,Male,22,Jaipur,Rajasthan,2025-01-22
C2807,Riya Saxena,Male,63,Prayagraj,Uttar Pradesh,2023-07-29
C2808,Rohit Tiwari,Other,20,Hubballi,Karnataka,2023-01-06
C2809,Rohit Mishra,Male,58,Hubballi,Karnataka,2025-04-16
C2810,Rakesh Joshi,Male,27,Agra,Uttar Pradesh,2025-02-28
C2811,Varun Verma,Male,43,Pune,Maharashtra,2023-04-09
C2812,Shivam Mehta,Male,52,Hubballi,Karnataka,2024-05-23
C2813,Ananya Yadav,Female,65,Siliguri,West Bengal,2025-09-27
C2814,Rakesh Mehta,Male,35,Nashik,Maharashtra,2025-05-17
C2815,Varun Gupta,Female,62,Hyderabad,Telangana,2025-06-13
C2816,Divya Tiwari,Male,39,Madurai,Tamil Nadu,2024-03-06
C2817,Nikhil Srivastava,Female,59,Siliguri,West Bengal,2023-05-13
C2818,Vivek Mishra,Female,22,Mysuru,Karnataka,2024-01-20
C2819,Komal Bansal,Female,30,Salem,Tamil Nadu,2025-01-22
C2820,Arjun Singh,Female,47,Ahmedabad,Gujarat,2025-07-09
C2821,Arjun Kapoor,Female,51,Gwalior,Madhya Pradesh,2024-12-06
C2822,Arjun Yadav,Female,56,Salem,Tamil Nadu,2023-02-12
C2823,Nisha Kumar,Female,35,Madurai,Tamil Nadu,2024-10-08
C2824,Meera Malhotra,Male,47,Ahmedabad,Gujarat,2023-07-24
C2825,Tanya Patel,Male,47,Siliguri,West Bengal,2024-10-29
C2826,Suresh Shah,Female,65,Agra,Uttar Pradesh,2024-03-27
C2827,Pooja Shah,Male,23,Madurai,Tamil Nadu,2024-08-06
C2828,Tanya Singh,Male,18,Coimbatore,Tamil Nadu,2024-10-14
C2829,Rahul Singh,Female,45,Bhopal,Madhya Pradesh,2024-11-29
C2830,Simran Joshi,Male,18,Coimbatore,Tamil Nadu,2023-01-06
C2831,Aditi Joshi,Male,27,Mangaluru,Karnataka,2025-11-23
C2832,Nisha Sharma,Female,42,Gaya,Bihar,2024-09-21
C2833,Aditya Agarwal,Male,30,Mangaluru,Karnataka,2024-07-09
C2834,Aarav Joshi,Male,30,Thane,Maharashtra,2024-02-19
C2835,Neha Malhotra,Male,34,Aurangabad,Maharashtra,2023-04-25
C2836,Ayush Saxena,Male,50,Prayagraj,Uttar Pradesh,2024-11-20
C2837,Nikhil Jain,Male,35,Prayagraj,Uttar Pradesh,2024-02-02
C2838,Vivek Shah,Female,56,Hubballi,Karnataka,2024-12-21
C2839,Aarav Mehta,Male,25,Kolkata,West Bengal,2024-04-27
C2840,Sanjay Mishra,Male,22,Kolkata,West Bengal,2023-02-04
C2841,Deepak Singh,Female,25,Agra,Uttar Pradesh,2024-08-30
C2842,Yash Sharma,Male,62,Surat,Gujarat,2025-07-14
C2843,Sakshi Saxena,Male,31,Varanasi,Uttar Pradesh,2024-05-21
C2844,Mohit Verma,Male,19,Indore,Madhya Pradesh,2024-12-13
C2845,Sneha Joshi,Male,33,Mumbai,Maharashtra,2023-05-10
C2846,Aarav Mehta,Male,51,Vadodara,Gujarat,2024-03-21
C2847,Aarav Agarwal,Male,35,Delhi,Delhi,2025-05-18
C2848,Manish Saxena,Female,36,Jodhpur,Rajasthan,2024-04-08
C2849,Aditya Malhotra,Female,22,Mysuru,Karnataka,2025-08-27
C2850,Suresh Sharma,Female,50,Siliguri,West Bengal,2024-03-24
C2851,Akash Bansal,Male,28,Nagpur,Maharashtra,2025-06-07
C2852,Nisha Shah,Female,22,Indore,Madhya Pradesh,2024-12-05
C2853,Shreya Mishra,Female,52,Madurai,Tamil Nadu,2025-11-03
C2854,Shreya Kapoor,Male,62,Durgapur,West Bengal,2024-08-06
C2855,Isha Malhotra,Female,47,Panipat,Haryana,2024-05-27
C2856,Ayush Mishra,Female,62,Muzaffarpur,Bihar,2024-01-23
C2857,Vikas Chauhan,Male,37,Nashik,Maharashtra,2024-12-15
C2858,Akash Joshi,Female,42,Aurangabad,Maharashtra,2025-12-09
C2859,Rohit Joshi,Male,35,Pune,Maharashtra,2023-07-04
C2860,Vikas Singh,Male,42,Mumbai,Maharashtra,2025-10-22
C2861,Suresh Yadav,Male,60,Ahmedabad,Gujarat,2025-12-05
C2862,Ayush Jain,Male,48,Muzaffarpur,Bihar,2025-04-22
C2863,Aditi Joshi,Female,19,Gaya,Bihar,2024-09-27
C2864,Rohit Shah,Female,45,Chennai,Tamil Nadu,2025-08-02
C2865,Aditi Bansal,Male,36,Rajkot,Gujarat,2023-10-14
C2866,Aditi Yadav,Female,44,Gurugram,Haryana,2024-11-25
C2867,Neha Kapoor,Female,44,Bhopal,Madhya Pradesh,2025-05-31
C2868,Nikhil Saxena,Female,46,Pune,Maharashtra,2024-10-04
C2869,Komal Bansal,Female,59,Chennai,Tamil Nadu,2024-02-27
C2870,Aditi Bansal,Female,59,Hyderabad,Telangana,2025-11-05
C2871,Divya Srivastava,Female,64,New Delhi,Delhi,2025-01-07
C2872,Aditya Singh,Male,47,Mangaluru,Karnataka,2025-04-23
C2873,Amit Malhotra,Female,31,Patna,Bihar,2024-11-13
C2874,Arjun Chauhan,Male,27,Patna,Bihar,2025-08-18
C2875,Riya Mehta,Male,58,Bhopal,Madhya Pradesh,2024-06-07
C2876,Ankit Verma,Male,61,Hyderabad,Telangana,2024-08-21
C2877,Rohit Chauhan,Male,19,Nashik,Maharashtra,2025-05-30
C2878,Aarav Gupta,Female,28,Delhi,Delhi,2024-07-20
C2879,Arjun Mishra,Female,50,Salem,Tamil Nadu,2023-09-26
C2880,Arjun Gupta,Female,25,Rajkot,Gujarat,2025-04-09
C2881,Ankit Patel,Female,20,Chennai,Tamil Nadu,2024-02-16
C2882,Mohit Jain,Male,65,Vadodara,Gujarat,2023-04-25
C2883,Tanya Patel,Female,22,Mangaluru,Karnataka,2024-02-13
C2884,Pooja Tiwari,Male,28,Siliguri,West Bengal,2023-03-01
C2885,Aditi Patel,Male,65,Delhi,Delhi,2025-08-19
C2886,Suresh Shah,Female,22,New Delhi,Delhi,2025-12-13
C2887,Ankit Srivastava,Female,56,Kanpur,Uttar Pradesh,2023-10-19
C2888,Meera Saxena,Male,44,Thane,Maharashtra,2025-09-30
C2889,Isha Verma,Male,43,Panipat,Haryana,2025-02-18
C2890,Aditya Sharma,Male,57,Bengaluru,Karnataka,2025-11-12
C2891,Mohit Joshi,Female,19,Nagpur,Maharashtra,2023-06-28
C2892,Nikhil Saxena,Male,20,Kolkata,West Bengal,2023-03-10
C2893,Karan Mehta,Male,27,Chennai,Tamil Nadu,2025-10-04
C2894,Arjun Verma,Female,41,Noida,Uttar Pradesh,2023-10-22
C2895,Ayush Kapoor,Female,64,Delhi,Delhi,2024-10-14
C2896,Divya Malhotra,Male,21,Thane,Maharashtra,2025-09-14
C2897,Meera Mehta,Female,38,Udaipur,Rajasthan,2024-01-11
C2898,Ankit Srivastava,Male,38,Nagpur,Maharashtra,2023-04-08
C2899,Aarav Bansal,Male,27,Prayagraj,Uttar Pradesh,2025-05-16
C2900,Tanya Malhotra,Female,34,Varanasi,Uttar Pradesh,2024-05-09
C2901,Deepak Malhotra,Male,27,Rajkot,Gujarat,2023-01-25
C2902,Sanjay Malhotra,Male,24,Kanpur,Uttar Pradesh,2024-01-09
C2903,Nisha Shah,Female,43,Gurugram,Haryana,2024-08-03
C2904,Shivam Patel,Female,62,Agra,Uttar Pradesh,2025-08-21
C2905,Varun Kapoor,Female,37,Vadodara,Gujarat,2023-09-05
C2906,Manish Joshi,Female,48,Mysuru,Karnataka,2024-07-21
C2907,Varun Patel,Male,50,Hubballi,Karnataka,2023-11-14
C2908,Sneha Kumar,Female,58,Noida,Uttar Pradesh,2023-10-16
C2909,Neha Kapoor,Male,57,Warangal,Telangana,2024-07-28
C2910,Simran Joshi,Female,61,Faridabad,Haryana,2024-12-27
C2911,Shivam Mishra,Male,57,Lucknow,Uttar Pradesh,2023-05-04
C2912,Sneha Agarwal,Male,62,Nashik,Maharashtra,2023-03-25
C2913,Akash Verma,Male,64,Gwalior,Madhya Pradesh,2025-03-11
C2914,Sameer Chauhan,Female,53,Madurai,Tamil Nadu,2023-11-18
C2915,Priya Srivastava,Male,41,Noida,Uttar Pradesh,2024-11-08
C2916,Vikas Mehta,Female,32,Mumbai,Maharashtra,2023-03-26
C2917,Vivek Jain,Female,45,Jodhpur,Rajasthan,2024-10-19
C2918,Nisha Kapoor,Female,57,Durgapur,West Bengal,2025-09-22
C2919,Sanjay Shah,Male,54,Surat,Gujarat,2024-04-24
C2920,Nisha Chauhan,Male,42,Patna,Bihar,2024-09-24
C2921,Akash Singh,Female,21,Salem,Tamil Nadu,2023-11-19
C2922,Priya Sharma,Female,31,New Delhi,Delhi,2023-11-10
C2923,Meera Mehta,Male,45,Bengaluru,Karnataka,2023-03-13
C2924,Nikhil Verma,Female,36,New Delhi,Delhi,2024-06-08
C2925,Kavya Joshi,Male,39,Aurangabad,Maharashtra,2025-11-03
C2926,Tanya Bansal,Male,32,Agra,Uttar Pradesh,2023-05-08
C2927,Riya Kumar,Male,21,New Delhi,Delhi,2024-04-01
C2928,Isha Jain,Male,40,Kolkata,West Bengal,2025-07-05
C2929,Isha Malhotra,Male,39,Ghaziabad,Uttar Pradesh,2024-06-27
C2930,Mohit Saxena,Female,55,Mangaluru,Karnataka,2025-04-12
C2931,Karan Patel,Male,23,Jaipur,Rajasthan,2024-02-16
C2932,Sneha Verma,Female,41,Ahmedabad,Gujarat,2024-10-21
C2933,Varun Mehta,Female,58,Kolkata,West Bengal,2025-12-17
C2934,Sanjay Patel,Female,30,Warangal,Telangana,2024-10-16
C2935,Komal Bansal,Male,33,Kolkata,West Bengal,2025-05-21
C2936,Deepak Mehta,Female,22,Kanpur,Uttar Pradesh,2025-01-29
C2937,Rakesh Yadav,Male,45,Mysuru,Karnataka,2023-04-15
C2938,Riya Bansal,Female,59,Vadodara,Gujarat,2023-06-25
C2939,Karan Shah,Male,41,Nashik,Maharashtra,2024-10-27
C2940,Rohit Gupta,Female,38,Prayagraj,Uttar Pradesh,2024-01-17
C2941,Deepak Mehta,Male,53,Pune,Maharashtra,2024-06-14
C2942,Deepak Tiwari,Female,39,Mysuru,Karnataka,2025-05-18
C2943,Rahul Kapoor,Male,37,Mysuru,Karnataka,2025-12-20
C2944,Neha Yadav,Male,54,Mumbai,Maharashtra,2025-12-28
C2945,Priya Kapoor,Female,31,Warangal,Telangana,2023-03-29
C2946,Neha Yadav,Male,58,Bhopal,Madhya Pradesh,2025-03-26
C2947,Arjun Shah,Female,30,Nagpur,Maharashtra,2025-03-05
C2948,Shreya Shah,Female,42,Gwalior,Madhya Pradesh,2025-08-05
C2949,Karan Verma,Female,30,Lucknow,Uttar Pradesh,2024-04-12
C2950,Neha Mishra,Female,48,Gwalior,Madhya Pradesh,2024-07-04
C2951,Divya Tiwari,Female,38,Muzaffarpur,Bihar,2024-05-09
C2952,Meera Yadav,Female,29,Lucknow,Uttar Pradesh,2024-02-14
C2953,Sameer Saxena,Male,53,Durgapur,West Bengal,2023-09-28
C2954,Pooja Malhotra,Female,62,Muzaffarpur,Bihar,2024-12-05
C2955,Amit Shah,Female,19,Bhopal,Madhya Pradesh,2023-01-19
C2956,Akash Kumar,Male,45,Gaya,Bihar,2025-03-31
C2957,Sakshi Verma,Male,52,Salem,Tamil Nadu,2025-07-10
C2958,Aditi Gupta,Male,52,Lucknow,Uttar Pradesh,2023-09-07
C2959,Varun Mehta,Female,28,Gurugram,Haryana,2023-08-22
C2960,Neha Chauhan,Male,23,Vadodara,Gujarat,2024-07-05
C2961,Neha Srivastava,Female,42,Rajkot,Gujarat,2025-07-15
C2962,Meera Sharma,Female,48,Mangaluru,Karnataka,2023-05-05
C2963,Ananya Yadav,Female,31,Ahmedabad,Gujarat,2024-04-17
C2964,Deepak Gupta,Male,35,Agra,Uttar Pradesh,2023-08-25
C2965,Neha Chauhan,Female,43,Kolkata,West Bengal,2025-07-21
C2966,Divya Verma,Female,39,Prayagraj,Uttar Pradesh,2025-08-23
C2967,Aditya Verma,Male,41,Siliguri,West Bengal,2023-04-03
C2968,Yash Joshi,Male,50,Faridabad,Haryana,2023-06-08
C2969,Komal Mehta,Male,65,Mangaluru,Karnataka,2023-06-22
C2970,Sakshi Verma,Female,56,Madurai,Tamil Nadu,2025-06-07
C2971,Rohit Malhotra,Male,18,Delhi,Delhi,2025-09-13
C2972,Aditya Singh,Male,34,Gaya,Bihar,2024-02-12
C2973,Ayush Sharma,Male,18,Siliguri,West Bengal,2023-06-22
C2974,Vikas Singh,Male,59,New Delhi,Delhi,2024-12-27
C2975,Rakesh Agarwal,Male,48,Nagpur,Maharashtra,2025-09-02
C2976,Kavya Chauhan,Female,28,Nagpur,Maharashtra,2025-09-23
C2977,Sneha Shah,Male,58,Mangaluru,Karnataka,2024-05-02
C2978,Simran Bansal,Female,45,Gwalior,Madhya Pradesh,2025-05-05
C2979,Sanjay Mishra,Male,20,Durgapur,West Bengal,2025-11-12
C2980,Aditya Kapoor,Male,25,Nagpur,Maharashtra,2025-06-23
C2981,Komal Chauhan,Female,56,Faridabad,Haryana,2024-06-03
C2982,Riya Agarwal,Female,31,New Delhi,Delhi,2023-10-13
C2983,Komal Chauhan,Female,43,Faridabad,Haryana,2024-02-12
C2984,Ananya Joshi,Male,60,Thane,Maharashtra,2024-02-01
C2985,Sameer Kapoor,Female,31,Vadodara,Gujarat,2025-12-17
C2986,Aditya Yadav,Female,18,Gwalior,Madhya Pradesh,2025-03-13
C2987,Aditya Joshi,Male,22,Nagpur,Maharashtra,2025-07-29
C2988,Amit Shah,Female,61,Kota,Rajasthan,2025-05-01
C2989,Arjun Chauhan,Male,46,Muzaffarpur,Bihar,2024-06-05
C2990,Varun Tiwari,Male,33,Varanasi,Uttar Pradesh,2025-05-15
C2991,Sameer Agarwal,Female,21,Noida,Uttar Pradesh,2024-12-01
C2992,Nisha Tiwari,Female,51,Jodhpur,Rajasthan,2025-03-21
C2993,Ayush Srivastava,Female,19,Delhi,Delhi,2023-11-26
C2994,Nikhil Mehta,Female,22,Varanasi,Uttar Pradesh,2023-09-11
C2995,Shivam Singh,Male,46,Hubballi,Karnataka,2023-07-17
C2996,Arjun Gupta,Female,48,Durgapur,West Bengal,2023-11-13
C2997,Vikas Singh,Other,45,Mumbai,Maharashtra,2025-12-07
C2998,Sameer Kumar,Male,61,Delhi,Delhi,2025-10-28
C2999,Varun Chauhan,Male,30,Faridabad,Haryana,2023-06-10
C3000,Nikhil Verma,Female,44,Salem,Tamil Nadu,2024-08-29
C3001,Nisha Malhotra,Male,32,Faridabad,Haryana,2025-10-26
C3002,Suresh Joshi,Female,35,Mysuru,Karnataka,2025-04-06
C3003,Sakshi Joshi,Male,25,Patna,Bihar,2024-11-01
C3004,Divya Verma,Female,56,Jaipur,Rajasthan,2024-10-18
C3005,Komal Mehta,Female,51,Varanasi,Uttar Pradesh,2023-12-24
C3006,Ankit Joshi,Female,52,Faridabad,Haryana,2025-10-09
C3007,Pooja Mehta,Female,24,Madurai,Tamil Nadu,2023-04-01
C3008,Shreya Gupta,Male,23,Lucknow,Uttar Pradesh,2025-08-09
C3009,Pooja Kapoor,Female,55,Agra,Uttar Pradesh,2025-08-11
C3010,Amit Singh,Female,49,Jaipur,Rajasthan,2023-10-14
C3011,Ayush Mehta,Female,19,Lucknow,Uttar Pradesh,2024-07-14
C3012,Isha Jain,Female,49,Nagpur,Maharashtra,2025-08-26
C3013,Arjun Yadav,Female,65,Varanasi,Uttar Pradesh,2024-06-03
C3014,Aarav Saxena,Female,54,Mangaluru,Karnataka,2023-11-25
C3015,Pooja Gupta,Female,31,Hubballi,Karnataka,2023-03-18
C3016,Riya Tiwari,Female,33,Salem,Tamil Nadu,2024-04-27
C3017,Vivek Srivastava,Female,54,Nagpur,Maharashtra,2023-11-01
C3018,Nikhil Agarwal,Male,37,Prayagraj,Uttar Pradesh,2025-07-21
C3019,Manish Mishra,Male,53,Ahmedabad,Gujarat,2025-08-01
C3020,Rakesh Kumar,Female,64,Delhi,Delhi,2023-12-21
C3021,Ankit Tiwari,Male,37,Jodhpur,Rajasthan,2023-08-19
C3022,Yash Joshi,Male,45,Prayagraj,Uttar Pradesh,2023-11-15
C3023,Ankit Sharma,Male,41,Ghaziabad,Uttar Pradesh,2024-03-16
C3024,Vivek Shah,Female,42,Thane,Maharashtra,2025-01-02
C3025,Tanya Singh,Female,21,Hubballi,Karnataka,2023-06-16
C3026,Komal Mehta,Female,65,Bengaluru,Karnataka,2025-12-30
C3027,Ananya Shah,Female,43,Hyderabad,Telangana,2025-02-05
C3028,Aditi Singh,Female,29,Delhi,Delhi,2023-05-24
C3029,Riya Saxena,Male,45,Madurai,Tamil Nadu,2023-12-11
C3030,Ananya Yadav,Male,37,Ahmedabad,Gujarat,2025-02-06
C3031,Neha Shah,Male,57,Prayagraj,Uttar Pradesh,2024-07-05
C3032,Aarav Joshi,Male,54,Chennai,Tamil Nadu,2024-07-31
C3033,Priya Chauhan,Female,36,Delhi,Delhi,2023-02-15
C3034,Manish Patel,Male,52,Bengaluru,Karnataka,2024-03-25
C3035,Amit Tiwari,Female,19,Agra,Uttar Pradesh,2024-11-03
C3036,Yash Agarwal,Female,64,Warangal,Telangana,2025-04-01
C3037,Pooja Srivastava,Male,42,Bhopal,Madhya Pradesh,2024-05-04
C3038,Kavya Verma,Other,49,Prayagraj,Uttar Pradesh,2024-08-30
C3039,Isha Kapoor,Female,48,Vadodara,Gujarat,2023-09-01
C3040,Divya Singh,Female,33,Durgapur,West Bengal,2025-05-23
C3041,Ayush Chauhan,Female,51,Nagpur,Maharashtra,2025-02-03
C3042,Ankit Chauhan,Female,37,Warangal,Telangana,2025-03-25
C3043,Kavya Jain,Female,50,Vadodara,Gujarat,2025-01-01
C3044,Priya Shah,Female,22,Gwalior,Madhya Pradesh,2025-12-14
C3045,Aditi Mehta,Male,25,Muzaffarpur,Bihar,2025-08-21
C3046,Aditi Yadav,Female,62,Noida,Uttar Pradesh,2025-06-06
C3047,Kavya Malhotra,Female,53,Mangaluru,Karnataka,2024-01-03
C3048,Simran Malhotra,Male,24,Salem,Tamil Nadu,2023-03-15
C3049,Nisha Shah,Male,28,Noida,Uttar Pradesh,2023-01-01
C3050,Rahul Kumar,Male,44,Delhi,Delhi,2025-05-03
C3051,Tanya Tiwari,Male,18,Patna,Bihar,2025-09-11
C3052,Isha Kumar,Male,37,Ghaziabad,Uttar Pradesh,2024-12-12
C3053,Ayush Joshi,Male,33,Hubballi,Karnataka,2025-02-28
C3054,Aditi Kumar,Female,24,Gurugram,Haryana,2023-04-09
C3055,Sanjay Kumar,Female,32,Delhi,Delhi,2024-09-11
C3056,Akash Sharma,Female,32,Bengaluru,Karnataka,2024-10-25
C3057,Sneha Agarwal,Male,21,Gaya,Bihar,2023-06-21
C3058,Kavya Joshi,Female,48,Hubballi,Karnataka,2025-04-02
C3059,Ayush Shah,Male,31,Lucknow,Uttar Pradesh,2024-01-03
C3060,Priya Malhotra,Male,19,Lucknow,Uttar Pradesh,2023-08-04
C3061,Sameer Malhotra,Female,19,Bhopal,Madhya Pradesh,2025-02-01
C3062,Divya Kumar,Female,64,Nagpur,Maharashtra,2024-04-21
C3063,Riya Singh,Other,23,Chennai,Tamil Nadu,2024-08-09
C3064,Pooja Joshi,Female,61,Agra,Uttar Pradesh,2024-08-17
C3065,Vivek Malhotra,Female,25,Mysuru,Karnataka,2024-11-12
C3066,Aditya Mehta,Female,22,Indore,Madhya Pradesh,2024-03-28
C3067,Nisha Verma,Female,44,Coimbatore,Tamil Nadu,2025-06-11
C3068,Shivam Saxena,Male,59,Patna,Bihar,2025-08-17
C3069,Manish Singh,Male,21,Aurangabad,Maharashtra,2024-06-13
C3070,Aarav Joshi,Other,33,Salem,Tamil Nadu,2023-07-04
C3071,Shivam Kumar,Female,54,Faridabad,Haryana,2023-11-02
C3072,Aarav Malhotra,Male,21,Hubballi,Karnataka,2025-04-24
C3073,Neha Jain,Male,26,Nagpur,Maharashtra,2023-10-09
C3074,Karan Kapoor,Male,32,Panipat,Haryana,2025-05-02
C3075,Suresh Singh,Male,56,New Delhi,Delhi,2024-12-26
C3076,Amit Mehta,Male,56,Coimbatore,Tamil Nadu,2024-05-05
C3077,Sameer Kumar,Female,52,Muzaffarpur,Bihar,2023-05-19
C3078,Ayush Malhotra,Male,49,Pune,Maharashtra,2024-08-13
C3079,Pooja Kumar,Male,19,Delhi,Delhi,2025-01-28
C3080,Sameer Singh,Male,29,Kanpur,Uttar Pradesh,2023-06-18
C3081,Isha Kapoor,Female,62,Mysuru,Karnataka,2025-06-22
C3082,Divya Singh,Male,52,Nagpur,Maharashtra,2023-08-02
C3083,Tanya Verma,Male,29,Kota,Rajasthan,2024-03-27
C3084,Rahul Saxena,Female,51,Mumbai,Maharashtra,2024-08-05
C3085,Aditya Saxena,Female,52,Kota,Rajasthan,2025-03-20
C3086,Meera Srivastava,Male,53,Thane,Maharashtra,2023-09-04
C3087,Aarav Mishra,Female,65,Delhi,Delhi,2024-01-03
C3088,Deepak Shah,Male,43,Delhi,Delhi,2025-06-02
C3089,Simran Bansal,Female,20,Durgapur,West Bengal,2023-12-27
C3090,Aditya Kumar,Male,57,Mangaluru,Karnataka,2024-11-05
C3091,Varun Kapoor,Female,18,New Delhi,Delhi,2024-03-11
C3092,Pooja Singh,Other,48,Faridabad,Haryana,2023-03-03
C3093,Ananya Tiwari,Female,56,Rajkot,Gujarat,2024-07-17
C3094,Kavya Joshi,Female,24,Nagpur,Maharashtra,2024-01-27
C3095,Komal Patel,Male,56,Bhopal,Madhya Pradesh,2023-10-18
C3096,Divya Patel,Female,56,New Delhi,Delhi,2025-07-28
C3097,Isha Gupta,Male,49,Kanpur,Uttar Pradesh,2025-04-27
C3098,Vivek Mishra,Male,33,Coimbatore,Tamil Nadu,2023-10-31
C3099,Shreya Kapoor,Female,27,Agra,Uttar Pradesh,2024-07-27
C3100,Riya Shah,Female,51,Nashik,Maharashtra,2023-02-28
C3101,Deepak Shah,Female,25,Durgapur,West Bengal,2023-04-13
C3102,Varun Gupta,Female,50,Agra,Uttar Pradesh,2024-08-14
C3103,Isha Malhotra,Female,26,Hyderabad,Telangana,2025-10-15
C3104,Aditya Agarwal,Female,34,Bhopal,Madhya Pradesh,2025-10-12
C3105,Yash Gupta,Female,42,Ahmedabad,Gujarat,2024-05-07
C3106,Rohit Tiwari,Female,25,Durgapur,West Bengal,2025-02-09
C3107,Nisha Shah,Male,56,Durgapur,West Bengal,2024-06-22
C3108,Ayush Shah,Female,51,Patna,Bihar,2025-09-17
C3109,Sakshi Chauhan,Female,18,New Delhi,Delhi,2024-09-15
C3110,Divya Agarwal,Female,58,Mumbai,Maharashtra,2025-09-02
C3111,Sanjay Tiwari,Male,52,Coimbatore,Tamil Nadu,2024-02-02
C3112,Isha Malhotra,Male,58,Chennai,Tamil Nadu,2025-10-16
C3113,Simran Joshi,Male,46,Aurangabad,Maharashtra,2025-03-05
C3114,Nisha Verma,Male,48,Ahmedabad,Gujarat,2025-04-20
C3115,Kavya Singh,Female,36,Varanasi,Uttar Pradesh,2023-01-16
C3116,Ayush Jain,Male,28,Bhopal,Madhya Pradesh,2025-06-01
C3117,Arjun Sharma,Male,29,Pune,Maharashtra,2023-06-27
C3118,Shreya Singh,Female,33,Prayagraj,Uttar Pradesh,2025-10-22
C3119,Arjun Mehta,Male,31,Noida,Uttar Pradesh,2023-07-26
C3120,Rakesh Kapoor,Male,54,Aurangabad,Maharashtra,2025-06-23
C3121,Aditi Gupta,Female,43,Thane,Maharashtra,2024-11-26
C3122,Suresh Kapoor,Female,37,Varanasi,Uttar Pradesh,2024-03-05
C3123,Neha Tiwari,Other,52,Aurangabad,Maharashtra,2025-09-02
C3124,Simran Kapoor,Female,53,Nagpur,Maharashtra,2024-03-01
C3125,Suresh Bansal,Other,62,New Delhi,Delhi,2023-03-11
C3126,Arjun Kapoor,Male,32,New Delhi,Delhi,2023-03-24
C3127,Komal Verma,Female,29,Delhi,Delhi,2025-07-22
C3128,Aarav Agarwal,Female,18,New Delhi,Delhi,2024-02-26
C3129,Karan Tiwari,Female,25,Prayagraj,Uttar Pradesh,2025-06-16
C3130,Nisha Malhotra,Male,46,Kanpur,Uttar Pradesh,2023-01-22
C3131,Aditya Bansal,Male,56,Aurangabad,Maharashtra,2023-03-25
C3132,Suresh Chauhan,Male,46,Durgapur,West Bengal,2025-12-17
C3133,Shreya Verma,Female,65,Patna,Bihar,2023-06-06
C3134,Suresh Mishra,Female,48,Bhopal,Madhya Pradesh,2025-01-22
C3135,Meera Joshi,Male,60,Salem,Tamil Nadu,2024-01-19
C3136,Manish Sharma,Female,30,Chennai,Tamil Nadu,2024-07-01
C3137,Aditya Mehta,Female,33,New Delhi,Delhi,2023-05-06
C3138,Shivam Saxena,Female,56,Kolkata,West Bengal,2023-10-20
C3139,Sanjay Joshi,Male,49,Siliguri,West Bengal,2025-04-10
C3140,Vikas Yadav,Female,41,Gurugram,Haryana,2024-08-09
C3141,Yash Kapoor,Female,63,Faridabad,Haryana,2024-07-05
C3142,Deepak Kumar,Female,54,Hubballi,Karnataka,2025-10-31
C3143,Simran Srivastava,Female,32,Kolkata,West Bengal,2024-03-25
C3144,Aditya Kumar,Female,47,Hyderabad,Telangana,2025-05-30
C3145,Simran Srivastava,Male,37,New Delhi,Delhi,2025-03-04
C3146,Varun Patel,Female,37,Indore,Madhya Pradesh,2024-05-19
C3147,Rahul Jain,Male,56,Noida,Uttar Pradesh,2023-11-17
C3148,Aditi Shah,Female,50,Patna,Bihar,2024-01-23
C3149,Isha Verma,Female,18,Kolkata,West Bengal,2025-08-12
C3150,Akash Patel,Female,45,Prayagraj,Uttar Pradesh,2023-12-01
C3151,Aditi Saxena,Female,49,Jaipur,Rajasthan,2024-12-17
C3152,Simran Saxena,Male,42,Agra,Uttar Pradesh,2023-05-17
C3153,Manish Gupta,Male,32,Durgapur,West Bengal,2024-01-15
C3154,Rahul Malhotra,Female,49,Warangal,Telangana,2025-10-20
C3155,Aarav Srivastava,Male,63,Vadodara,Gujarat,2024-08-14
C3156,Nisha Saxena,Male,22,Faridabad,Haryana,2025-06-19
C3157,Amit Jain,Other,46,Ghaziabad,Uttar Pradesh,2023-10-12
C3158,Pooja Sharma,Male,61,Mumbai,Maharashtra,2025-04-13
C3159,Sneha Tiwari,Male,37,Bengaluru,Karnataka,2025-12-14
C3160,Riya Agarwal,Male,34,Prayagraj,Uttar Pradesh,2025-10-10
C3161,Sanjay Agarwal,Female,29,Bengaluru,Karnataka,2024-04-21
C3162,Mohit Bansal,Male,28,Pune,Maharashtra,2025-01-16
C3163,Sakshi Yadav,Female,36,Bengaluru,Karnataka,2025-09-08
C3164,Nikhil Saxena,Female,55,Bengaluru,Karnataka,2025-06-09
C3165,Riya Singh,Male,26,Gurugram,Haryana,2025-12-06
C3166,Ankit Kapoor,Male,29,Nashik,Maharashtra,2023-02-04
C3167,Karan Chauhan,Male,65,Faridabad,Haryana,2024-08-09
C3168,Tanya Chauhan,Female,65,Bengaluru,Karnataka,2025-05-16
C3169,Neha Tiwari,Male,28,Delhi,Delhi,2025-03-10
C3170,Vivek Srivastava,Male,38,Chennai,Tamil Nadu,2023-06-18
C3171,Riya Yadav,Male,37,Mangaluru,Karnataka,2024-09-18
C3172,Isha Chauhan,Male,32,Thane,Maharashtra,2023-07-01
C3173,Rahul Tiwari,Female,25,Madurai,Tamil Nadu,2023-04-11
C3174,Rohit Shah,Male,20,Agra,Uttar Pradesh,2023-05-03
C3175,Akash Jain,Female,47,New Delhi,Delhi,2025-11-08
C3176,Rohit Kumar,Male,20,Ahmedabad,Gujarat,2023-10-25
C3177,Ayush Mehta,Female,47,Hubballi,Karnataka,2024-05-15
C3178,Isha Kapoor,Female,22,Hyderabad,Telangana,2023-10-08
C3179,Pooja Jain,Male,25,Mumbai,Maharashtra,2025-09-05
C3180,Ananya Jain,Female,18,Muzaffarpur,Bihar,2025-08-31
C3181,Riya Mehta,Female,37,Warangal,Telangana,2024-12-18
C3182,Karan Sharma,Female,33,Patna,Bihar,2025-06-26
C3183,Komal Chauhan,Female,33,Hyderabad,Telangana,2023-04-26
C3184,Rakesh Yadav,Female,32,Noida,Uttar Pradesh,2025-12-30
C3185,Sameer Kumar,Male,63,Chennai,Tamil Nadu,2024-04-01
C3186,Rakesh Sharma,Female,38,Nashik,Maharashtra,2024-03-14
C3187,Pooja Srivastava,Male,56,Hyderabad,Telangana,2023-08-03
C3188,Suresh Srivastava,Female,29,Vadodara,Gujarat,2025-08-18
C3189,Priya Singh,Female,41,Pune,Maharashtra,2023-07-05
C3190,Aarav Gupta,Female,21,Gwalior,Madhya Pradesh,2025-07-28
C3191,Akash Jain,Female,30,Prayagraj,Uttar Pradesh,2025-02-22
C3192,Akash Gupta,Male,21,Surat,Gujarat,2025-04-25
C3193,Nikhil Kapoor,Female,18,Siliguri,West Bengal,2023-02-02
C3194,Shivam Singh,Male,26,Noida,Uttar Pradesh,2025-03-19
C3195,Rakesh Shah,Female,25,Ahmedabad,Gujarat,2025-11-23
C3196,Meera Agarwal,Female,33,Warangal,Telangana,2024-03-07
C3197,Yash Patel,Male,53,Noida,Uttar Pradesh,2024-05-07
C3198,Isha Jain,Female,25,Madurai,Tamil Nadu,2023-05-03
C3199,Akash Gupta,Male,47,Nagpur,Maharashtra,2024-06-20
C3200,Manish Verma,Female,35,Jaipur,Rajasthan,2025-01-07
C3201,Meera Singh,Female,37,Agra,Uttar Pradesh,2023-11-24
C3202,Sameer Kumar,Female,62,Bhopal,Madhya Pradesh,2025-03-22
C3203,Divya Chauhan,Female,40,Panipat,Haryana,2023-04-04
C3204,Aarav Yadav,Male,30,Pune,Maharashtra,2025-01-08
C3205,Rahul Mishra,Male,29,Delhi,Delhi,2024-10-06
C3206,Manish Kumar,Male,26,Rajkot,Gujarat,2023-09-09
C3207,Nikhil Bansal,Male,56,Kolkata,West Bengal,2024-01-13
C3208,Sakshi Tiwari,Male,49,Hubballi,Karnataka,2023-09-20
C3209,Shreya Bansal,Female,30,Prayagraj,Uttar Pradesh,2024-11-14
C3210,Nisha Joshi,Female,41,Agra,Uttar Pradesh,2024-11-28
C3211,Sakshi Saxena,Male,42,Muzaffarpur,Bihar,2024-08-31
C3212,Rahul Jain,Female,20,Hubballi,Karnataka,2023-08-01
C3213,Akash Srivastava,Female,61,Gurugram,Haryana,2023-08-26
C3214,Nisha Bansal,Male,55,Salem,Tamil Nadu,2025-06-06
C3215,Shreya Sharma,Female,43,Indore,Madhya Pradesh,2024-05-20
C3216,Shivam Patel,Male,52,Noida,Uttar Pradesh,2024-04-21
C3217,Isha Yadav,Female,23,Noida,Uttar Pradesh,2023-12-04
C3218,Sanjay Singh,Female,64,Bhopal,Madhya Pradesh,2025-10-15
C3219,Sameer Saxena,Male,48,Gwalior,Madhya Pradesh,2023-09-20
C3220,Amit Sharma,Male,63,Delhi,Delhi,2025-04-21
C3221,Akash Kapoor,Female,59,Delhi,Delhi,2023-09-24
C3222,Yash Chauhan,Male,46,Bengaluru,Karnataka,2023-01-14
C3223,Aditi Patel,Female,31,Mangaluru,Karnataka,2023-10-01
C3224,Aditi Agarwal,Female,50,Nagpur,Maharashtra,2023-10-22
C3225,Manish Joshi,Male,42,Faridabad,Haryana,2025-03-26
C3226,Rakesh Saxena,Female,37,Pune,Maharashtra,2024-08-04
C3227,Akash Verma,Female,52,Jaipur,Rajasthan,2024-04-16
C3228,Karan Yadav,Male,60,Ghaziabad,Uttar Pradesh,2024-06-05
C3229,Mohit Joshi,Female,26,Agra,Uttar Pradesh,2025-11-09
C3230,Suresh Tiwari,Female,44,Jodhpur,Rajasthan,2025-10-26
C3231,Sneha Yadav,Female,55,New Delhi,Delhi,2023-01-29
C3232,Deepak Agarwal,Male,33,Kota,Rajasthan,2025-07-12
C3233,Vikas Chauhan,Male,34,Agra,Uttar Pradesh,2024-01-31
C3234,Neha Gupta,Female,18,Bhopal,Madhya Pradesh,2025-04-03
C3235,Aarav Singh,Female,33,Durgapur,West Bengal,2025-12-14
C3236,Sanjay Mehta,Male,46,Gurugram,Haryana,2024-07-16
C3237,Sanjay Sharma,Female,64,Agra,Uttar Pradesh,2024-11-14
C3238,Nisha Gupta,Female,43,Delhi,Delhi,2024-04-14
C3239,Meera Joshi,Male,31,New Delhi,Delhi,2023-03-23
C3240,Kavya Malhotra,Female,56,Chennai,Tamil Nadu,2023-02-10
C3241,Kavya Shah,Female,27,New Delhi,Delhi,2024-01-30
C3242,Pooja Agarwal,Female,26,Noida,Uttar Pradesh,2025-06-18
C3243,Arjun Mehta,Female,43,Delhi,Delhi,2024-01-09
C3244,Aditya Joshi,Female,57,Nagpur,Maharashtra,2024-04-16
C3245,Suresh Saxena,Female,28,New Delhi,Delhi,2024-08-04
C3246,Aditi Bansal,Female,18,Thane,Maharashtra,2023-12-18
C3247,Isha Malhotra,Male,52,Pune,Maharashtra,2024-06-20
C3248,Aditya Srivastava,Male,46,Surat,Gujarat,2024-10-26
C3249,Nikhil Saxena,Female,50,Delhi,Delhi,2025-07-21
C3250,Sameer Kumar,Female,37,New Delhi,Delhi,2025-04-05
C3251,Isha Chauhan,Male,23,Chennai,Tamil Nadu,2025-06-14
C3252,Rakesh Srivastava,Male,33,Kolkata,West Bengal,2024-07-26
C3253,Neha Mishra,Male,40,Delhi,Delhi,2025-02-04
C3254,Vivek Sharma,Female,38,Ahmedabad,Gujarat,2023-06-13
C3255,Simran Joshi,Female,60,Muzaffarpur,Bihar,2023-06-11
C3256,Sanjay Jain,Female,28,Chennai,Tamil Nadu,2025-10-06
C3257,Aditya Kapoor,Male,32,Gwalior,Madhya Pradesh,2024-10-23
C3258,Akash Shah,Female,26,Warangal,Telangana,2023-05-04
C3259,Ankit Singh,Male,45,Noida,Uttar Pradesh,2024-03-22
C3260,Suresh Verma,Male,56,Bengaluru,Karnataka,2025-11-27
C3261,Rahul Srivastava,Male,60,Jaipur,Rajasthan,2023-01-24
C3262,Priya Sharma,Female,28,Patna,Bihar,2024-04-29
C3263,Aarav Kapoor,Female,38,Mysuru,Karnataka,2025-07-05
C3264,Komal Yadav,Male,53,Varanasi,Uttar Pradesh,2025-11-02
C3265,Komal Patel,Male,20,Surat,Gujarat,2024-02-08
C3266,Akash Shah,Female,52,Prayagraj,Uttar Pradesh,2025-09-28
C3267,Tanya Yadav,Male,24,Kolkata,West Bengal,2025-02-23
C3268,Tanya Malhotra,Female,19,Coimbatore,Tamil Nadu,2024-03-20
C3269,Neha Malhotra,Male,23,Kolkata,West Bengal,2025-05-03
C3270,Nikhil Singh,Male,60,Gurugram,Haryana,2025-05-26
C3271,Ankit Agarwal,Male,50,Rajkot,Gujarat,2023-10-29
C3272,Rohit Kapoor,Female,55,Ahmedabad,Gujarat,2023-04-09
C3273,Amit Kapoor,Male,51,Kolkata,West Bengal,2025-05-05
C3274,Mohit Shah,Male,56,Panipat,Haryana,2023-04-01
C3275,Pooja Bansal,Female,41,Faridabad,Haryana,2025-05-02
C3276,Deepak Kumar,Male,56,Lucknow,Uttar Pradesh,2024-01-25
C3277,Nikhil Kumar,Female,20,Salem,Tamil Nadu,2025-02-08
C3278,Isha Malhotra,Male,45,Pune,Maharashtra,2024-10-29
C3279,Vivek Malhotra,Female,54,Gurugram,Haryana,2023-02-12
C3280,Manish Saxena,Male,65,Jodhpur,Rajasthan,2023-01-11
C3281,Nikhil Gupta,Female,35,Mangaluru,Karnataka,2024-11-20
C3282,Varun Shah,Female,26,Pune,Maharashtra,2024-07-18
C3283,Mohit Malhotra,Female,52,Delhi,Delhi,2023-02-17
C3284,Sneha Verma,Female,21,Jaipur,Rajasthan,2025-12-04
C3285,Ananya Shah,Male,55,Thane,Maharashtra,2023-09-19
C3286,Akash Joshi,Male,51,Noida,Uttar Pradesh,2025-07-28
C3287,Nisha Verma,Female,51,Faridabad,Haryana,2023-05-08
C3288,Sakshi Agarwal,Female,32,Siliguri,West Bengal,2023-09-12
C3289,Neha Verma,Female,23,Pune,Maharashtra,2024-08-02
C3290,Shreya Tiwari,Female,47,Delhi,Delhi,2024-08-01
C3291,Sameer Verma,Female,35,Muzaffarpur,Bihar,2024-10-23
C3292,Yash Kumar,Female,36,Udaipur,Rajasthan,2023-07-07
C3293,Kavya Sharma,Female,27,Surat,Gujarat,2023-10-17
C3294,Yash Sharma,Female,34,Delhi,Delhi,2023-10-16
C3295,Riya Gupta,Male,57,Delhi,Delhi,2024-04-27
C3296,Divya Joshi,Female,60,Kanpur,Uttar Pradesh,2025-10-07
C3297,Vivek Sharma,Male,34,Durgapur,West Bengal,2024-05-21
C3298,Ayush Yadav,Male,24,Ghaziabad,Uttar Pradesh,2025-12-28
C3299,Komal Singh,Female,19,Prayagraj,Uttar Pradesh,2023-10-03
C3300,Deepak Jain,Female,27,Durgapur,West Bengal,2023-09-23
C3301,Meera Sharma,Male,18,Gwalior,Madhya Pradesh,2023-04-21
C3302,Riya Joshi,Female,50,Durgapur,West Bengal,2023-08-21
C3303,Deepak Malhotra,Male,48,Mysuru,Karnataka,2023-12-08
C3304,Akash Kapoor,Male,55,Madurai,Tamil Nadu,2024-02-25
C3305,Karan Verma,Female,33,Bengaluru,Karnataka,2025-02-20
C3306,Deepak Srivastava,Female,57,New Delhi,Delhi,2024-05-03
C3307,Rahul Malhotra,Female,26,Salem,Tamil Nadu,2025-01-21
C3308,Divya Singh,Male,29,Mysuru,Karnataka,2023-04-08
C3309,Aditi Jain,Female,61,Rajkot,Gujarat,2025-11-02
C3310,Meera Bansal,Male,60,Faridabad,Haryana,2023-06-11
C3311,Vikas Mishra,Female,46,Patna,Bihar,2023-02-06
C3312,Nisha Agarwal,Male,47,Noida,Uttar Pradesh,2024-04-10
C3313,Shreya Joshi,Female,51,Delhi,Delhi,2024-12-14
C3314,Shivam Singh,Male,57,Nagpur,Maharashtra,2023-09-15
C3315,Meera Chauhan,Male,29,Delhi,Delhi,2023-06-28
C3316,Meera Gupta,Male,21,Mumbai,Maharashtra,2025-07-14
C3317,Deepak Sharma,Female,26,Pune,Maharashtra,2025-06-21
C3318,Vikas Sharma,Female,35,Kolkata,West Bengal,2025-04-02
C3319,Sakshi Agarwal,Female,29,Coimbatore,Tamil Nadu,2023-08-30
C3320,Amit Srivastava,Male,43,Gwalior,Madhya Pradesh,2024-08-10
C3321,Suresh Saxena,Male,24,Lucknow,Uttar Pradesh,2025-01-25
C3322,Komal Tiwari,Female,45,Varanasi,Uttar Pradesh,2024-04-18
C3323,Sneha Shah,Male,52,Bengaluru,Karnataka,2023-07-15
C3324,Shreya Jain,Female,22,Agra,Uttar Pradesh,2025-06-28
C3325,Deepak Agarwal,Male,31,Aurangabad,Maharashtra,2025-10-24
C3326,Pooja Sharma,Female,43,Gaya,Bihar,2023-07-01
C3327,Yash Tiwari,Female,21,Pune,Maharashtra,2025-02-08
C3328,Nikhil Patel,Male,49,Nashik,Maharashtra,2025-08-29
C3329,Yash Patel,Male,54,Surat,Gujarat,2023-02-23
C3330,Shreya Shah,Female,35,Salem,Tamil Nadu,2025-01-26
C3331,Karan Bansal,Male,18,Rajkot,Gujarat,2025-10-08
C3332,Deepak Verma,Female,42,Delhi,Delhi,2023-10-14
C3333,Shreya Kapoor,Female,59,Warangal,Telangana,2023-06-01
C3334,Tanya Kapoor,Male,32,Varanasi,Uttar Pradesh,2023-10-04
C3335,Aarav Saxena,Female,58,Mangaluru,Karnataka,2025-06-08
C3336,Nikhil Sharma,Male,59,Jodhpur,Rajasthan,2024-09-02
C3337,Sakshi Gupta,Female,31,Panipat,Haryana,2023-01-20
C3338,Nikhil Patel,Male,46,New Delhi,Delhi,2024-10-05
C3339,Akash Srivastava,Female,20,Ahmedabad,Gujarat,2025-06-11
C3340,Rahul Chauhan,Male,44,Varanasi,Uttar Pradesh,2023-07-22
C3341,Pooja Mehta,Male,60,Nashik,Maharashtra,2024-10-01
C3342,Vivek Verma,Male,63,Ghaziabad,Uttar Pradesh,2023-09-08
C3343,Rakesh Gupta,Male,27,Siliguri,West Bengal,2023-01-21
C3344,Aditya Joshi,Female,49,Nagpur,Maharashtra,2024-03-14
C3345,Rahul Verma,Male,21,Siliguri,West Bengal,2025-04-27
C3346,Rohit Mehta,Male,31,Kanpur,Uttar Pradesh,2025-01-02
C3347,Aditya Saxena,Male,58,Panipat,Haryana,2023-04-22
C3348,Priya Agarwal,Male,48,Hyderabad,Telangana,2023-07-23
C3349,Neha Agarwal,Male,36,Prayagraj,Uttar Pradesh,2024-08-14
C3350,Aarav Sharma,Male,64,Kanpur,Uttar Pradesh,2023-12-18
C3351,Varun Yadav,Female,54,Lucknow,Uttar Pradesh,2023-12-30
C3352,Nikhil Malhotra,Female,19,Panipat,Haryana,2024-04-22
C3353,Sameer Agarwal,Female,21,Nashik,Maharashtra,2025-04-11
C3354,Varun Gupta,Male,48,Madurai,Tamil Nadu,2024-09-22
C3355,Pooja Kumar,Female,60,Mangaluru,Karnataka,2025-07-23
C3356,Riya Singh,Female,25,Hyderabad,Telangana,2023-04-22
C3357,Komal Malhotra,Female,43,Salem,Tamil Nadu,2024-05-23
C3358,Isha Joshi,Male,57,Coimbatore,Tamil Nadu,2024-08-25
C3359,Meera Shah,Male,59,Muzaffarpur,Bihar,2025-04-09
C3360,Ayush Shah,Male,48,Agra,Uttar Pradesh,2024-07-18
C3361,Ananya Gupta,Male,65,Hyderabad,Telangana,2025-09-30
C3362,Sakshi Shah,Female,62,Noida,Uttar Pradesh,2025-07-06
C3363,Kavya Singh,Male,58,Hubballi,Karnataka,2025-01-24
C3364,Nikhil Tiwari,Male,50,Faridabad,Haryana,2024-03-11
C3365,Sneha Singh,Male,65,Jodhpur,Rajasthan,2023-12-19
C3366,Komal Jain,Male,18,Kota,Rajasthan,2024-08-07
C3367,Sakshi Sharma,Male,22,Nashik,Maharashtra,2024-05-22
C3368,Manish Bansal,Male,42,Mangaluru,Karnataka,2023-02-02
C3369,Meera Gupta,Female,50,Delhi,Delhi,2023-09-09
C3370,Amit Tiwari,Male,61,Chennai,Tamil Nadu,2025-07-03
C3371,Vivek Sharma,Female,50,Bengaluru,Karnataka,2024-05-16
C3372,Komal Saxena,Female,29,Delhi,Delhi,2025-11-05
C3373,Mohit Malhotra,Female,61,New Delhi,Delhi,2023-09-27
C3374,Karan Verma,Female,21,Thane,Maharashtra,2025-11-25
C3375,Sneha Verma,Male,22,New Delhi,Delhi,2025-06-02
C3376,Mohit Agarwal,Female,52,Lucknow,Uttar Pradesh,2024-01-28
C3377,Ayush Saxena,Female,64,Panipat,Haryana,2024-10-29
C3378,Shivam Srivastava,Male,42,Vadodara,Gujarat,2025-12-18
C3379,Rahul Gupta,Male,24,Prayagraj,Uttar Pradesh,2024-11-24
C3380,Kavya Agarwal,Female,20,Udaipur,Rajasthan,2025-10-17
C3381,Komal Verma,Male,65,Gurugram,Haryana,2023-05-01
C3382,Shreya Kumar,Female,31,Aurangabad,Maharashtra,2023-06-29
C3383,Tanya Joshi,Male,48,Lucknow,Uttar Pradesh,2023-01-02
C3384,Nisha Mishra,Male,33,Noida,Uttar Pradesh,2023-12-23
C3385,Mohit Verma,Female,28,Ghaziabad,Uttar Pradesh,2025-05-14
C3386,Sakshi Srivastava,Female,50,Kolkata,West Bengal,2025-11-21
C3387,Isha Kapoor,Female,53,Gaya,Bihar,2024-08-16
C3388,Rohit Bansal,Female,40,Agra,Uttar Pradesh,2024-04-07
C3389,Varun Sharma,Female,42,Durgapur,West Bengal,2025-10-17
C3390,Aarav Tiwari,Male,41,Noida,Uttar Pradesh,2024-10-06
C3391,Ayush Mehta,Other,46,Ahmedabad,Gujarat,2024-08-11
C3392,Varun Shah,Male,56,Siliguri,West Bengal,2023-04-03
C3393,Aarav Sharma,Male,52,New Delhi,Delhi,2023-08-24
C3394,Shivam Srivastava,Female,31,Prayagraj,Uttar Pradesh,2025-02-03
C3395,Meera Shah,Male,29,Vadodara,Gujarat,2025-02-03
C3396,Komal Saxena,Female,50,Patna,Bihar,2024-06-27
C3397,Riya Malhotra,Male,48,Aurangabad,Maharashtra,2025-02-06
C3398,Tanya Bansal,Male,35,Nagpur,Maharashtra,2025-01-26
C3399,Nikhil Malhotra,Male,58,Ghaziabad,Uttar Pradesh,2023-03-13
C3400,Meera Tiwari,Female,38,Salem,Tamil Nadu,2025-07-03
C3401,Amit Verma,Female,34,Ahmedabad,Gujarat,2025-01-29
C3402,Meera Verma,Male,44,Warangal,Telangana,2023-08-21
C3403,Sakshi Kapoor,Male,27,Siliguri,West Bengal,2025-11-15
C3404,Simran Shah,Male,51,Faridabad,Haryana,2023-10-06
C3405,Sameer Mehta,Male,61,Hyderabad,Telangana,2023-02-05
C3406,Aarav Kapoor,Female,63,Nashik,Maharashtra,2023-02-04
C3407,Aarav Shah,Female,39,Coimbatore,Tamil Nadu,2023-09-07
C3408,Aditya Bansal,Male,30,New Delhi,Delhi,2024-11-17
C3409,Rahul Mishra,Male,40,New Delhi,Delhi,2024-05-14
C3410,Yash Srivastava,Female,22,Indore,Madhya Pradesh,2025-03-12
C3411,Mohit Kumar,Male,50,Kota,Rajasthan,2023-09-12
C3412,Sakshi Joshi,Male,38,Muzaffarpur,Bihar,2023-09-10
C3413,Komal Srivastava,Female,23,Mysuru,Karnataka,2024-03-18
C3414,Isha Yadav,Male,44,Coimbatore,Tamil Nadu,2025-05-17
C3415,Aditya Mishra,Male,52,Chennai,Tamil Nadu,2024-07-04
C3416,Pooja Mishra,Male,28,Kanpur,Uttar Pradesh,2025-04-14
C3417,Neha Mehta,Female,37,Aurangabad,Maharashtra,2023-04-13
C3418,Kavya Jain,Male,60,Chennai,Tamil Nadu,2024-03-24
C3419,Mohit Kumar,Female,52,Lucknow,Uttar Pradesh,2024-04-23
C3420,Vikas Srivastava,Male,56,Gwalior,Madhya Pradesh,2023-03-16
C3421,Priya Verma,Male,39,Agra,Uttar Pradesh,2023-12-11
C3422,Sanjay Shah,Female,41,Mumbai,Maharashtra,2023-11-03
C3423,Rohit Mehta,Male,41,Siliguri,West Bengal,2024-05-13
C3424,Sneha Sharma,Male,39,Prayagraj,Uttar Pradesh,2023-07-01
C3425,Amit Singh,Male,24,Bhopal,Madhya Pradesh,2023-10-23
C3426,Ayush Chauhan,Female,19,Siliguri,West Bengal,2025-11-15
C3427,Suresh Malhotra,Male,57,Varanasi,Uttar Pradesh,2023-06-06
C3428,Shreya Sharma,Female,43,Udaipur,Rajasthan,2025-06-14
C3429,Divya Bansal,Male,43,Rajkot,Gujarat,2024-08-17
C3430,Pooja Shah,Male,46,Kolkata,West Bengal,2023-03-27
C3431,Varun Singh,Male,37,Hyderabad,Telangana,2024-03-14
C3432,Vikas Malhotra,Male,60,Kolkata,West Bengal,2024-07-16
C3433,Nikhil Patel,Female,40,Vadodara,Gujarat,2023-10-31
C3434,Akash Verma,Male,42,Delhi,Delhi,2023-10-20
C3435,Isha Srivastava,Female,43,Jodhpur,Rajasthan,2025-02-18
C3436,Ananya Yadav,Male,25,Muzaffarpur,Bihar,2023-02-05
C3437,Arjun Yadav,Female,26,Surat,Gujarat,2025-10-13
C3438,Aarav Yadav,Male,26,Jaipur,Rajasthan,2023-12-19
C3439,Sneha Bansal,Female,30,Mangaluru,Karnataka,2024-02-22
C3440,Neha Kapoor,Male,25,Siliguri,West Bengal,2023-05-20
C3441,Sameer Tiwari,Female,28,Gaya,Bihar,2025-08-22
C3442,Vivek Verma,Female,63,Nagpur,Maharashtra,2023-09-01
C3443,Sakshi Bansal,Female,35,Aurangabad,Maharashtra,2025-05-30
C3444,Manish Mehta,Male,56,Chennai,Tamil Nadu,2023-02-04
C3445,Nikhil Mishra,Female,36,Coimbatore,Tamil Nadu,2024-03-23
C3446,Deepak Sharma,Male,57,Vadodara,Gujarat,2024-07-26
C3447,Suresh Saxena,Male,54,Noida,Uttar Pradesh,2024-05-27
C3448,Shivam Verma,Male,58,Bengaluru,Karnataka,2025-12-16
C3449,Aarav Joshi,Female,31,Vadodara,Gujarat,2024-07-23
C3450,Deepak Shah,Male,22,Vadodara,Gujarat,2025-05-03
C3451,Tanya Sharma,Female,32,Udaipur,Rajasthan,2024-02-10
C3452,Sakshi Chauhan,Female,51,Kolkata,West Bengal,2023-06-08
C3453,Meera Saxena,Male,49,Kota,Rajasthan,2024-06-29
C3454,Yash Patel,Male,51,Hyderabad,Telangana,2024-09-05
C3455,Manish Malhotra,Female,65,Ahmedabad,Gujarat,2024-04-02
C3456,Sameer Patel,Male,28,Coimbatore,Tamil Nadu,2025-04-19
C3457,Deepak Kapoor,Male,39,Ahmedabad,Gujarat,2025-11-22
C3458,Divya Kumar,Male,41,Agra,Uttar Pradesh,2023-03-30
C3459,Akash Jain,Female,25,Nagpur,Maharashtra,2023-03-16
C3460,Ananya Mishra,Male,49,Coimbatore,Tamil Nadu,2023-10-27
C3461,Isha Patel,Male,20,Faridabad,Haryana,2024-10-03
C3462,Vikas Patel,Male,61,Kota,Rajasthan,2023-02-16
C3463,Rohit Kumar,Male,22,Ghaziabad,Uttar Pradesh,2023-08-01
C3464,Ananya Chauhan,Female,23,Surat,Gujarat,2024-03-23
C3465,Sameer Sharma,Female,26,Aurangabad,Maharashtra,2024-02-16
C3466,Rohit Sharma,Female,60,Durgapur,West Bengal,2025-07-15
C3467,Amit Agarwal,Female,59,Warangal,Telangana,2024-08-21
C3468,Shivam Joshi,Male,62,Ahmedabad,Gujarat,2025-08-13
C3469,Vikas Gupta,Female,57,Surat,Gujarat,2025-04-11
C3470,Deepak Shah,Female,62,New Delhi,Delhi,2024-03-29
C3471,Ankit Kapoor,Female,40,Bengaluru,Karnataka,2025-12-06
C3472,Shivam Singh,Female,18,Gurugram,Haryana,2025-07-12
C3473,Simran Chauhan,Male,39,Siliguri,West Bengal,2024-06-24
C3474,Sakshi Mishra,Female,28,Coimbatore,Tamil Nadu,2025-07-20
C3475,Shivam Joshi,Male,29,Delhi,Delhi,2023-10-09
C3476,Komal Kumar,Female,51,Varanasi,Uttar Pradesh,2023-08-16
C3477,Rahul Kapoor,Male,26,Noida,Uttar Pradesh,2025-05-16
C3478,Meera Saxena,Female,33,Aurangabad,Maharashtra,2025-05-14
C3479,Akash Kumar,Female,36,New Delhi,Delhi,2023-08-31
C3480,Vikas Kumar,Female,20,Bhopal,Madhya Pradesh,2025-04-05
C3481,Nikhil Yadav,Male,51,Salem,Tamil Nadu,2024-07-10
C3482,Shreya Sharma,Female,54,Nashik,Maharashtra,2024-09-03
C3483,Mohit Chauhan,Female,44,Noida,Uttar Pradesh,2025-07-16
C3484,Mohit Mehta,Female,19,New Delhi,Delhi,2023-06-25
C3485,Aditya Joshi,Female,55,Hyderabad,Telangana,2024-03-18
C3486,Varun Chauhan,Female,39,New Delhi,Delhi,2023-11-14
C3487,Sameer Saxena,Female,30,Kolkata,West Bengal,2024-09-01
C3488,Rahul Saxena,Male,63,Warangal,Telangana,2023-06-22
C3489,Sanjay Mishra,Male,59,Noida,Uttar Pradesh,2023-05-11
C3490,Rohit Mishra,Female,39,Ahmedabad,Gujarat,2025-02-01
C3491,Neha Yadav,Female,39,Gaya,Bihar,2023-03-03
C3492,Priya Mishra,Male,61,Bengaluru,Karnataka,2024-04-01
C3493,Sanjay Agarwal,Male,27,Lucknow,Uttar Pradesh,2025-12-15
C3494,Priya Kumar,Male,37,Gwalior,Madhya Pradesh,2025-12-29
C3495,Neha Agarwal,Female,45,Faridabad,Haryana,2023-07-15
C3496,Tanya Jain,Female,34,Salem,Tamil Nadu,2025-10-12
C3497,Aarav Mishra,Female,33,Coimbatore,Tamil Nadu,2024-01-03
C3498,Suresh Gupta,Male,23,Nashik,Maharashtra,2023-08-06
C3499,Ayush Agarwal,Male,30,Hyderabad,Telangana,2024-07-06
C3500,Mohit Patel,Female,35,Coimbatore,Tamil Nadu,2024-06-18
C3501,Aditi Kapoor,Male,58,Lucknow,Uttar Pradesh,2024-02-15
C3502,Divya Kapoor,Male,34,Kota,Rajasthan,2024-04-12
C3503,Rohit Verma,Male,25,Patna,Bihar,2023-04-17
C3504,Pooja Sharma,Female,58,Hyderabad,Telangana,2023-10-16
C3505,Sneha Mishra,Female,34,Nagpur,Maharashtra,2023-08-04
C3506,Neha Gupta,Male,62,Agra,Uttar Pradesh,2025-10-17
C3507,Mohit Agarwal,Male,23,Indore,Madhya Pradesh,2024-06-24
C3508,Divya Chauhan,Female,19,Bhopal,Madhya Pradesh,2024-08-21
C3509,Kavya Gupta,Male,62,Coimbatore,Tamil Nadu,2024-04-25
C3510,Riya Mishra,Male,22,Kota,Rajasthan,2025-08-26
C3511,Pooja Kapoor,Male,18,Mangaluru,Karnataka,2025-05-24
C3512,Amit Shah,Male,48,Hubballi,Karnataka,2025-01-25
C3513,Aarav Sharma,Female,33,Ghaziabad,Uttar Pradesh,2023-12-08
C3514,Amit Gupta,Female,41,Varanasi,Uttar Pradesh,2023-12-04
C3515,Meera Tiwari,Male,37,Thane,Maharashtra,2025-10-26
C3516,Rakesh Kumar,Female,32,Hyderabad,Telangana,2025-10-15
C3517,Aditya Joshi,Male,41,Ghaziabad,Uttar Pradesh,2023-11-06
C3518,Rohit Bansal,Female,30,Nagpur,Maharashtra,2024-01-04
C3519,Priya Yadav,Male,28,Madurai,Tamil Nadu,2023-12-29
C3520,Riya Kapoor,Male,28,Pune,Maharashtra,2025-05-08
C3521,Shreya Gupta,Female,23,Mumbai,Maharashtra,2025-11-05
C3522,Komal Yadav,Female,43,Rajkot,Gujarat,2025-08-29
C3523,Vivek Mishra,Female,44,New Delhi,Delhi,2025-07-09
C3524,Akash Chauhan,Female,18,Ahmedabad,Gujarat,2024-01-17
C3525,Sakshi Verma,Female,40,Bhopal,Madhya Pradesh,2023-12-14
C3526,Aarav Kumar,Female,53,Noida,Uttar Pradesh,2025-08-31
C3527,Ayush Tiwari,Male,18,Bhopal,Madhya Pradesh,2024-03-08
C3528,Deepak Gupta,Male,32,Gwalior,Madhya Pradesh,2023-08-24
C3529,Yash Srivastava,Female,64,Warangal,Telangana,2025-07-11
C3530,Divya Malhotra,Female,38,Surat,Gujarat,2024-06-09
C3531,Riya Mehta,Female,18,Surat,Gujarat,2023-04-05
C3532,Manish Bansal,Male,43,Rajkot,Gujarat,2025-09-08
C3533,Simran Kapoor,Male,37,Jaipur,Rajasthan,2023-11-19
C3534,Rakesh Kumar,Male,28,Noida,Uttar Pradesh,2023-12-05
C3535,Shivam Chauhan,Female,21,Patna,Bihar,2024-08-05
C3536,Riya Tiwari,Male,60,Rajkot,Gujarat,2023-10-23
C3537,Meera Srivastava,Female,57,Hyderabad,Telangana,2025-06-26
C3538,Komal Joshi,Male,50,New Delhi,Delhi,2025-01-27
C3539,Sneha Shah,Male,18,Lucknow,Uttar Pradesh,2024-09-10
C3540,Manish Shah,Female,59,Chennai,Tamil Nadu,2023-08-08
C3541,Tanya Sharma,Male,40,Salem,Tamil Nadu,2024-06-20
C3542,Divya Patel,Female,40,Mysuru,Karnataka,2023-10-26
C3543,Meera Joshi,Male,60,New Delhi,Delhi,2025-11-19
C3544,Mohit Malhotra,Female,38,Pune,Maharashtra,2025-05-17
C3545,Ananya Mishra,Female,29,Madurai,Tamil Nadu,2023-05-08
C3546,Shreya Patel,Female,29,Delhi,Delhi,2024-08-01
C3547,Sneha Joshi,Male,62,Muzaffarpur,Bihar,2025-05-04
C3548,Meera Jain,Male,44,Mumbai,Maharashtra,2024-07-27
C3549,Tanya Chauhan,Female,45,New Delhi,Delhi,2023-05-20
C3550,Aditi Kapoor,Female,46,New Delhi,Delhi,2023-06-03
C3551,Priya Sharma,Female,28,Coimbatore,Tamil Nadu,2025-03-13
C3552,Sanjay Sharma,Female,38,Madurai,Tamil Nadu,2024-07-27
C3553,Manish Malhotra,Female,63,Udaipur,Rajasthan,2024-08-17
C3554,Vivek Jain,Female,24,Patna,Bihar,2023-10-23
C3555,Vivek Saxena,Female,63,Nashik,Maharashtra,2023-10-17
C3556,Nisha Gupta,Female,31,Udaipur,Rajasthan,2024-03-21
C3557,Shivam Sharma,Female,32,Lucknow,Uttar Pradesh,2024-08-17
C3558,Simran Agarwal,Female,18,Thane,Maharashtra,2024-05-28
C3559,Varun Kapoor,Female,49,Mysuru,Karnataka,2025-08-20
C3560,Pooja Chauhan,Male,33,Noida,Uttar Pradesh,2023-07-26
C3561,Vikas Srivastava,Male,40,Surat,Gujarat,2024-06-01
C3562,Amit Patel,Female,45,Kota,Rajasthan,2023-09-15
C3563,Tanya Saxena,Female,48,Durgapur,West Bengal,2023-01-08
C3564,Pooja Singh,Male,63,Coimbatore,Tamil Nadu,2024-03-30
C3565,Kavya Mehta,Female,44,Rajkot,Gujarat,2023-03-03
C3566,Sanjay Tiwari,Female,26,Mysuru,Karnataka,2024-02-12
C3567,Amit Agarwal,Female,51,Agra,Uttar Pradesh,2024-11-23
C3568,Karan Chauhan,Female,20,Noida,Uttar Pradesh,2024-02-16
C3569,Ayush Verma,Male,58,Kota,Rajasthan,2025-01-12
C3570,Kavya Kumar,Male,32,Muzaffarpur,Bihar,2023-11-19
C3571,Sanjay Shah,Male,52,Lucknow,Uttar Pradesh,2024-03-15
C3572,Rohit Tiwari,Female,25,Madurai,Tamil Nadu,2025-08-16
C3573,Nisha Mishra,Male,37,Durgapur,West Bengal,2023-09-23
C3574,Neha Saxena,Female,51,Warangal,Telangana,2024-07-02
C3575,Riya Gupta,Female,47,Chennai,Tamil Nadu,2025-02-22
C3576,Shreya Kapoor,Female,18,Rajkot,Gujarat,2024-02-01
C3577,Isha Mehta,Female,19,Jodhpur,Rajasthan,2023-11-30
C3578,Rohit Gupta,Female,65,Faridabad,Haryana,2025-02-03
C3579,Aarav Kapoor,Female,43,Kanpur,Uttar Pradesh,2023-03-23
C3580,Sameer Kapoor,Male,59,Gwalior,Madhya Pradesh,2023-10-18
C3581,Neha Shah,Male,21,Agra,Uttar Pradesh,2024-03-24
C3582,Aditya Verma,Female,41,Warangal,Telangana,2023-08-27
C3583,Shivam Kumar,Male,45,Ghaziabad,Uttar Pradesh,2024-08-13
C3584,Akash Chauhan,Female,62,Aurangabad,Maharashtra,2024-11-09
C3585,Arjun Malhotra,Male,52,Prayagraj,Uttar Pradesh,2025-11-23
C3586,Rahul Saxena,Female,48,Hubballi,Karnataka,2024-10-20
C3587,Riya Malhotra,Male,32,Delhi,Delhi,2024-10-10
C3588,Simran Saxena,Female,65,Aurangabad,Maharashtra,2025-03-05
C3589,Sneha Gupta,Male,33,Mangaluru,Karnataka,2023-08-17
C3590,Ayush Patel,Female,31,Bengaluru,Karnataka,2024-05-30
C3591,Shivam Malhotra,Male,52,Kolkata,West Bengal,2025-06-30
C3592,Vikas Kumar,Female,65,Panipat,Haryana,2023-07-12
C3593,Ayush Kumar,Male,59,Jodhpur,Rajasthan,2023-11-16
C3594,Riya Joshi,Female,26,Prayagraj,Uttar Pradesh,2023-08-29
C3595,Ananya Srivastava,Female,57,Delhi,Delhi,2025-11-16
C3596,Manish Malhotra,Female,34,Bhopal,Madhya Pradesh,2024-01-23
C3597,Varun Sharma,Female,28,Prayagraj,Uttar Pradesh,2023-12-23
C3598,Ankit Chauhan,Female,62,Mysuru,Karnataka,2025-06-11
C3599,Tanya Kumar,Female,63,Bhopal,Madhya Pradesh,2025-09-22
C3600,Neha Verma,Male,35,Muzaffarpur,Bihar,2023-01-06
C3601,Pooja Chauhan,Female,19,Hubballi,Karnataka,2025-08-20
C3602,Varun Bansal,Male,28,Jaipur,Rajasthan,2025-02-13
C3603,Nikhil Tiwari,Female,43,Hubballi,Karnataka,2025-08-04
C3604,Rakesh Saxena,Male,20,Siliguri,West Bengal,2023-04-05
C3605,Vivek Malhotra,Male,28,Prayagraj,Uttar Pradesh,2023-02-13
C3606,Amit Yadav,Female,25,Agra,Uttar Pradesh,2024-01-03
C3607,Varun Mishra,Male,63,Vadodara,Gujarat,2025-07-19
C3608,Ayush Tiwari,Male,35,Mumbai,Maharashtra,2024-06-29
C3609,Priya Srivastava,Male,36,Jodhpur,Rajasthan,2025-02-28
C3610,Kavya Agarwal,Female,38,Delhi,Delhi,2023-09-26
C3611,Meera Agarwal,Male,18,Panipat,Haryana,2024-01-02
C3612,Nisha Yadav,Male,44,Hyderabad,Telangana,2025-08-19
C3613,Vivek Mishra,Other,61,Chennai,Tamil Nadu,2024-06-20
C3614,Nisha Srivastava,Female,57,Durgapur,West Bengal,2025-05-03
C3615,Nisha Sharma,Male,30,Nagpur,Maharashtra,2024-12-01
C3616,Aarav Jain,Female,18,Salem,Tamil Nadu,2023-07-12
C3617,Sanjay Tiwari,Male,55,Mumbai,Maharashtra,2025-10-30
C3618,Arjun Shah,Female,58,Faridabad,Haryana,2025-11-02
C3619,Kavya Patel,Male,62,Hyderabad,Telangana,2025-05-04
C3620,Nisha Mishra,Male,45,Gwalior,Madhya Pradesh,2024-05-29
C3621,Aarav Singh,Male,40,Panipat,Haryana,2024-04-14
C3622,Rahul Verma,Female,54,Patna,Bihar,2023-11-23
C3623,Meera Singh,Male,51,Pune,Maharashtra,2024-12-07
C3624,Aditi Kumar,Female,54,Gwalior,Madhya Pradesh,2023-12-06
C3625,Neha Gupta,Female,31,Ahmedabad,Gujarat,2023-07-23
C3626,Isha Mishra,Female,61,Hubballi,Karnataka,2023-03-08
C3627,Kavya Sharma,Female,19,Rajkot,Gujarat,2024-04-09
C3628,Ananya Chauhan,Male,22,New Delhi,Delhi,2025-06-11
C3629,Shivam Kumar,Male,49,Mumbai,Maharashtra,2025-05-16
C3630,Kavya Agarwal,Male,45,Thane,Maharashtra,2025-07-19
C3631,Rakesh Srivastava,Female,44,Noida,Uttar Pradesh,2024-10-26
C3632,Varun Kumar,Male,61,Madurai,Tamil Nadu,2025-08-08
C3633,Priya Patel,Female,59,Gurugram,Haryana,2025-05-07
C3634,Sanjay Saxena,Female,52,Vadodara,Gujarat,2025-06-02
C3635,Manish Mehta,Female,25,Coimbatore,Tamil Nadu,2024-07-12
C3636,Karan Verma,Female,22,Mangaluru,Karnataka,2023-04-04
C3637,Manish Kapoor,Male,24,Hubballi,Karnataka,2024-02-21
C3638,Nisha Malhotra,Male,47,Nagpur,Maharashtra,2025-07-16
C3639,Shreya Agarwal,Female,52,Warangal,Telangana,2025-03-24
C3640,Tanya Sharma,Male,56,Nashik,Maharashtra,2023-01-14
C3641,Simran Sharma,Female,22,Durgapur,West Bengal,2023-04-13
C3642,Neha Saxena,Female,31,Kolkata,West Bengal,2024-12-22
C3643,Shreya Mishra,Male,34,Ahmedabad,Gujarat,2025-12-07
C3644,Simran Kumar,Male,48,Faridabad,Haryana,2025-03-11
C3645,Shivam Shah,Male,20,Delhi,Delhi,2025-11-04
C3646,Divya Tiwari,Male,58,Panipat,Haryana,2023-03-14
C3647,Varun Sharma,Female,21,Kolkata,West Bengal,2025-08-22
C3648,Amit Singh,Female,43,Hyderabad,Telangana,2023-05-21
C3649,Nikhil Jain,Male,62,Udaipur,Rajasthan,2025-08-26
C3650,Sneha Malhotra,Female,27,Faridabad,Haryana,2025-12-02
C3651,Aarav Patel,Male,50,Gaya,Bihar,2024-07-13
C3652,Vikas Srivastava,Other,44,Bengaluru,Karnataka,2024-08-06
C3653,Kavya Sharma,Female,57,Warangal,Telangana,2024-06-29
C3654,Ayush Mishra,Male,46,Durgapur,West Bengal,2024-08-28
C3655,Nisha Agarwal,Female,58,Mangaluru,Karnataka,2025-06-16
C3656,Amit Mishra,Female,37,Bhopal,Madhya Pradesh,2023-11-05
C3657,Kavya Patel,Male,25,Mysuru,Karnataka,2023-11-07
C3658,Amit Bansal,Male,50,Surat,Gujarat,2025-11-26
C3659,Nikhil Mishra,Female,64,Noida,Uttar Pradesh,2025-07-19
C3660,Rakesh Kapoor,Male,38,Pune,Maharashtra,2024-08-14
C3661,Arjun Kumar,Male,57,Faridabad,Haryana,2023-08-08
C3662,Aarav Mehta,Male,60,Mysuru,Karnataka,2025-11-12
C3663,Mohit Agarwal,Female,48,Bengaluru,Karnataka,2025-08-20
C3664,Rahul Shah,Male,55,Aurangabad,Maharashtra,2023-12-26
C3665,Aarav Kumar,Female,45,Coimbatore,Tamil Nadu,2024-08-15
C3666,Vikas Chauhan,Male,56,Warangal,Telangana,2024-04-04
C3667,Yash Tiwari,Male,34,Faridabad,Haryana,2025-07-12
C3668,Pooja Saxena,Female,43,Agra,Uttar Pradesh,2025-01-22
C3669,Simran Srivastava,Male,21,Rajkot,Gujarat,2024-06-23
C3670,Arjun Kumar,Female,27,Mangaluru,Karnataka,2025-11-25
C3671,Nikhil Shah,Male,45,Rajkot,Gujarat,2024-10-28
C3672,Tanya Mishra,Female,52,Mysuru,Karnataka,2024-06-14
C3673,Yash Srivastava,Male,19,Mysuru,Karnataka,2025-10-11
C3674,Tanya Gupta,Female,21,Mysuru,Karnataka,2024-05-07
C3675,Isha Verma,Male,18,Vadodara,Gujarat,2024-04-02
C3676,Suresh Malhotra,Female,42,Coimbatore,Tamil Nadu,2024-03-01
C3677,Nikhil Singh,Male,34,Mysuru,Karnataka,2023-08-30
C3678,Rahul Kapoor,Male,20,Hyderabad,Telangana,2023-11-02
C3679,Pooja Yadav,Female,56,Siliguri,West Bengal,2023-04-10
C3680,Sakshi Malhotra,Male,43,Delhi,Delhi,2025-03-08
C3681,Sakshi Srivastava,Male,18,Warangal,Telangana,2024-10-08
C3682,Manish Joshi,Female,50,Panipat,Haryana,2025-10-18
C3683,Ankit Verma,Female,61,Ghaziabad,Uttar Pradesh,2024-10-31
C3684,Kavya Sharma,Female,38,Rajkot,Gujarat,2023-03-30
C3685,Mohit Sharma,Female,63,Mumbai,Maharashtra,2024-11-10
C3686,Suresh Singh,Male,38,Durgapur,West Bengal,2023-07-11
C3687,Shreya Mehta,Male,21,Nagpur,Maharashtra,2023-02-10
C3688,Aditya Mishra,Female,23,Jodhpur,Rajasthan,2024-12-26
C3689,Meera Verma,Male,21,Nagpur,Maharashtra,2023-01-31
C3690,Riya Verma,Male,32,Coimbatore,Tamil Nadu,2024-03-23
C3691,Ananya Tiwari,Male,36,Gwalior,Madhya Pradesh,2025-09-07
C3692,Shreya Kumar,Male,39,Delhi,Delhi,2023-10-08
C3693,Sameer Mishra,Male,41,Panipat,Haryana,2025-01-31
C3694,Deepak Patel,Male,59,Muzaffarpur,Bihar,2024-02-17
C3695,Vikas Sharma,Female,18,Faridabad,Haryana,2023-05-05
C3696,Mohit Tiwari,Female,61,Thane,Maharashtra,2023-08-04
C3697,Neha Singh,Female,29,Warangal,Telangana,2023-03-23
C3698,Nisha Malhotra,Male,63,Agra,Uttar Pradesh,2023-06-15
C3699,Aditya Joshi,Male,24,Mangaluru,Karnataka,2023-06-27
C3700,Akash Saxena,Female,22,Panipat,Haryana,2025-08-25
C3701,Vikas Malhotra,Male,23,Kota,Rajasthan,2025-06-02
C3702,Simran Bansal,Male,32,Salem,Tamil Nadu,2024-01-22
C3703,Isha Jain,Female,63,Delhi,Delhi,2025-03-02
C3704,Rahul Patel,Female,40,Warangal,Telangana,2023-08-12
C3705,Sanjay Kapoor,Male,25,Jaipur,Rajasthan,2024-11-30
C3706,Ananya Mehta,Female,48,Hubballi,Karnataka,2023-08-10
C3707,Aditi Shah,Female,42,Faridabad,Haryana,2024-12-02
C3708,Nikhil Verma,Female,51,Nagpur,Maharashtra,2024-01-27
C3709,Aditya Yadav,Male,53,Thane,Maharashtra,2025-07-29
C3710,Akash Agarwal,Female,55,Jodhpur,Rajasthan,2025-07-03
C3711,Varun Sharma,Female,25,Muzaffarpur,Bihar,2024-01-01
C3712,Priya Jain,Male,41,Nagpur,Maharashtra,2023-02-15
C3713,Ankit Sharma,Female,48,Nagpur,Maharashtra,2023-12-19
C3714,Aarav Mehta,Female,44,Kanpur,Uttar Pradesh,2023-11-05
C3715,Deepak Kapoor,Male,64,Faridabad,Haryana,2024-04-10
C3716,Kavya Mehta,Male,64,Aurangabad,Maharashtra,2024-09-20
C3717,Aditi Malhotra,Male,56,Chennai,Tamil Nadu,2025-12-19
C3718,Rahul Sharma,Female,29,Gaya,Bihar,2023-03-10
C3719,Karan Singh,Male,43,Prayagraj,Uttar Pradesh,2024-08-30
C3720,Aditi Malhotra,Female,56,Coimbatore,Tamil Nadu,2023-07-07
C3721,Nisha Saxena,Male,30,Madurai,Tamil Nadu,2024-08-21
C3722,Karan Kapoor,Female,52,Hyderabad,Telangana,2024-11-28
C3723,Sameer Malhotra,Female,29,New Delhi,Delhi,2025-06-05
C3724,Yash Kapoor,Female,24,Mangaluru,Karnataka,2024-09-05
C3725,Suresh Kapoor,Female,29,Aurangabad,Maharashtra,2023-07-14
C3726,Nisha Kapoor,Male,62,Siliguri,West Bengal,2025-09-27
C3727,Yash Kapoor,Male,65,Hyderabad,Telangana,2024-03-19
C3728,Sameer Singh,Female,59,Noida,Uttar Pradesh,2024-06-09
C3729,Nisha Singh,Male,31,Hubballi,Karnataka,2024-12-03
C3730,Ananya Agarwal,Female,55,Panipat,Haryana,2023-10-18
C3731,Pooja Shah,Female,28,Ghaziabad,Uttar Pradesh,2025-12-17
C3732,Rakesh Bansal,Female,24,New Delhi,Delhi,2023-02-18
C3733,Nikhil Mishra,Male,30,Madurai,Tamil Nadu,2023-06-19
C3734,Sneha Yadav,Female,24,New Delhi,Delhi,2025-12-20
C3735,Simran Bansal,Male,48,Pune,Maharashtra,2024-05-09
C3736,Shreya Verma,Female,50,Bengaluru,Karnataka,2025-09-05
C3737,Sameer Saxena,Female,19,Nagpur,Maharashtra,2025-09-18
C3738,Akash Gupta,Female,23,Madurai,Tamil Nadu,2025-12-20
C3739,Rahul Agarwal,Female,40,Jaipur,Rajasthan,2025-03-05
C3740,Sneha Jain,Male,23,Vadodara,Gujarat,2025-01-18
C3741,Aditya Yadav,Female,57,Agra,Uttar Pradesh,2024-11-03
C3742,Mohit Sharma,Female,37,Panipat,Haryana,2025-01-18
C3743,Isha Verma,Male,37,Pune,Maharashtra,2023-10-09
C3744,Varun Mishra,Female,18,Kolkata,West Bengal,2025-06-11
C3745,Divya Mishra,Female,51,New Delhi,Delhi,2023-07-24
C3746,Rohit Bansal,Female,52,Warangal,Telangana,2024-06-09
C3747,Aditya Sharma,Female,54,Pune,Maharashtra,2024-02-14
C3748,Yash Agarwal,Male,43,Thane,Maharashtra,2025-04-13
C3749,Vivek Sharma,Female,30,Salem,Tamil Nadu,2023-10-07
C3750,Sanjay Tiwari,Male,21,Lucknow,Uttar Pradesh,2023-08-15
C3751,Aditi Bansal,Female,33,Nashik,Maharashtra,2025-06-04
C3752,Ananya Chauhan,Male,44,Kolkata,West Bengal,2024-06-17
C3753,Suresh Tiwari,Female,23,Hyderabad,Telangana,2025-02-28
C3754,Simran Mishra,Male,20,Kanpur,Uttar Pradesh,2025-08-20
C3755,Nikhil Malhotra,Male,28,Panipat,Haryana,2025-07-03
C3756,Ayush Mishra,Male,21,Warangal,Telangana,2024-03-13
C3757,Amit Srivastava,Female,18,Gurugram,Haryana,2023-07-07
C3758,Isha Jain,Male,41,Jodhpur,Rajasthan,2025-11-17
C3759,Pooja Agarwal,Male,53,Kota,Rajasthan,2023-12-06
C3760,Vikas Tiwari,Male,41,Coimbatore,Tamil Nadu,2025-04-22
C3761,Rohit Saxena,Male,22,Udaipur,Rajasthan,2025-04-21
C3762,Ananya Chauhan,Female,34,Gwalior,Madhya Pradesh,2024-04-29
C3763,Ananya Singh,Male,19,Noida,Uttar Pradesh,2023-06-29
C3764,Aarav Verma,Male,47,Delhi,Delhi,2024-05-31
C3765,Yash Mishra,Male,29,Kanpur,Uttar Pradesh,2023-06-09
C3766,Vikas Jain,Male,36,Bhopal,Madhya Pradesh,2024-01-21
C3767,Ananya Patel,Male,61,Mysuru,Karnataka,2024-02-24
C3768,Isha Yadav,Male,46,Kota,Rajasthan,2024-07-21
C3769,Rahul Bansal,Male,54,Faridabad,Haryana,2023-07-24
C3770,Sakshi Verma,Male,34,Patna,Bihar,2025-07-15
C3771,Sneha Malhotra,Male,62,Pune,Maharashtra,2023-03-28
C3772,Isha Srivastava,Female,52,Warangal,Telangana,2025-12-15
C3773,Yash Joshi,Male,42,Faridabad,Haryana,2023-12-09
C3774,Kavya Agarwal,Female,45,Lucknow,Uttar Pradesh,2024-06-20
C3775,Nisha Gupta,Female,47,Kolkata,West Bengal,2025-08-16
C3776,Manish Kumar,Female,25,New Delhi,Delhi,2024-12-17
C3777,Ayush Kapoor,Male,30,Kota,Rajasthan,2023-03-03
C3778,Arjun Patel,Female,50,Salem,Tamil Nadu,2024-10-23
C3779,Nisha Sharma,Female,39,Nagpur,Maharashtra,2024-09-11
C3780,Yash Chauhan,Female,55,Lucknow,Uttar Pradesh,2025-10-18
C3781,Sanjay Malhotra,Female,43,Kanpur,Uttar Pradesh,2024-09-08
C3782,Isha Saxena,Male,21,Noida,Uttar Pradesh,2025-12-22
C3783,Vikas Jain,Female,49,Vadodara,Gujarat,2024-08-04
C3784,Sneha Chauhan,Female,47,Delhi,Delhi,2023-07-30
C3785,Sameer Gupta,Male,35,Aurangabad,Maharashtra,2024-07-07
C3786,Meera Gupta,Male,55,Jodhpur,Rajasthan,2025-10-01
C3787,Meera Srivastava,Female,34,Jaipur,Rajasthan,2023-01-19
C3788,Deepak Srivastava,Male,23,Chennai,Tamil Nadu,2024-03-12
C3789,Kavya Patel,Female,23,Bhopal,Madhya Pradesh,2023-02-21
C3790,Riya Kumar,Male,61,Delhi,Delhi,2025-07-10
C3791,Deepak Mishra,Female,36,Hyderabad,Telangana,2024-07-13
C3792,Akash Bansal,Male,37,Prayagraj,Uttar Pradesh,2025-02-23
C3793,Riya Saxena,Female,32,Siliguri,West Bengal,2025-11-26
C3794,Ankit Mishra,Female,53,Muzaffarpur,Bihar,2025-06-30
C3795,Vivek Singh,Female,47,Faridabad,Haryana,2024-03-22
C3796,Nisha Malhotra,Male,61,Ahmedabad,Gujarat,2025-10-20
C3797,Pooja Kapoor,Male,60,Ahmedabad,Gujarat,2024-06-01
C3798,Ankit Jain,Male,65,Delhi,Delhi,2025-12-07
C3799,Karan Mehta,Male,33,Udaipur,Rajasthan,2025-12-11
C3800,Ankit Chauhan,Other,46,Durgapur,West Bengal,2023-08-31
C3801,Vivek Verma,Male,34,Muzaffarpur,Bihar,2025-05-03
C3802,Divya Mehta,Male,51,Chennai,Tamil Nadu,2025-02-03
C3803,Nikhil Joshi,Female,53,Kanpur,Uttar Pradesh,2025-04-23
C3804,Rakesh Shah,Male,30,Ahmedabad,Gujarat,2023-07-03
C3805,Mohit Srivastava,Male,59,Noida,Uttar Pradesh,2024-07-06
C3806,Nisha Joshi,Female,31,Mumbai,Maharashtra,2023-06-15
C3807,Arjun Shah,Male,65,New Delhi,Delhi,2025-09-10
C3808,Nisha Kumar,Female,58,Siliguri,West Bengal,2025-08-14
C3809,Divya Kapoor,Female,18,Mumbai,Maharashtra,2024-09-28
C3810,Deepak Kumar,Male,37,Pune,Maharashtra,2023-05-23
C3811,Akash Sharma,Female,36,Noida,Uttar Pradesh,2024-12-20
C3812,Nisha Patel,Female,57,Panipat,Haryana,2024-04-26
C3813,Sameer Mehta,Male,52,Udaipur,Rajasthan,2025-05-12
C3814,Riya Chauhan,Female,20,Ghaziabad,Uttar Pradesh,2023-04-19
C3815,Isha Kapoor,Male,58,Noida,Uttar Pradesh,2024-03-21
C3816,Amit Saxena,Female,28,Chennai,Tamil Nadu,2024-01-31
C3817,Mohit Mishra,Female,35,Nagpur,Maharashtra,2025-11-09
C3818,Arjun Shah,Male,26,Vadodara,Gujarat,2023-11-23
C3819,Neha Chauhan,Male,25,Bengaluru,Karnataka,2025-12-17
C3820,Deepak Jain,Male,43,Indore,Madhya Pradesh,2025-10-06
C3821,Rakesh Saxena,Female,22,Nagpur,Maharashtra,2024-10-04
C3822,Varun Shah,Female,21,Jaipur,Rajasthan,2023-07-11
C3823,Ankit Verma,Male,55,Kanpur,Uttar Pradesh,2023-09-01
C3824,Vivek Mehta,Male,34,Muzaffarpur,Bihar,2023-01-19
C3825,Meera Verma,Female,49,Gaya,Bihar,2025-04-28
C3826,Rahul Sharma,Male,65,Siliguri,West Bengal,2025-03-05
C3827,Sneha Verma,Male,20,Mysuru,Karnataka,2023-12-19
C3828,Neha Gupta,Male,56,Aurangabad,Maharashtra,2025-03-11
C3829,Pooja Agarwal,Female,23,Warangal,Telangana,2024-09-23
C3830,Deepak Srivastava,Male,54,Siliguri,West Bengal,2025-06-13
C3831,Varun Agarwal,Female,32,Aurangabad,Maharashtra,2023-04-05
C3832,Akash Saxena,Female,24,Bengaluru,Karnataka,2025-06-03
C3833,Shreya Mehta,Male,28,Bengaluru,Karnataka,2024-02-09
C3834,Sameer Sharma,Female,35,Hyderabad,Telangana,2025-11-16
C3835,Pooja Gupta,Male,53,Jodhpur,Rajasthan,2025-08-22
C3836,Shivam Tiwari,Male,50,Jaipur,Rajasthan,2023-04-14
C3837,Riya Joshi,Female,52,Jaipur,Rajasthan,2024-03-17
C3838,Shivam Tiwari,Male,19,Aurangabad,Maharashtra,2025-03-12
C3839,Aditi Mishra,Female,64,Delhi,Delhi,2023-05-30
C3840,Karan Kapoor,Female,38,Varanasi,Uttar Pradesh,2025-07-31
C3841,Nisha Bansal,Male,23,Hyderabad,Telangana,2023-04-18
C3842,Pooja Chauhan,Female,62,Mysuru,Karnataka,2023-04-30
C3843,Varun Sharma,Female,56,Mangaluru,Karnataka,2024-08-18
C3844,Aditya Chauhan,Male,21,Nashik,Maharashtra,2023-09-28
C3845,Aditi Agarwal,Female,38,Thane,Maharashtra,2024-11-30
C3846,Tanya Saxena,Female,61,Vadodara,Gujarat,2024-03-05
C3847,Pooja Shah,Male,50,Nagpur,Maharashtra,2023-10-24
C3848,Aditi Mehta,Male,27,Prayagraj,Uttar Pradesh,2025-07-05
C3849,Shivam Agarwal,Male,51,Kolkata,West Bengal,2023-06-24
C3850,Manish Saxena,Male,27,New Delhi,Delhi,2024-06-24
C3851,Nisha Yadav,Male,34,Delhi,Delhi,2023-07-04
C3852,Mohit Patel,Female,27,Bengaluru,Karnataka,2023-05-30
C3853,Karan Mehta,Female,51,Hyderabad,Telangana,2023-08-13
C3854,Ankit Kapoor,Female,62,New Delhi,Delhi,2023-10-08
C3855,Isha Patel,Male,20,Kolkata,West Bengal,2024-03-27
C3856,Riya Malhotra,Male,46,Bhopal,Madhya Pradesh,2024-05-26
C3857,Varun Patel,Male,29,Jaipur,Rajasthan,2023-06-01
C3858,Manish Malhotra,Male,54,Mysuru,Karnataka,2023-02-12
C3859,Arjun Malhotra,Female,24,Durgapur,West Bengal,2023-04-14
C3860,Simran Kapoor,Male,35,Bengaluru,Karnataka,2024-11-21
C3861,Nisha Saxena,Female,27,Hubballi,Karnataka,2025-12-02
C3862,Riya Shah,Male,59,Coimbatore,Tamil Nadu,2023-01-28
C3863,Ankit Gupta,Female,21,Delhi,Delhi,2023-02-08
C3864,Vikas Malhotra,Female,45,Agra,Uttar Pradesh,2025-05-05
C3865,Riya Singh,Female,23,Mysuru,Karnataka,2025-03-04
C3866,Varun Verma,Female,46,Noida,Uttar Pradesh,2025-03-14
C3867,Simran Bansal,Female,54,Mangaluru,Karnataka,2023-07-09
C3868,Mohit Jain,Female,54,Salem,Tamil Nadu,2025-08-05
C3869,Aditi Patel,Male,19,Bhopal,Madhya Pradesh,2024-11-13
C3870,Akash Chauhan,Male,55,Varanasi,Uttar Pradesh,2023-06-22
C3871,Sanjay Verma,Female,32,Vadodara,Gujarat,2023-05-07
C3872,Vivek Sharma,Male,50,Mysuru,Karnataka,2024-10-21
C3873,Riya Kumar,Female,64,Noida,Uttar Pradesh,2025-05-03
C3874,Akash Verma,Male,23,Nashik,Maharashtra,2025-05-05
C3875,Kavya Kapoor,Female,35,Ghaziabad,Uttar Pradesh,2024-10-05
C3876,Simran Bansal,Male,59,Pune,Maharashtra,2024-07-18
C3877,Suresh Mehta,Female,24,Aurangabad,Maharashtra,2025-01-31
C3878,Mohit Yadav,Male,30,Hubballi,Karnataka,2023-05-24
C3879,Komal Shah,Male,44,Chennai,Tamil Nadu,2024-02-04
C3880,Rohit Sharma,Female,65,Varanasi,Uttar Pradesh,2023-04-19
C3881,Pooja Malhotra,Male,32,Thane,Maharashtra,2025-07-07
C3882,Priya Joshi,Male,36,Agra,Uttar Pradesh,2024-10-25
C3883,Vivek Sharma,Female,56,Madurai,Tamil Nadu,2025-05-01
C3884,Rakesh Saxena,Female,23,Delhi,Delhi,2024-06-28
C3885,Nikhil Bansal,Male,33,Madurai,Tamil Nadu,2025-10-15
C3886,Akash Mishra,Female,33,Aurangabad,Maharashtra,2025-10-14
C3887,Ananya Joshi,Male,37,Prayagraj,Uttar Pradesh,2024-11-05
C3888,Ankit Joshi,Male,45,Gwalior,Madhya Pradesh,2025-07-02
C3889,Sneha Kumar,Female,28,Prayagraj,Uttar Pradesh,2024-12-23
C3890,Komal Gupta,Male,36,Lucknow,Uttar Pradesh,2025-03-03
C3891,Riya Malhotra,Male,62,Noida,Uttar Pradesh,2023-09-28
C3892,Ankit Tiwari,Male,57,Patna,Bihar,2025-12-11
C3893,Sakshi Mehta,Female,63,Ahmedabad,Gujarat,2025-01-30
C3894,Nikhil Mehta,Female,50,Vadodara,Gujarat,2024-10-26
C3895,Shivam Joshi,Male,45,Gaya,Bihar,2023-04-12
C3896,Sakshi Jain,Female,28,Agra,Uttar Pradesh,2025-04-28
C3897,Deepak Singh,Female,25,Patna,Bihar,2023-03-26
C3898,Nikhil Agarwal,Male,43,Thane,Maharashtra,2024-07-11
C3899,Sameer Tiwari,Female,37,Surat,Gujarat,2025-06-12
C3900,Sneha Saxena,Male,55,Hubballi,Karnataka,2023-05-18
C3901,Sakshi Tiwari,Male,18,New Delhi,Delhi,2024-01-30
C3902,Komal Gupta,Male,60,Indore,Madhya Pradesh,2024-07-10
C3903,Sanjay Shah,Male,26,Noida,Uttar Pradesh,2025-10-09
C3904,Tanya Mehta,Female,36,Patna,Bihar,2024-02-23
C3905,Aarav Verma,Female,35,Delhi,Delhi,2023-05-10
C3906,Arjun Verma,Female,62,Jodhpur,Rajasthan,2023-05-24
C3907,Amit Bansal,Male,52,Gaya,Bihar,2023-08-06
C3908,Priya Malhotra,Male,19,Lucknow,Uttar Pradesh,2025-08-06
C3909,Aditya Joshi,Male,58,Indore,Madhya Pradesh,2025-04-26
C3910,Priya Yadav,Male,50,Vadodara,Gujarat,2024-04-02
C3911,Varun Shah,Female,21,Kota,Rajasthan,2025-07-16
C3912,Varun Sharma,Female,55,Prayagraj,Uttar Pradesh,2025-10-02
C3913,Ayush Kumar,Female,19,Madurai,Tamil Nadu,2025-08-07
C3914,Shreya Shah,Female,38,Jodhpur,Rajasthan,2023-01-05
C3915,Manish Mishra,Male,25,Bengaluru,Karnataka,2023-04-19
C3916,Sameer Chauhan,Male,18,Prayagraj,Uttar Pradesh,2025-03-05
C3917,Aditya Patel,Male,44,Thane,Maharashtra,2024-02-23
C3918,Shivam Singh,Female,50,Faridabad,Haryana,2023-06-23
C3919,Komal Sharma,Male,41,Noida,Uttar Pradesh,2024-12-08
C3920,Meera Kapoor,Male,34,Udaipur,Rajasthan,2024-01-25
C3921,Tanya Gupta,Female,42,Muzaffarpur,Bihar,2025-10-03
C3922,Shivam Gupta,Male,25,Lucknow,Uttar Pradesh,2024-09-23
C3923,Akash Jain,Female,20,Mumbai,Maharashtra,2023-09-19
C3924,Sakshi Yadav,Male,25,Udaipur,Rajasthan,2025-10-20
C3925,Tanya Joshi,Female,20,Kanpur,Uttar Pradesh,2024-10-19
C3926,Nisha Patel,Male,54,Vadodara,Gujarat,2023-11-21
C3927,Pooja Kumar,Female,47,Udaipur,Rajasthan,2023-06-07
C3928,Sameer Bansal,Female,26,Surat,Gujarat,2024-08-30
C3929,Nikhil Jain,Male,45,New Delhi,Delhi,2025-03-29
C3930,Rakesh Joshi,Female,41,Udaipur,Rajasthan,2025-07-04
C3931,Kavya Sharma,Female,23,Surat,Gujarat,2023-05-20
C3932,Vivek Joshi,Female,64,Aurangabad,Maharashtra,2024-04-18
C3933,Sanjay Yadav,Female,63,Surat,Gujarat,2025-12-30
C3934,Deepak Patel,Female,54,Gurugram,Haryana,2024-12-24
C3935,Varun Yadav,Male,56,Kota,Rajasthan,2023-04-12
C3936,Riya Chauhan,Male,44,Mangaluru,Karnataka,2025-10-01
C3937,Divya Verma,Male,56,Delhi,Delhi,2025-01-20
C3938,Isha Tiwari,Female,43,Ghaziabad,Uttar Pradesh,2024-05-18
C3939,Riya Tiwari,Female,25,Thane,Maharashtra,2025-04-30
C3940,Komal Jain,Female,26,Ghaziabad,Uttar Pradesh,2024-12-11
C3941,Akash Mishra,Male,58,Muzaffarpur,Bihar,2023-10-10
C3942,Riya Agarwal,Female,39,Nagpur,Maharashtra,2025-05-22
C3943,Aarav Chauhan,Female,53,Hyderabad,Telangana,2023-10-07
C3944,Manish Joshi,Male,24,Nashik,Maharashtra,2024-10-14
C3945,Komal Shah,Female,39,Thane,Maharashtra,2023-01-21
C3946,Shreya Sharma,Male,22,Hubballi,Karnataka,2024-11-21
C3947,Shreya Saxena,Female,28,Delhi,Delhi,2024-08-25
C3948,Rakesh Singh,Male,23,Warangal,Telangana,2025-02-27
C3949,Isha Sharma,Female,27,Gaya,Bihar,2023-06-24
C3950,Rakesh Yadav,Male,47,Gurugram,Haryana,2024-09-27
C3951,Riya Patel,Male,18,Noida,Uttar Pradesh,2024-04-28
C3952,Shreya Srivastava,Female,27,Kolkata,West Bengal,2023-07-11
C3953,Manish Bansal,Female,51,Ghaziabad,Uttar Pradesh,2024-05-09
C3954,Kavya Gupta,Male,25,Gwalior,Madhya Pradesh,2025-10-08
C3955,Ananya Agarwal,Male,44,Coimbatore,Tamil Nadu,2025-06-21
C3956,Rohit Bansal,Female,59,New Delhi,Delhi,2023-07-02
C3957,Yash Shah,Female,55,Agra,Uttar Pradesh,2025-07-16
C3958,Nikhil Gupta,Male,23,Lucknow,Uttar Pradesh,2024-09-10
C3959,Rakesh Agarwal,Male,25,Nagpur,Maharashtra,2023-02-21
C3960,Varun Joshi,Male,51,Bhopal,Madhya Pradesh,2025-10-04
C3961,Komal Chauhan,Female,34,Warangal,Telangana,2024-07-29
C3962,Sneha Malhotra,Female,38,Muzaffarpur,Bihar,2025-09-26
C3963,Arjun Sharma,Female,40,Noida,Uttar Pradesh,2023-04-18
C3964,Riya Kapoor,Male,45,Surat,Gujarat,2023-07-03
C3965,Suresh Yadav,Female,39,Aurangabad,Maharashtra,2025-09-14
C3966,Rahul Srivastava,Male,19,Salem,Tamil Nadu,2023-09-19
C3967,Amit Agarwal,Female,22,Delhi,Delhi,2024-08-24
C3968,Komal Gupta,Male,18,Thane,Maharashtra,2024-10-21
C3969,Manish Patel,Male,30,Ahmedabad,Gujarat,2025-11-04
C3970,Shreya Yadav,Male,57,Aurangabad,Maharashtra,2024-01-05
C3971,Vikas Verma,Male,64,Mangaluru,Karnataka,2025-04-05
C3972,Mohit Mehta,Male,40,Kota,Rajasthan,2025-03-11
C3973,Aarav Bansal,Female,19,Ghaziabad,Uttar Pradesh,2025-02-06
C3974,Shivam Saxena,Female,21,Indore,Madhya Pradesh,2024-07-26
C3975,Karan Agarwal,Female,57,Chennai,Tamil Nadu,2023-03-19
C3976,Simran Singh,Female,34,Warangal,Telangana,2023-10-19
C3977,Priya Patel,Male,60,Jodhpur,Rajasthan,2024-09-06
C3978,Nisha Jain,Female,42,Kolkata,West Bengal,2024-03-26
C3979,Suresh Gupta,Male,60,Kolkata,West Bengal,2023-07-22
C3980,Simran Srivastava,Male,24,Panipat,Haryana,2025-01-26
C3981,Deepak Chauhan,Male,59,Surat,Gujarat,2024-05-20
C3982,Karan Singh,Male,44,Pune,Maharashtra,2025-05-09
C3983,Neha Bansal,Female,39,Varanasi,Uttar Pradesh,2024-08-23
C3984,Yash Joshi,Male,43,Vadodara,Gujarat,2024-02-09
C3985,Vivek Yadav,Male,33,Kanpur,Uttar Pradesh,2023-04-30
C3986,Simran Joshi,Female,46,Aurangabad,Maharashtra,2023-04-25
C3987,Arjun Kumar,Male,54,Varanasi,Uttar Pradesh,2024-01-22
C3988,Karan Singh,Female,56,Chennai,Tamil Nadu,2025-02-25
C3989,Kavya Chauhan,Male,64,Pune,Maharashtra,2024-11-21
C3990,Isha Joshi,Female,37,Rajkot,Gujarat,2023-11-08
C3991,Aditya Yadav,Female,54,Hyderabad,Telangana,2025-04-12
C3992,Shreya Patel,Male,60,Hyderabad,Telangana,2024-09-11
C3993,Kavya Chauhan,Female,18,Delhi,Delhi,2025-08-21
C3994,Shivam Jain,Male,40,Coimbatore,Tamil Nadu,2025-11-09
C3995,Vivek Tiwari,Male,51,Surat,Gujarat,2025-11-19
C3996,Vikas Srivastava,Female,39,Mysuru,Karnataka,2023-05-19
C3997,Manish Mishra,Female,22,Jaipur,Rajasthan,2024-08-02
C3998,Isha Malhotra,Male,49,Nagpur,Maharashtra,2023-02-01
C3999,Vivek Malhotra,Male,37,Patna,Bihar,2025-08-21
C4000,Sakshi Bansal,Male,47,Varanasi,Uttar Pradesh,2025-02-08
C4001,Deepak Agarwal,Female,18,Warangal,Telangana,2023-10-14
C4002,Sneha Singh,Female,18,Rajkot,Gujarat,2024-10-26
C4003,Rakesh Gupta,Male,46,Mumbai,Maharashtra,2024-09-04
C4004,Vikas Joshi,Other,65,Kolkata,West Bengal,2024-08-17
C4005,Yash Bansal,Male,48,Lucknow,Uttar Pradesh,2024-08-13
C4006,Rahul Bansal,Female,63,Siliguri,West Bengal,2025-12-13
C4007,Meera Mehta,Female,58,Vadodara,Gujarat,2025-04-21
C4008,Rakesh Singh,Female,31,Ghaziabad,Uttar Pradesh,2024-03-16
C4009,Mohit Sharma,Male,22,Ghaziabad,Uttar Pradesh,2025-04-26
C4010,Riya Bansal,Male,44,Durgapur,West Bengal,2023-06-04
C4011,Aditi Shah,Male,47,New Delhi,Delhi,2023-11-09
C4012,Nikhil Bansal,Female,54,Gurugram,Haryana,2023-05-09
C4013,Divya Gupta,Other,43,Durgapur,West Bengal,2025-08-28
C4014,Amit Jain,Male,62,Kota,Rajasthan,2023-01-27
C4015,Priya Tiwari,Male,58,Pune,Maharashtra,2025-09-03
C4016,Pooja Gupta,Male,46,Jaipur,Rajasthan,2025-06-30
C4017,Shreya Singh,Female,44,Gwalior,Madhya Pradesh,2025-11-04
C4018,Meera Malhotra,Female,18,Varanasi,Uttar Pradesh,2025-04-18
C4019,Karan Mehta,Male,55,Delhi,Delhi,2024-05-16
C4020,Pooja Chauhan,Female,50,Nashik,Maharashtra,2025-06-07
C4021,Kavya Tiwari,Male,61,Hubballi,Karnataka,2025-12-17
C4022,Sanjay Kapoor,Female,22,Durgapur,West Bengal,2025-09-04
C4023,Ayush Sharma,Male,25,Bengaluru,Karnataka,2025-05-09
C4024,Suresh Patel,Male,50,Ahmedabad,Gujarat,2025-04-19
C4025,Manish Srivastava,Female,41,Delhi,Delhi,2024-12-16
C4026,Meera Jain,Female,46,Lucknow,Uttar Pradesh,2025-09-03
C4027,Sneha Chauhan,Male,38,Pune,Maharashtra,2024-04-18
C4028,Simran Malhotra,Female,48,Panipat,Haryana,2024-07-02
C4029,Ananya Kumar,Female,49,Ahmedabad,Gujarat,2025-07-11
C4030,Shreya Shah,Male,27,New Delhi,Delhi,2023-10-15
C4031,Arjun Malhotra,Female,54,Hyderabad,Telangana,2025-04-16
C4032,Komal Singh,Female,41,Agra,Uttar Pradesh,2023-05-01
C4033,Yash Mishra,Male,45,Nashik,Maharashtra,2024-10-03
C4034,Neha Kapoor,Female,47,Thane,Maharashtra,2023-02-08
C4035,Isha Gupta,Female,53,Muzaffarpur,Bihar,2025-12-27
C4036,Tanya Mishra,Male,32,Udaipur,Rajasthan,2025-07-10
C4037,Ayush Malhotra,Female,18,Rajkot,Gujarat,2023-10-01
C4038,Divya Bansal,Male,26,Lucknow,Uttar Pradesh,2023-06-14
C4039,Akash Shah,Female,64,Nagpur,Maharashtra,2024-12-03
C4040,Nikhil Chauhan,Female,28,Surat,Gujarat,2025-09-14
C4041,Rahul Tiwari,Male,29,New Delhi,Delhi,2023-12-18
C4042,Isha Patel,Female,59,Gwalior,Madhya Pradesh,2025-11-18
C4043,Vivek Gupta,Male,29,Kolkata,West Bengal,2024-05-16
C4044,Komal Bansal,Female,40,Mysuru,Karnataka,2024-04-28
C4045,Shreya Verma,Female,35,Siliguri,West Bengal,2024-01-07
C4046,Vivek Saxena,Male,49,Patna,Bihar,2023-10-24
C4047,Kavya Mehta,Female,46,Hubballi,Karnataka,2024-01-02
C4048,Akash Agarwal,Male,42,Jaipur,Rajasthan,2023-07-09
C4049,Ayush Mehta,Female,42,Indore,Madhya Pradesh,2024-02-17
C4050,Riya Shah,Female,58,Nagpur,Maharashtra,2023-11-14
C4051,Shreya Tiwari,Female,45,Gurugram,Haryana,2023-03-04
C4052,Deepak Verma,Male,42,Ghaziabad,Uttar Pradesh,2024-02-02
C4053,Divya Tiwari,Female,60,Jaipur,Rajasthan,2023-02-13
C4054,Amit Sharma,Female,22,Hyderabad,Telangana,2023-07-18
C4055,Ayush Bansal,Female,58,Surat,Gujarat,2025-03-04
C4056,Sakshi Tiwari,Female,27,Chennai,Tamil Nadu,2023-01-28
C4057,Divya Agarwal,Female,33,Ahmedabad,Gujarat,2023-12-07
C4058,Rohit Singh,Male,18,Agra,Uttar Pradesh,2025-01-19
C4059,Rakesh Saxena,Male,45,Pune,Maharashtra,2023-01-24
C4060,Arjun Saxena,Female,57,Mumbai,Maharashtra,2025-03-18
C4061,Nisha Mishra,Male,36,Surat,Gujarat,2023-03-31
C4062,Komal Shah,Female,49,Mysuru,Karnataka,2023-03-02
C4063,Isha Saxena,Female,36,Nagpur,Maharashtra,2023-08-03
C4064,Sneha Gupta,Female,54,Panipat,Haryana,2025-07-31
C4065,Shreya Joshi,Female,65,New Delhi,Delhi,2023-02-22
C4066,Kavya Jain,Female,52,Mangaluru,Karnataka,2023-04-19
C4067,Yash Gupta,Female,34,Hubballi,Karnataka,2025-11-02
C4068,Sneha Saxena,Female,57,Mumbai,Maharashtra,2024-10-30
C4069,Komal Mishra,Male,19,Siliguri,West Bengal,2024-09-14
C4070,Karan Tiwari,Male,65,Mysuru,Karnataka,2023-02-14
C4071,Pooja Mehta,Male,58,Agra,Uttar Pradesh,2024-03-07
C4072,Rahul Shah,Female,49,Patna,Bihar,2024-09-23
C4073,Sameer Jain,Male,47,Hyderabad,Telangana,2024-07-24
C4074,Neha Jain,Female,30,Kolkata,West Bengal,2023-05-04
C4075,Shivam Saxena,Female,38,Panipat,Haryana,2025-12-18
C4076,Rohit Malhotra,Male,22,Bhopal,Madhya Pradesh,2025-02-07
C4077,Nikhil Bansal,Other,34,New Delhi,Delhi,2023-09-22
C4078,Neha Jain,Male,46,Vadodara,Gujarat,2025-11-27
C4079,Akash Yadav,Female,35,Rajkot,Gujarat,2023-11-27
C4080,Suresh Singh,Male,54,Thane,Maharashtra,2023-05-24
C4081,Divya Bansal,Male,58,Pune,Maharashtra,2025-09-04
C4082,Ankit Jain,Male,44,Ghaziabad,Uttar Pradesh,2023-06-17
C4083,Nikhil Shah,Female,34,Jaipur,Rajasthan,2023-03-08
C4084,Varun Patel,Male,32,Hyderabad,Telangana,2024-11-19
C4085,Ayush Jain,Female,44,Kolkata,West Bengal,2023-10-17
C4086,Karan Malhotra,Female,52,Delhi,Delhi,2023-06-16
C4087,Arjun Joshi,Male,24,Thane,Maharashtra,2023-04-23
C4088,Arjun Chauhan,Male,39,Mangaluru,Karnataka,2023-05-19
C4089,Sanjay Kumar,Male,39,Madurai,Tamil Nadu,2025-11-18
C4090,Tanya Mehta,Female,31,Indore,Madhya Pradesh,2025-01-04
C4091,Sameer Singh,Female,29,Gurugram,Haryana,2025-07-11
C4092,Deepak Saxena,Male,58,Gwalior,Madhya Pradesh,2024-11-08
C4093,Pooja Joshi,Female,38,Panipat,Haryana,2024-08-17
C4094,Aditya Jain,Male,45,Patna,Bihar,2023-08-27
C4095,Neha Saxena,Female,19,Bengaluru,Karnataka,2025-11-25
C4096,Akash Patel,Male,31,Agra,Uttar Pradesh,2025-06-20
C4097,Ankit Verma,Male,28,Noida,Uttar Pradesh,2024-08-01
C4098,Manish Patel,Male,33,Mangaluru,Karnataka,2023-04-26
C4099,Akash Singh,Female,58,Aurangabad,Maharashtra,2025-04-12
C4100,Karan Srivastava,Female,45,Pune,Maharashtra,2023-12-31
C4101,Divya Kapoor,Male,61,Patna,Bihar,2023-08-18
C4102,Nisha Bansal,Male,38,Aurangabad,Maharashtra,2025-03-20
C4103,Meera Srivastava,Female,54,Gaya,Bihar,2025-07-05
C4104,Mohit Bansal,Male,25,Kolkata,West Bengal,2024-11-03
C4105,Yash Jain,Female,57,Jaipur,Rajasthan,2023-03-22
C4106,Shivam Kumar,Male,47,Kota,Rajasthan,2024-10-19
C4107,Priya Agarwal,Male,19,Delhi,Delhi,2025-10-03
C4108,Tanya Tiwari,Female,51,Jaipur,Rajasthan,2025-01-21
C4109,Vikas Tiwari,Male,41,Thane,Maharashtra,2023-10-18
C4110,Aditya Bansal,Female,18,Indore,Madhya Pradesh,2024-12-08
C4111,Sakshi Verma,Male,58,New Delhi,Delhi,2023-09-30
C4112,Vivek Gupta,Male,43,Nagpur,Maharashtra,2025-08-15
C4113,Deepak Srivastava,Female,47,Siliguri,West Bengal,2025-07-15
C4114,Ananya Kumar,Male,45,Kota,Rajasthan,2024-09-14
C4115,Rahul Mehta,Female,22,Mangaluru,Karnataka,2023-05-29
C4116,Aditi Agarwal,Female,33,Ahmedabad,Gujarat,2024-03-15
C4117,Isha Mishra,Female,51,Varanasi,Uttar Pradesh,2023-05-13
C4118,Deepak Malhotra,Male,34,Kota,Rajasthan,2025-04-18
C4119,Pooja Chauhan,Male,60,Nashik,Maharashtra,2025-01-15
C4120,Aarav Bansal,Male,33,Pune,Maharashtra,2025-07-26
C4121,Rakesh Patel,Female,40,Mumbai,Maharashtra,2025-04-11
C4122,Shreya Jain,Male,39,New Delhi,Delhi,2025-10-22
C4123,Sakshi Tiwari,Male,18,New Delhi,Delhi,2023-11-03
C4124,Riya Mehta,Female,56,Mysuru,Karnataka,2023-07-11
C4125,Aditya Patel,Male,24,Mumbai,Maharashtra,2024-06-10
C4126,Ayush Malhotra,Female,40,Mumbai,Maharashtra,2023-10-18
C4127,Shreya Verma,Male,61,Madurai,Tamil Nadu,2025-03-20
C4128,Suresh Singh,Female,65,Ghaziabad,Uttar Pradesh,2024-04-10
C4129,Manish Srivastava,Female,29,Udaipur,Rajasthan,2024-11-18
C4130,Sameer Joshi,Male,36,Bhopal,Madhya Pradesh,2023-07-08
C4131,Sameer Gupta,Female,45,Hubballi,Karnataka,2023-04-04
C4132,Tanya Yadav,Female,51,Gwalior,Madhya Pradesh,2025-10-23
C4133,Vikas Chauhan,Male,30,Prayagraj,Uttar Pradesh,2024-05-03
C4134,Isha Joshi,Female,44,Varanasi,Uttar Pradesh,2023-06-02
C4135,Aditi Joshi,Female,58,Durgapur,West Bengal,2025-06-07
C4136,Nisha Singh,Female,54,Siliguri,West Bengal,2023-05-26
C4137,Shivam Chauhan,Female,57,Faridabad,Haryana,2025-12-27
C4138,Amit Srivastava,Male,60,Varanasi,Uttar Pradesh,2024-02-27
C4139,Yash Shah,Male,59,Durgapur,West Bengal,2024-05-26
C4140,Rakesh Mishra,Male,42,Delhi,Delhi,2023-10-11
C4141,Sneha Malhotra,Male,64,New Delhi,Delhi,2023-04-05
C4142,Sakshi Saxena,Male,41,Thane,Maharashtra,2024-03-23
C4143,Simran Bansal,Male,52,Patna,Bihar,2024-02-05
C4144,Sakshi Chauhan,Male,63,Agra,Uttar Pradesh,2024-05-05
C4145,Rohit Joshi,Female,20,Warangal,Telangana,2024-06-20
C4146,Deepak Mishra,Male,62,Vadodara,Gujarat,2024-11-21
C4147,Rakesh Patel,Female,57,Kolkata,West Bengal,2023-03-22
C4148,Rahul Saxena,Female,65,Siliguri,West Bengal,2024-02-02
C4149,Meera Yadav,Female,55,Faridabad,Haryana,2025-08-04
C4150,Aarav Verma,Male,25,Nagpur,Maharashtra,2025-11-08
C4151,Rahul Kapoor,Female,32,Lucknow,Uttar Pradesh,2024-08-12
C4152,Meera Jain,Female,18,Vadodara,Gujarat,2024-02-05
C4153,Divya Saxena,Female,47,New Delhi,Delhi,2024-03-31
C4154,Rahul Kumar,Male,38,Agra,Uttar Pradesh,2025-05-06
C4155,Sameer Mishra,Male,40,Aurangabad,Maharashtra,2024-03-10
C4156,Ankit Yadav,Female,53,Delhi,Delhi,2025-10-31
C4157,Ankit Malhotra,Male,57,Kanpur,Uttar Pradesh,2023-01-31
C4158,Arjun Bansal,Female,21,Ghaziabad,Uttar Pradesh,2024-10-25
C4159,Sneha Patel,Female,62,Indore,Madhya Pradesh,2024-07-22
C4160,Ayush Patel,Female,35,Delhi,Delhi,2024-05-09
C4161,Sameer Kumar,Female,54,Gaya,Bihar,2024-06-04
C4162,Meera Kapoor,Female,45,Muzaffarpur,Bihar,2023-06-23
C4163,Rohit Chauhan,Female,39,Ghaziabad,Uttar Pradesh,2024-01-14
C4164,Divya Bansal,Female,28,Siliguri,West Bengal,2024-01-22
C4165,Nisha Verma,Male,27,Vadodara,Gujarat,2024-12-22
C4166,Tanya Joshi,Female,53,Udaipur,Rajasthan,2024-10-17
C4167,Riya Yadav,Female,33,Lucknow,Uttar Pradesh,2024-03-26
C4168,Simran Sharma,Female,29,Pune,Maharashtra,2024-07-20
C4169,Ananya Gupta,Male,18,Kanpur,Uttar Pradesh,2024-09-18
C4170,Shivam Kumar,Male,58,Surat,Gujarat,2023-02-21
C4171,Vikas Gupta,Female,36,Muzaffarpur,Bihar,2025-08-27
C4172,Shreya Bansal,Male,34,Jodhpur,Rajasthan,2025-09-04
C4173,Simran Yadav,Female,35,Siliguri,West Bengal,2024-02-03
C4174,Akash Bansal,Female,46,Patna,Bihar,2025-04-13
C4175,Nisha Tiwari,Male,41,Jaipur,Rajasthan,2024-03-11
C4176,Deepak Mehta,Male,44,Ghaziabad,Uttar Pradesh,2023-03-16
C4177,Ananya Patel,Female,31,Panipat,Haryana,2025-08-06
C4178,Aarav Bansal,Male,32,Delhi,Delhi,2023-10-21
C4179,Sameer Singh,Female,59,Kanpur,Uttar Pradesh,2024-01-28
C4180,Priya Jain,Female,39,Madurai,Tamil Nadu,2024-09-22
C4181,Shivam Patel,Female,64,Gwalior,Madhya Pradesh,2024-04-26
C4182,Pooja Saxena,Male,58,Pune,Maharashtra,2023-10-19
C4183,Rahul Saxena,Male,52,Madurai,Tamil Nadu,2025-05-26
C4184,Simran Saxena,Female,44,Thane,Maharashtra,2024-01-25
C4185,Tanya Malhotra,Male,58,Kanpur,Uttar Pradesh,2024-10-10
C4186,Rohit Shah,Male,20,Agra,Uttar Pradesh,2024-12-29
C4187,Divya Saxena,Female,41,Kolkata,West Bengal,2025-10-19
C4188,Shreya Srivastava,Male,52,Panipat,Haryana,2024-06-08
C4189,Sneha Patel,Male,23,Ghaziabad,Uttar Pradesh,2024-05-30
C4190,Kavya Chauhan,Female,26,Aurangabad,Maharashtra,2025-09-26
C4191,Suresh Srivastava,Male,21,Thane,Maharashtra,2024-06-08
C4192,Sakshi Shah,Male,41,Kanpur,Uttar Pradesh,2023-11-23
C4193,Aditi Singh,Male,43,Salem,Tamil Nadu,2023-02-17
C4194,Sneha Verma,Female,40,Jaipur,Rajasthan,2023-12-22
C4195,Amit Bansal,Female,20,Kota,Rajasthan,2023-08-05
C4196,Sameer Kumar,Female,41,New Delhi,Delhi,2023-11-30
C4197,Priya Patel,Female,60,Coimbatore,Tamil Nadu,2024-08-14
C4198,Aarav Joshi,Male,19,Noida,Uttar Pradesh,2024-07-28
C4199,Neha Srivastava,Female,55,Noida,Uttar Pradesh,2023-07-24
C4200,Ananya Saxena,Male,31,Bhopal,Madhya Pradesh,2024-05-23
C4201,Aarav Bansal,Female,21,Siliguri,West Bengal,2024-05-11
C4202,Vikas Jain,Female,20,Indore,Madhya Pradesh,2023-02-16
C4203,Kavya Kumar,Male,18,Gwalior,Madhya Pradesh,2023-11-07
C4204,Meera Malhotra,Female,37,Jaipur,Rajasthan,2025-03-02
C4205,Sneha Gupta,Female,41,Gwalior,Madhya Pradesh,2023-01-23
C4206,Aarav Mehta,Male,47,Mysuru,Karnataka,2023-11-26
C4207,Sakshi Chauhan,Female,21,Kanpur,Uttar Pradesh,2024-06-04
C4208,Varun Mehta,Female,49,Lucknow,Uttar Pradesh,2023-07-02
C4209,Sakshi Joshi,Male,53,Prayagraj,Uttar Pradesh,2024-12-08
C4210,Pooja Malhotra,Male,21,Prayagraj,Uttar Pradesh,2024-01-06
C4211,Deepak Saxena,Female,50,New Delhi,Delhi,2023-09-10
C4212,Ankit Jain,Male,23,Jaipur,Rajasthan,2025-04-30
C4213,Pooja Patel,Male,39,Warangal,Telangana,2023-08-24
C4214,Vivek Gupta,Female,49,Rajkot,Gujarat,2023-06-09
C4215,Meera Joshi,Female,59,Noida,Uttar Pradesh,2023-02-06
C4216,Shreya Yadav,Male,43,Kolkata,West Bengal,2023-04-10
C4217,Ananya Shah,Male,38,Delhi,Delhi,2025-08-12
C4218,Sanjay Bansal,Female,58,Noida,Uttar Pradesh,2025-10-20
C4219,Aarav Sharma,Male,28,Pune,Maharashtra,2024-08-20
C4220,Neha Mehta,Female,27,New Delhi,Delhi,2025-10-06
C4221,Aarav Gupta,Female,40,Nagpur,Maharashtra,2025-02-13
C4222,Nikhil Yadav,Male,23,Warangal,Telangana,2024-03-21
C4223,Sneha Sharma,Female,19,Siliguri,West Bengal,2025-02-20
C4224,Simran Gupta,Female,35,Jodhpur,Rajasthan,2024-04-04
C4225,Nisha Chauhan,Female,25,Kanpur,Uttar Pradesh,2025-11-19
C4226,Shivam Chauhan,Male,48,Warangal,Telangana,2025-07-20
C4227,Aarav Kapoor,Male,44,Jaipur,Rajasthan,2025-07-14
C4228,Amit Joshi,Female,41,Mumbai,Maharashtra,2024-08-03
C4229,Meera Bansal,Female,41,Jaipur,Rajasthan,2024-07-21
C4230,Ananya Srivastava,Other,22,Salem,Tamil Nadu,2023-05-09
C4231,Priya Shah,Male,37,Mangaluru,Karnataka,2024-12-15
C4232,Rohit Sharma,Female,21,Noida,Uttar Pradesh,2023-05-06
C4233,Manish Kapoor,Male,35,Coimbatore,Tamil Nadu,2024-08-14
C4234,Tanya Chauhan,Female,50,Kanpur,Uttar Pradesh,2023-05-24
C4235,Riya Yadav,Female,65,Pune,Maharashtra,2024-06-05
C4236,Priya Patel,Female,32,Prayagraj,Uttar Pradesh,2025-05-04
C4237,Neha Agarwal,Male,30,Muzaffarpur,Bihar,2023-12-04
C4238,Ankit Agarwal,Female,50,Pune,Maharashtra,2024-10-21
C4239,Aditi Kapoor,Male,62,New Delhi,Delhi,2023-10-12
C4240,Shivam Agarwal,Female,32,New Delhi,Delhi,2023-11-25
C4241,Sanjay Tiwari,Female,58,Faridabad,Haryana,2023-07-20
C4242,Rakesh Bansal,Female,33,Rajkot,Gujarat,2023-06-27
C4243,Sakshi Sharma,Female,48,Bhopal,Madhya Pradesh,2024-02-12
C4244,Rahul Saxena,Female,28,New Delhi,Delhi,2023-05-16
C4245,Yash Bansal,Male,30,Lucknow,Uttar Pradesh,2025-09-03
C4246,Aditya Shah,Male,65,Chennai,Tamil Nadu,2025-03-22
C4247,Ananya Patel,Female,36,New Delhi,Delhi,2023-08-31
C4248,Manish Saxena,Female,18,Hyderabad,Telangana,2025-08-28
C4249,Vikas Jain,Female,55,Faridabad,Haryana,2024-02-05
C4250,Neha Gupta,Male,24,Bengaluru,Karnataka,2024-08-04
C4251,Aditi Mishra,Male,23,Patna,Bihar,2025-02-04
C4252,Isha Yadav,Female,58,Salem,Tamil Nadu,2025-04-26
C4253,Aditya Malhotra,Female,34,Aurangabad,Maharashtra,2023-01-09
C4254,Rohit Gupta,Female,24,Madurai,Tamil Nadu,2023-11-07
C4255,Yash Joshi,Male,64,Agra,Uttar Pradesh,2024-01-04
C4256,Rahul Patel,Male,31,Warangal,Telangana,2024-10-03
C4257,Rohit Saxena,Male,48,Kanpur,Uttar Pradesh,2025-08-13
C4258,Sneha Patel,Male,30,New Delhi,Delhi,2024-04-24
C4259,Shivam Tiwari,Female,45,Surat,Gujarat,2024-05-22
C4260,Meera Tiwari,Male,51,Varanasi,Uttar Pradesh,2023-04-07
C4261,Sameer Gupta,Male,54,Varanasi,Uttar Pradesh,2024-07-30
C4262,Tanya Malhotra,Other,37,Udaipur,Rajasthan,2024-06-17
C4263,Neha Verma,Male,47,Varanasi,Uttar Pradesh,2024-11-28
C4264,Rakesh Saxena,Female,58,Bengaluru,Karnataka,2025-07-16
C4265,Aditi Joshi,Male,58,Delhi,Delhi,2024-09-13
C4266,Ananya Yadav,Male,53,Aurangabad,Maharashtra,2023-02-26
C4267,Rohit Verma,Male,37,Nashik,Maharashtra,2025-06-13
C4268,Rahul Jain,Female,43,Siliguri,West Bengal,2024-06-06
C4269,Sakshi Saxena,Male,64,Patna,Bihar,2024-06-16
C4270,Ayush Bansal,Female,29,Prayagraj,Uttar Pradesh,2025-08-14
C4271,Divya Sharma,Female,51,Gaya,Bihar,2024-10-07
C4272,Nisha Mishra,Male,56,Surat,Gujarat,2025-05-15
C4273,Deepak Jain,Female,41,Jodhpur,Rajasthan,2025-08-21
C4274,Ankit Mehta,Male,59,Jaipur,Rajasthan,2024-06-24
C4275,Suresh Kumar,Male,38,Kota,Rajasthan,2025-12-11
C4276,Amit Mishra,Female,58,Warangal,Telangana,2023-07-07
C4277,Varun Srivastava,Male,48,Coimbatore,Tamil Nadu,2025-08-12
C4278,Ananya Patel,Other,20,Salem,Tamil Nadu,2025-07-18
C4279,Neha Kapoor,Female,57,New Delhi,Delhi,2023-04-20
C4280,Divya Patel,Male,51,Kanpur,Uttar Pradesh,2023-06-17
C4281,Yash Patel,Male,28,Udaipur,Rajasthan,2023-02-10
C4282,Vikas Joshi,Female,51,Noida,Uttar Pradesh,2023-10-31
C4283,Sakshi Yadav,Female,42,Thane,Maharashtra,2025-12-21
C4284,Aditya Verma,Male,63,Prayagraj,Uttar Pradesh,2023-05-17
C4285,Komal Chauhan,Female,32,Nashik,Maharashtra,2024-05-17
C4286,Rahul Srivastava,Male,30,Ahmedabad,Gujarat,2024-01-23
C4287,Sneha Kapoor,Other,20,Vadodara,Gujarat,2024-11-19
C4288,Akash Kumar,Male,55,Mysuru,Karnataka,2024-10-26
C4289,Akash Sharma,Male,65,Prayagraj,Uttar Pradesh,2025-06-24
C4290,Yash Gupta,Female,51,Mangaluru,Karnataka,2024-03-30
C4291,Aarav Tiwari,Female,35,New Delhi,Delhi,2024-05-20
C4292,Kavya Saxena,Female,60,Kolkata,West Bengal,2023-01-25
C4293,Tanya Shah,Female,30,Ahmedabad,Gujarat,2025-11-28
C4294,Komal Chauhan,Male,51,Chennai,Tamil Nadu,2023-08-22
C4295,Arjun Kumar,Male,46,Coimbatore,Tamil Nadu,2024-10-14
C4296,Mohit Mehta,Female,58,Patna,Bihar,2025-08-22
C4297,Vikas Gupta,Male,64,Durgapur,West Bengal,2024-10-23
C4298,Deepak Mishra,Female,35,Salem,Tamil Nadu,2024-11-15
C4299,Karan Tiwari,Male,22,Bengaluru,Karnataka,2023-07-11
C4300,Neha Srivastava,Female,25,Kanpur,Uttar Pradesh,2025-02-15
C4301,Akash Kumar,Female,53,Gwalior,Madhya Pradesh,2023-07-28
C4302,Vivek Verma,Female,35,Delhi,Delhi,2025-01-27
C4303,Amit Mehta,Male,24,Nashik,Maharashtra,2024-09-23
C4304,Arjun Singh,Other,57,Muzaffarpur,Bihar,2024-06-20
C4305,Nikhil Mehta,Female,49,Siliguri,West Bengal,2025-02-28
C4306,Riya Mehta,Female,24,Varanasi,Uttar Pradesh,2025-02-27
C4307,Aarav Yadav,Female,52,Agra,Uttar Pradesh,2023-08-13
C4308,Meera Yadav,Male,48,Agra,Uttar Pradesh,2024-02-16
C4309,Rohit Verma,Male,65,Surat,Gujarat,2024-06-13
C4310,Sanjay Tiwari,Male,65,Agra,Uttar Pradesh,2023-06-16
C4311,Shivam Agarwal,Female,64,Gwalior,Madhya Pradesh,2024-01-26
C4312,Nisha Mehta,Female,60,Bhopal,Madhya Pradesh,2024-04-25
C4313,Sneha Mishra,Male,56,Chennai,Tamil Nadu,2023-08-14
C4314,Aditi Kapoor,Female,50,Vadodara,Gujarat,2023-09-01
C4315,Shivam Kumar,Male,44,Delhi,Delhi,2025-06-15
C4316,Sanjay Singh,Female,56,Ghaziabad,Uttar Pradesh,2023-06-04
C4317,Sanjay Kapoor,Male,64,Siliguri,West Bengal,2023-05-13
C4318,Aarav Kapoor,Male,23,Prayagraj,Uttar Pradesh,2023-12-17
C4319,Ananya Yadav,Male,24,Lucknow,Uttar Pradesh,2023-01-26
C4320,Sneha Agarwal,Female,41,New Delhi,Delhi,2025-08-09
C4321,Aditya Chauhan,Female,32,Kanpur,Uttar Pradesh,2025-12-16
C4322,Aditya Kumar,Male,43,Mysuru,Karnataka,2025-05-31
C4323,Deepak Gupta,Female,32,Udaipur,Rajasthan,2025-05-25
C4324,Sakshi Jain,Female,55,Warangal,Telangana,2023-04-22
C4325,Suresh Yadav,Male,61,Surat,Gujarat,2024-08-30
C4326,Deepak Joshi,Female,31,Gurugram,Haryana,2023-04-07
C4327,Sameer Malhotra,Male,55,Hubballi,Karnataka,2023-11-26
C4328,Manish Shah,Female,23,Panipat,Haryana,2024-06-23
C4329,Komal Joshi,Female,56,Salem,Tamil Nadu,2025-01-16
C4330,Komal Jain,Male,51,Pune,Maharashtra,2023-10-31
C4331,Aditi Bansal,Female,52,Gwalior,Madhya Pradesh,2023-10-08
C4332,Pooja Sharma,Male,41,Thane,Maharashtra,2025-06-20
C4333,Arjun Mishra,Female,23,Prayagraj,Uttar Pradesh,2023-09-03
C4334,Deepak Malhotra,Female,58,Thane,Maharashtra,2024-06-16
C4335,Sameer Mishra,Male,23,Delhi,Delhi,2023-11-11
C4336,Amit Singh,Female,41,New Delhi,Delhi,2025-07-22
C4337,Komal Mishra,Male,26,Chennai,Tamil Nadu,2024-08-08
C4338,Ananya Kapoor,Female,58,Gurugram,Haryana,2023-04-29
C4339,Ankit Kumar,Female,45,Delhi,Delhi,2023-06-12
C4340,Komal Kapoor,Female,42,Salem,Tamil Nadu,2025-11-28
C4341,Karan Bansal,Female,33,New Delhi,Delhi,2025-10-26
C4342,Nikhil Joshi,Female,55,Hyderabad,Telangana,2025-04-19
C4343,Arjun Verma,Male,28,Lucknow,Uttar Pradesh,2023-03-26
C4344,Varun Saxena,Male,52,Kanpur,Uttar Pradesh,2025-03-12
C4345,Aarav Verma,Female,64,Madurai,Tamil Nadu,2024-12-24
C4346,Sameer Tiwari,Male,30,Udaipur,Rajasthan,2025-10-26
C4347,Shivam Kapoor,Male,50,Hyderabad,Telangana,2024-06-16
C4348,Neha Singh,Male,32,Surat,Gujarat,2024-05-29
C4349,Varun Bansal,Other,62,Siliguri,West Bengal,2024-11-23
C4350,Nisha Shah,Female,61,Mangaluru,Karnataka,2023-06-13
C4351,Isha Patel,Male,33,Noida,Uttar Pradesh,2025-03-27
C4352,Isha Jain,Male,29,Noida,Uttar Pradesh,2024-06-28
C4353,Arjun Joshi,Female,21,Kanpur,Uttar Pradesh,2025-06-11
C4354,Isha Kapoor,Male,51,New Delhi,Delhi,2023-10-17
C4355,Rahul Srivastava,Female,62,Salem,Tamil Nadu,2025-07-30
C4356,Divya Yadav,Female,24,Delhi,Delhi,2023-10-26
C4357,Isha Joshi,Female,57,Vadodara,Gujarat,2024-06-18
C4358,Ananya Malhotra,Male,54,Chennai,Tamil Nadu,2024-04-23
C4359,Vivek Malhotra,Female,40,Jaipur,Rajasthan,2025-03-12
C4360,Arjun Patel,Other,28,Jodhpur,Rajasthan,2023-07-23
C4361,Riya Agarwal,Male,49,Delhi,Delhi,2023-09-28
C4362,Pooja Bansal,Female,46,Delhi,Delhi,2023-07-30
C4363,Yash Mishra,Male,56,Ahmedabad,Gujarat,2023-09-10
C4364,Meera Verma,Female,45,Rajkot,Gujarat,2024-05-10
C4365,Nikhil Shah,Female,20,New Delhi,Delhi,2024-10-03
C4366,Sneha Yadav,Male,27,Delhi,Delhi,2025-08-03
C4367,Divya Sharma,Male,36,Jaipur,Rajasthan,2024-04-06
C4368,Amit Singh,Male,41,Kota,Rajasthan,2024-03-24
C4369,Divya Malhotra,Male,34,Agra,Uttar Pradesh,2023-06-26
C4370,Varun Chauhan,Female,60,Bengaluru,Karnataka,2023-04-19
C4371,Riya Patel,Male,31,Gurugram,Haryana,2025-04-13
C4372,Simran Kumar,Female,50,Kanpur,Uttar Pradesh,2024-11-23
C4373,Sanjay Saxena,Male,35,Gurugram,Haryana,2024-08-05
C4374,Rahul Yadav,Female,65,Aurangabad,Maharashtra,2024-05-01
C4375,Sameer Chauhan,Female,61,Salem,Tamil Nadu,2024-07-23
C4376,Isha Mehta,Female,55,Hubballi,Karnataka,2025-07-15
C4377,Akash Verma,Female,54,Kanpur,Uttar Pradesh,2023-07-27
C4378,Varun Patel,Other,48,Bhopal,Madhya Pradesh,2024-06-30
C4379,Deepak Mishra,Female,46,Mysuru,Karnataka,2023-09-22
C4380,Ananya Bansal,Female,45,Gaya,Bihar,2023-04-25
C4381,Komal Kumar,Male,19,Nashik,Maharashtra,2025-01-28
C4382,Isha Srivastava,Male,62,Faridabad,Haryana,2025-02-10
C4383,Simran Bansal,Male,65,Gwalior,Madhya Pradesh,2025-07-21
C4384,Sneha Srivastava,Female,43,Chennai,Tamil Nadu,2023-01-24
C4385,Mohit Srivastava,Female,59,Pune,Maharashtra,2023-07-14
C4386,Simran Verma,Female,37,Kota,Rajasthan,2024-09-21
C4387,Akash Shah,Female,23,Salem,Tamil Nadu,2025-06-08
C4388,Varun Saxena,Male,58,Gwalior,Madhya Pradesh,2025-10-26
C4389,Arjun Agarwal,Female,42,Mysuru,Karnataka,2025-05-12
C4390,Varun Singh,Male,63,Nagpur,Maharashtra,2025-09-17
C4391,Sneha Yadav,Male,28,Noida,Uttar Pradesh,2025-06-11
C4392,Aarav Verma,Female,40,Jodhpur,Rajasthan,2023-12-12
C4393,Suresh Srivastava,Male,50,Muzaffarpur,Bihar,2024-09-29
C4394,Amit Patel,Female,24,Kanpur,Uttar Pradesh,2024-11-26
C4395,Divya Malhotra,Female,65,Siliguri,West Bengal,2024-01-21
C4396,Vikas Chauhan,Female,47,Indore,Madhya Pradesh,2025-08-27
C4397,Mohit Yadav,Male,26,Agra,Uttar Pradesh,2025-04-24
C4398,Manish Bansal,Male,53,Prayagraj,Uttar Pradesh,2024-07-19
C4399,Nisha Sharma,Male,60,Udaipur,Rajasthan,2024-06-09
C4400,Komal Kumar,Female,35,Udaipur,Rajasthan,2025-05-17
C4401,Komal Gupta,Male,47,Ghaziabad,Uttar Pradesh,2023-08-31
C4402,Riya Mishra,Male,53,Hyderabad,Telangana,2023-08-28
C4403,Shreya Jain,Female,24,Coimbatore,Tamil Nadu,2024-03-16
C4404,Mohit Patel,Female,43,Bhopal,Madhya Pradesh,2023-05-20
C4405,Tanya Verma,Female,44,Faridabad,Haryana,2024-05-16
C4406,Divya Singh,Male,32,Warangal,Telangana,2024-04-18
C4407,Suresh Malhotra,Female,32,Chennai,Tamil Nadu,2024-07-07
C4408,Sameer Sharma,Male,48,Mumbai,Maharashtra,2024-05-20
C4409,Vikas Saxena,Male,54,Coimbatore,Tamil Nadu,2025-09-09
C4410,Komal Tiwari,Male,36,Agra,Uttar Pradesh,2023-10-28
C4411,Karan Kapoor,Female,25,Kota,Rajasthan,2024-03-26
C4412,Nikhil Mehta,Female,55,Agra,Uttar Pradesh,2025-03-19
C4413,Meera Malhotra,Male,26,Coimbatore,Tamil Nadu,2023-11-08
C4414,Tanya Malhotra,Female,18,Lucknow,Uttar Pradesh,2024-12-19
C4415,Rakesh Tiwari,Female,33,New Delhi,Delhi,2025-11-19
C4416,Ananya Chauhan,Male,57,Nashik,Maharashtra,2024-02-16
C4417,Vivek Jain,Female,54,Vadodara,Gujarat,2023-09-22
C4418,Sameer Joshi,Male,32,Warangal,Telangana,2023-07-28
C4419,Vikas Saxena,Male,42,Agra,Uttar Pradesh,2023-01-13
C4420,Ananya Sharma,Female,64,Gurugram,Haryana,2023-11-08
C4421,Isha Shah,Male,52,Gurugram,Haryana,2025-07-19
C4422,Yash Malhotra,Female,54,New Delhi,Delhi,2023-10-06
C4423,Arjun Kapoor,Male,22,Udaipur,Rajasthan,2025-11-11
C4424,Pooja Agarwal,Female,29,Hubballi,Karnataka,2025-11-09
C4425,Varun Yadav,Female,22,Ghaziabad,Uttar Pradesh,2025-01-16
C4426,Sameer Gupta,Female,64,Coimbatore,Tamil Nadu,2025-12-10
C4427,Neha Mehta,Female,34,Noida,Uttar Pradesh,2024-03-22
C4428,Sameer Tiwari,Female,41,Faridabad,Haryana,2025-11-13
C4429,Kavya Srivastava,Male,44,Indore,Madhya Pradesh,2024-08-18
C4430,Vivek Agarwal,Male,43,Warangal,Telangana,2023-03-30
C4431,Arjun Yadav,Female,20,Surat,Gujarat,2025-06-30
C4432,Shivam Bansal,Female,61,Salem,Tamil Nadu,2025-11-06
C4433,Sameer Kapoor,Male,36,Gaya,Bihar,2025-08-27
C4434,Ananya Shah,Female,62,Thane,Maharashtra,2024-04-01
C4435,Ankit Agarwal,Male,54,Kanpur,Uttar Pradesh,2023-04-23
C4436,Simran Kumar,Male,51,Rajkot,Gujarat,2024-10-03
C4437,Aditya Bansal,Female,51,Delhi,Delhi,2025-08-08
C4438,Sanjay Joshi,Female,64,Delhi,Delhi,2025-07-09
C4439,Komal Agarwal,Female,32,Kanpur,Uttar Pradesh,2024-11-06
C4440,Ayush Tiwari,Male,33,Surat,Gujarat,2025-05-11
C4441,Ananya Malhotra,Male,50,Aurangabad,Maharashtra,2023-02-05
C4442,Karan Tiwari,Female,29,Nagpur,Maharashtra,2024-11-13
C4443,Tanya Patel,Male,56,Noida,Uttar Pradesh,2023-04-29
C4444,Riya Patel,Female,19,New Delhi,Delhi,2025-03-31
C4445,Nisha Tiwari,Male,61,Faridabad,Haryana,2023-02-19
C4446,Kavya Chauhan,Male,34,New Delhi,Delhi,2024-10-13
C4447,Shivam Chauhan,Male,18,Jaipur,Rajasthan,2025-11-04
C4448,Sameer Saxena,Male,46,Kolkata,West Bengal,2023-05-03
C4449,Priya Patel,Male,31,New Delhi,Delhi,2024-04-12
C4450,Karan Verma,Female,32,Hyderabad,Telangana,2023-02-14
C4451,Aditi Agarwal,Female,41,Jaipur,Rajasthan,2025-02-22
C4452,Aditya Tiwari,Male,45,Coimbatore,Tamil Nadu,2025-10-10
C4453,Shreya Agarwal,Female,24,Kanpur,Uttar Pradesh,2023-01-02
C4454,Rahul Bansal,Male,20,Noida,Uttar Pradesh,2024-08-20
C4455,Aarav Tiwari,Male,40,Patna,Bihar,2025-05-18
C4456,Ankit Chauhan,Female,34,Hyderabad,Telangana,2023-01-28
C4457,Amit Tiwari,Female,45,Indore,Madhya Pradesh,2024-06-11
C4458,Sameer Mehta,Female,53,Gwalior,Madhya Pradesh,2023-05-22
C4459,Deepak Patel,Male,47,Noida,Uttar Pradesh,2025-10-08
C4460,Mohit Chauhan,Male,23,Warangal,Telangana,2024-07-11
C4461,Meera Verma,Female,65,Mangaluru,Karnataka,2024-07-24
C4462,Komal Gupta,Female,52,Warangal,Telangana,2025-12-27
C4463,Rakesh Chauhan,Female,20,Agra,Uttar Pradesh,2025-05-13
C4464,Manish Malhotra,Female,54,Nashik,Maharashtra,2023-12-10
C4465,Vikas Shah,Male,60,Durgapur,West Bengal,2024-11-20
C4466,Shreya Kumar,Female,45,Warangal,Telangana,2023-11-22
C4467,Rahul Shah,Female,57,Ahmedabad,Gujarat,2024-07-23
C4468,Rohit Tiwari,Male,60,Delhi,Delhi,2025-06-08
C4469,Vivek Joshi,Male,64,New Delhi,Delhi,2025-11-04
C4470,Nikhil Jain,Female,63,Patna,Bihar,2025-11-07
C4471,Aarav Mehta,Male,27,Mangaluru,Karnataka,2024-06-26
C4472,Karan Srivastava,Female,19,Hubballi,Karnataka,2025-09-07
C4473,Varun Tiwari,Female,49,Chennai,Tamil Nadu,2025-09-04
C4474,Aditya Jain,Male,50,Bengaluru,Karnataka,2024-08-21
C4475,Nisha Joshi,Female,45,Salem,Tamil Nadu,2023-02-09
C4476,Nisha Yadav,Female,29,Mangaluru,Karnataka,2023-05-11
C4477,Sneha Patel,Male,63,Hyderabad,Telangana,2024-12-20
C4478,Komal Verma,Female,37,Gwalior,Madhya Pradesh,2025-06-28
C4479,Nisha Shah,Male,53,Bhopal,Madhya Pradesh,2025-09-25
C4480,Rakesh Mehta,Female,47,Surat,Gujarat,2023-09-24
C4481,Akash Mishra,Male,60,Mysuru,Karnataka,2025-09-11
C4482,Simran Yadav,Male,52,Udaipur,Rajasthan,2025-06-24
C4483,Meera Gupta,Female,48,Hyderabad,Telangana,2024-06-15
C4484,Sneha Kumar,Male,58,Surat,Gujarat,2024-02-14
C4485,Mohit Kapoor,Male,20,Jodhpur,Rajasthan,2024-05-31
C4486,Simran Verma,Male,51,Kolkata,West Bengal,2025-01-09
C4487,Meera Kumar,Female,46,Kota,Rajasthan,2023-07-07
C4488,Nisha Chauhan,Female,55,Kolkata,West Bengal,2024-01-02
C4489,Manish Yadav,Male,28,Aurangabad,Maharashtra,2023-05-12
C4490,Neha Srivastava,Male,46,Chennai,Tamil Nadu,2025-10-23
C4491,Riya Joshi,Male,31,Surat,Gujarat,2024-03-21
C4492,Vikas Kapoor,Female,23,Noida,Uttar Pradesh,2023-10-02
C4493,Sakshi Mehta,Male,45,Faridabad,Haryana,2023-08-11
C4494,Riya Gupta,Female,19,Vadodara,Gujarat,2023-03-23
C4495,Nikhil Saxena,Male,22,Noida,Uttar Pradesh,2024-05-31
C4496,Aditi Saxena,Female,43,Warangal,Telangana,2025-04-25
C4497,Rohit Mishra,Female,61,Durgapur,West Bengal,2023-12-20
C4498,Ananya Bansal,Male,52,Siliguri,West Bengal,2024-03-19
C4499,Aarav Shah,Female,18,Bengaluru,Karnataka,2024-11-27
C4500,Ayush Tiwari,Male,23,Panipat,Haryana,2024-01-25
C4501,Deepak Saxena,Female,38,Bengaluru,Karnataka,2025-03-20
C4502,Rohit Sharma,Male,38,Ahmedabad,Gujarat,2023-12-18
C4503,Sneha Srivastava,Male,19,Agra,Uttar Pradesh,2024-05-03
C4504,Divya Chauhan,Male,30,Jodhpur,Rajasthan,2025-12-09
C4505,Vikas Kapoor,Male,24,Kolkata,West Bengal,2025-07-04
C4506,Meera Kumar,Female,45,Rajkot,Gujarat,2024-09-17
C4507,Nisha Saxena,Female,49,Madurai,Tamil Nadu,2024-03-05
C4508,Sakshi Joshi,Male,36,Warangal,Telangana,2025-12-22
C4509,Vikas Mishra,Female,45,Jodhpur,Rajasthan,2024-05-21
C4510,Aditi Srivastava,Female,27,Nagpur,Maharashtra,2024-01-12
C4511,Sameer Mehta,Male,58,Muzaffarpur,Bihar,2024-10-14
C4512,Rohit Srivastava,Male,18,Jaipur,Rajasthan,2024-03-29
C4513,Varun Malhotra,Female,42,Gaya,Bihar,2025-08-31
C4514,Vikas Yadav,Male,33,Muzaffarpur,Bihar,2023-08-20
C4515,Sneha Chauhan,Female,39,Indore,Madhya Pradesh,2023-02-24
C4516,Isha Mehta,Male,42,Durgapur,West Bengal,2024-04-16
C4517,Shreya Shah,Male,49,Surat,Gujarat,2025-11-04
C4518,Tanya Jain,Female,62,Nagpur,Maharashtra,2023-03-09
C4519,Divya Kumar,Female,44,Salem,Tamil Nadu,2025-06-03
C4520,Yash Malhotra,Other,28,Kolkata,West Bengal,2023-01-01
C4521,Sakshi Jain,Male,43,Salem,Tamil Nadu,2024-09-02
C4522,Nikhil Tiwari,Female,42,Gurugram,Haryana,2024-05-11
C4523,Shreya Chauhan,Female,59,Lucknow,Uttar Pradesh,2023-06-24
C4524,Vivek Bansal,Female,45,Delhi,Delhi,2025-03-27
C4525,Rohit Verma,Female,59,Madurai,Tamil Nadu,2023-07-11
C4526,Shivam Kapoor,Other,49,Hubballi,Karnataka,2024-04-23
C4527,Rahul Sharma,Female,45,Ghaziabad,Uttar Pradesh,2024-09-03
C4528,Tanya Saxena,Other,33,Varanasi,Uttar Pradesh,2024-07-21
C4529,Mohit Patel,Female,30,Warangal,Telangana,2023-02-04
C4530,Ananya Tiwari,Female,22,Coimbatore,Tamil Nadu,2024-05-02
C4531,Isha Agarwal,Female,44,Prayagraj,Uttar Pradesh,2024-12-17
C4532,Nisha Yadav,Female,62,Varanasi,Uttar Pradesh,2024-07-30
C4533,Sanjay Chauhan,Male,18,Bengaluru,Karnataka,2025-03-10
C4534,Ankit Shah,Male,63,Thane,Maharashtra,2025-04-29
C4535,Arjun Srivastava,Male,59,Jodhpur,Rajasthan,2023-07-16
C4536,Karan Tiwari,Female,39,Hyderabad,Telangana,2025-05-30
C4537,Neha Shah,Male,33,Nagpur,Maharashtra,2025-09-06
C4538,Nisha Patel,Male,45,Rajkot,Gujarat,2025-07-06
C4539,Ayush Mehta,Female,59,Lucknow,Uttar Pradesh,2025-07-21
C4540,Nikhil Saxena,Male,19,New Delhi,Delhi,2023-08-21
C4541,Priya Chauhan,Female,39,Gurugram,Haryana,2024-12-14
C4542,Kavya Mishra,Female,20,Coimbatore,Tamil Nadu,2024-05-16
C4543,Aditi Kapoor,Male,48,Gurugram,Haryana,2025-12-13
C4544,Akash Yadav,Male,21,Nashik,Maharashtra,2025-06-28
C4545,Rakesh Joshi,Female,33,Delhi,Delhi,2023-06-26
C4546,Rohit Saxena,Female,53,Mysuru,Karnataka,2025-10-28
C4547,Varun Srivastava,Male,54,Salem,Tamil Nadu,2025-02-02
C4548,Shivam Jain,Male,28,Muzaffarpur,Bihar,2024-08-17
C4549,Arjun Agarwal,Female,42,Noida,Uttar Pradesh,2024-05-03
C4550,Sneha Yadav,Female,26,Faridabad,Haryana,2024-06-23
C4551,Shivam Kumar,Female,46,Faridabad,Haryana,2025-04-24
C4552,Akash Agarwal,Male,18,Coimbatore,Tamil Nadu,2025-04-17
C4553,Isha Srivastava,Other,57,Delhi,Delhi,2024-08-27
C4554,Neha Jain,Female,19,Coimbatore,Tamil Nadu,2025-12-21
C4555,Nikhil Mishra,Male,47,New Delhi,Delhi,2024-04-11
C4556,Rakesh Kapoor,Female,37,Warangal,Telangana,2024-10-17
C4557,Ayush Verma,Female,28,Chennai,Tamil Nadu,2023-06-30
C4558,Amit Yadav,Female,44,Bhopal,Madhya Pradesh,2024-06-30
C4559,Shivam Tiwari,Female,24,Vadodara,Gujarat,2025-07-02
C4560,Priya Singh,Male,45,Madurai,Tamil Nadu,2025-01-09
C4561,Aditi Jain,Female,48,Kolkata,West Bengal,2025-02-16
C4562,Karan Mehta,Male,39,Coimbatore,Tamil Nadu,2023-06-27
C4563,Ananya Verma,Female,35,Indore,Madhya Pradesh,2023-06-08
C4564,Rohit Yadav,Male,40,Nagpur,Maharashtra,2024-04-28
C4565,Mohit Verma,Male,63,Gaya,Bihar,2023-12-21
C4566,Akash Mishra,Female,54,Warangal,Telangana,2023-01-12
C4567,Meera Srivastava,Male,18,Gurugram,Haryana,2024-08-28
C4568,Simran Jain,Female,31,Chennai,Tamil Nadu,2025-04-05
C4569,Kavya Jain,Male,19,Warangal,Telangana,2025-03-11
C4570,Sameer Agarwal,Male,29,Delhi,Delhi,2023-04-23
C4571,Varun Chauhan,Male,55,Kolkata,West Bengal,2025-05-04
C4572,Nikhil Kumar,Male,59,Agra,Uttar Pradesh,2024-02-21
C4573,Ananya Srivastava,Male,39,New Delhi,Delhi,2023-06-20
C4574,Nikhil Mishra,Male,51,Mysuru,Karnataka,2024-05-31
C4575,Sameer Chauhan,Female,35,Delhi,Delhi,2023-08-26
C4576,Nikhil Mishra,Male,40,Delhi,Delhi,2025-01-06
C4577,Ankit Singh,Male,57,Warangal,Telangana,2025-03-25
C4578,Yash Shah,Male,31,Thane,Maharashtra,2025-03-05
C4579,Aarav Verma,Male,33,Kolkata,West Bengal,2023-05-08
C4580,Shreya Bansal,Male,24,Prayagraj,Uttar Pradesh,2024-01-17
C4581,Deepak Malhotra,Male,28,Siliguri,West Bengal,2024-06-29
C4582,Aditya Malhotra,Female,19,Hyderabad,Telangana,2025-12-14
C4583,Sneha Gupta,Female,57,Hubballi,Karnataka,2024-08-20
C4584,Sanjay Kapoor,Female,58,Kolkata,West Bengal,2024-12-16
C4585,Ananya Mishra,Female,38,Indore,Madhya Pradesh,2024-01-07
C4586,Simran Chauhan,Female,46,Warangal,Telangana,2023-11-20
C4587,Ayush Kapoor,Male,29,Mangaluru,Karnataka,2025-05-21
C4588,Rahul Mehta,Male,20,Madurai,Tamil Nadu,2025-07-02
C4589,Rahul Srivastava,Female,42,Kolkata,West Bengal,2024-08-12
C4590,Nisha Mehta,Male,25,Delhi,Delhi,2025-05-01
C4591,Shivam Mehta,Male,58,Hyderabad,Telangana,2023-06-22
C4592,Simran Verma,Female,31,Delhi,Delhi,2024-12-08
C4593,Komal Malhotra,Male,53,Warangal,Telangana,2024-06-02
C4594,Tanya Agarwal,Male,30,Prayagraj,Uttar Pradesh,2024-07-09
C4595,Priya Sharma,Female,24,Ghaziabad,Uttar Pradesh,2024-10-12
C4596,Rakesh Saxena,Male,44,Patna,Bihar,2025-08-13
C4597,Kavya Singh,Male,26,Gurugram,Haryana,2023-04-06
C4598,Shreya Malhotra,Male,37,Faridabad,Haryana,2024-01-13
C4599,Riya Gupta,Male,32,Muzaffarpur,Bihar,2025-05-26
C4600,Rakesh Jain,Female,60,Bengaluru,Karnataka,2024-10-10
C4601,Sneha Srivastava,Female,42,Nagpur,Maharashtra,2023-07-25
C4602,Riya Singh,Male,52,Kanpur,Uttar Pradesh,2023-01-26
C4603,Simran Malhotra,Male,46,Coimbatore,Tamil Nadu,2025-12-20
C4604,Simran Joshi,Male,61,Nashik,Maharashtra,2023-05-31
C4605,Rakesh Srivastava,Female,39,Indore,Madhya Pradesh,2023-02-05
C4606,Divya Gupta,Male,59,Agra,Uttar Pradesh,2024-03-21
C4607,Ayush Bansal,Male,61,Prayagraj,Uttar Pradesh,2024-08-28
C4608,Isha Patel,Female,62,Nagpur,Maharashtra,2023-10-11
C4609,Vikas Jain,Female,51,Mumbai,Maharashtra,2023-07-03
C4610,Akash Agarwal,Female,65,Aurangabad,Maharashtra,2023-04-05
C4611,Amit Agarwal,Female,53,Jodhpur,Rajasthan,2024-03-22
C4612,Suresh Shah,Female,32,Delhi,Delhi,2025-11-08
C4613,Shivam Kumar,Female,25,Rajkot,Gujarat,2023-06-12
C4614,Varun Jain,Female,28,Faridabad,Haryana,2024-09-19
C4615,Kavya Malhotra,Male,45,Ahmedabad,Gujarat,2023-08-01
C4616,Arjun Patel,Male,25,Kota,Rajasthan,2025-01-07
C4617,Nikhil Gupta,Male,29,Delhi,Delhi,2023-03-08
C4618,Tanya Agarwal,Other,48,Kanpur,Uttar Pradesh,2023-08-11
C4619,Aditi Jain,Female,33,Delhi,Delhi,2023-01-09
C4620,Tanya Malhotra,Female,50,Muzaffarpur,Bihar,2024-12-11
C4621,Sanjay Tiwari,Male,65,Rajkot,Gujarat,2025-02-26
C4622,Amit Mehta,Female,22,Pune,Maharashtra,2023-07-07
C4623,Manish Malhotra,Male,48,Mangaluru,Karnataka,2024-05-11
C4624,Ankit Singh,Male,57,Hyderabad,Telangana,2023-11-18
C4625,Ayush Chauhan,Female,24,Jaipur,Rajasthan,2023-02-19
C4626,Priya Mishra,Female,55,Surat,Gujarat,2023-02-10
C4627,Ayush Agarwal,Female,42,Gurugram,Haryana,2025-10-25
C4628,Aarav Verma,Male,48,Jaipur,Rajasthan,2024-12-09
C4629,Deepak Singh,Male,20,Udaipur,Rajasthan,2024-12-29
C4630,Tanya Bansal,Male,38,Nashik,Maharashtra,2023-11-20
C4631,Komal Verma,Male,35,Kanpur,Uttar Pradesh,2023-10-17
C4632,Kavya Yadav,Female,25,Patna,Bihar,2024-04-25
C4633,Rohit Gupta,Male,54,Rajkot,Gujarat,2023-04-22
C4634,Isha Chauhan,Male,42,Mangaluru,Karnataka,2024-06-19
C4635,Mohit Bansal,Male,60,Vadodara,Gujarat,2024-07-25
C4636,Isha Tiwari,Female,25,Lucknow,Uttar Pradesh,2024-09-16
C4637,Shreya Srivastava,Female,53,Hyderabad,Telangana,2024-08-10
C4638,Rahul Tiwari,Male,47,Mumbai,Maharashtra,2025-07-27
C4639,Mohit Patel,Male,49,Hyderabad,Telangana,2023-09-25
C4640,Akash Gupta,Female,32,Salem,Tamil Nadu,2024-10-07
C4641,Varun Mishra,Female,51,Nagpur,Maharashtra,2025-08-30
C4642,Ananya Yadav,Male,29,Varanasi,Uttar Pradesh,2025-12-07
C4643,Mohit Kapoor,Male,54,Warangal,Telangana,2025-11-22
C4644,Amit Sharma,Other,39,Aurangabad,Maharashtra,2025-03-06
C4645,Sneha Kumar,Female,41,Kanpur,Uttar Pradesh,2023-04-27
C4646,Nikhil Malhotra,Male,45,Siliguri,West Bengal,2025-12-18
C4647,Rahul Kumar,Male,22,New Delhi,Delhi,2023-02-05
C4648,Sneha Sharma,Male,35,New Delhi,Delhi,2024-08-26
C4649,Isha Kumar,Male,27,Thane,Maharashtra,2024-05-04
C4650,Rahul Malhotra,Male,64,Faridabad,Haryana,2025-01-12
C4651,Sanjay Kumar,Male,38,New Delhi,Delhi,2025-05-07
C4652,Meera Kumar,Male,18,Nashik,Maharashtra,2025-03-18
C4653,Meera Verma,Male,19,Delhi,Delhi,2023-09-06
C4654,Suresh Bansal,Male,61,Mumbai,Maharashtra,2025-04-06
C4655,Vivek Verma,Male,25,Delhi,Delhi,2025-04-09
C4656,Aarav Sharma,Female,18,Ghaziabad,Uttar Pradesh,2023-01-27
C4657,Yash Tiwari,Male,28,Prayagraj,Uttar Pradesh,2024-11-28
C4658,Divya Srivastava,Female,28,Mangaluru,Karnataka,2023-05-20
C4659,Riya Gupta,Female,21,Gurugram,Haryana,2024-09-07
C4660,Manish Yadav,Female,65,Prayagraj,Uttar Pradesh,2023-09-07
C4661,Varun Gupta,Male,20,Thane,Maharashtra,2024-01-28
C4662,Deepak Kapoor,Male,52,Bhopal,Madhya Pradesh,2023-10-25
C4663,Manish Yadav,Female,58,Faridabad,Haryana,2025-08-02
C4664,Vivek Tiwari,Male,48,Udaipur,Rajasthan,2025-09-18
C4665,Rohit Saxena,Male,24,Mumbai,Maharashtra,2025-05-24
C4666,Yash Mehta,Male,52,Mysuru,Karnataka,2025-03-02
C4667,Yash Sharma,Female,33,Thane,Maharashtra,2024-02-02
C4668,Aditi Srivastava,Female,37,Ghaziabad,Uttar Pradesh,2023-06-06
C4669,Arjun Kapoor,Male,30,New Delhi,Delhi,2024-09-14
C4670,Nikhil Bansal,Female,55,Surat,Gujarat,2024-04-11
C4671,Shivam Singh,Female,45,Delhi,Delhi,2023-11-06
C4672,Meera Kapoor,Male,25,Ahmedabad,Gujarat,2023-09-24
C4673,Rakesh Saxena,Male,37,New Delhi,Delhi,2023-06-26
C4674,Simran Chauhan,Male,56,New Delhi,Delhi,2025-06-27
C4675,Simran Mehta,Female,63,Hyderabad,Telangana,2023-12-18
C4676,Meera Shah,Female,63,Faridabad,Haryana,2025-10-01
C4677,Vikas Jain,Female,24,New Delhi,Delhi,2025-01-03
C4678,Yash Kapoor,Female,59,Rajkot,Gujarat,2023-06-29
C4679,Divya Tiwari,Male,45,Aurangabad,Maharashtra,2023-03-10
C4680,Yash Mehta,Female,53,Ghaziabad,Uttar Pradesh,2024-04-01
C4681,Deepak Verma,Female,36,Durgapur,West Bengal,2023-03-31
C4682,Yash Sharma,Female,49,Thane,Maharashtra,2025-11-09
C4683,Priya Joshi,Male,30,Mangaluru,Karnataka,2025-09-20
C4684,Isha Srivastava,Male,43,Salem,Tamil Nadu,2024-12-20
C4685,Rahul Singh,Male,28,Mumbai,Maharashtra,2023-11-17
C4686,Manish Agarwal,Male,36,Prayagraj,Uttar Pradesh,2025-08-08
C4687,Divya Tiwari,Female,37,New Delhi,Delhi,2024-12-09
C4688,Mohit Shah,Female,59,Gaya,Bihar,2024-01-27
C4689,Riya Verma,Female,48,Surat,Gujarat,2025-08-21
C4690,Rohit Agarwal,Male,49,Delhi,Delhi,2023-08-18
C4691,Aarav Jain,Male,31,Prayagraj,Uttar Pradesh,2024-09-13
C4692,Sakshi Kumar,Male,38,Ahmedabad,Gujarat,2025-01-26
C4693,Vikas Malhotra,Other,40,Varanasi,Uttar Pradesh,2025-09-21
C4694,Manish Mehta,Female,55,Chennai,Tamil Nadu,2023-05-31
C4695,Manish Joshi,Male,26,Kolkata,West Bengal,2023-11-11
C4696,Ayush Joshi,Female,20,Mysuru,Karnataka,2025-07-08
C4697,Akash Sharma,Female,42,Delhi,Delhi,2024-07-01
C4698,Karan Gupta,Male,57,Lucknow,Uttar Pradesh,2025-04-06
C4699,Priya Gupta,Male,53,Kanpur,Uttar Pradesh,2025-04-27
C4700,Isha Singh,Male,56,Hubballi,Karnataka,2023-11-30
C4701,Simran Kapoor,Male,36,Faridabad,Haryana,2023-12-29
C4702,Divya Kumar,Female,28,Aurangabad,Maharashtra,2024-06-30
C4703,Ankit Malhotra,Male,49,Rajkot,Gujarat,2023-01-31
C4704,Simran Gupta,Female,19,Jodhpur,Rajasthan,2025-05-25
C4705,Mohit Kumar,Female,60,Varanasi,Uttar Pradesh,2023-05-07
C4706,Nikhil Gupta,Female,52,Varanasi,Uttar Pradesh,2025-10-20
C4707,Aarav Shah,Female,42,New Delhi,Delhi,2025-05-02
C4708,Aditya Joshi,Male,27,Jodhpur,Rajasthan,2024-01-21
C4709,Varun Saxena,Female,30,Mysuru,Karnataka,2023-03-21
C4710,Tanya Kumar,Male,65,Kolkata,West Bengal,2025-05-15
C4711,Karan Joshi,Female,18,Gurugram,Haryana,2024-05-06
C4712,Vivek Bansal,Female,18,Siliguri,West Bengal,2023-08-01
C4713,Suresh Mishra,Male,34,Muzaffarpur,Bihar,2024-04-15
C4714,Mohit Singh,Male,29,Kolkata,West Bengal,2025-09-16
C4715,Manish Gupta,Female,50,Gurugram,Haryana,2025-01-23
C4716,Komal Singh,Female,20,Hyderabad,Telangana,2025-01-21
C4717,Mohit Srivastava,Female,55,Siliguri,West Bengal,2024-07-17
C4718,Tanya Agarwal,Male,55,Hyderabad,Telangana,2023-06-17
C4719,Pooja Shah,Female,29,Indore,Madhya Pradesh,2025-11-05
C4720,Vivek Bansal,Female,45,Bengaluru,Karnataka,2025-03-21
C4721,Rahul Agarwal,Male,50,Surat,Gujarat,2024-07-18
C4722,Mohit Joshi,Female,58,Chennai,Tamil Nadu,2025-03-03
C4723,Yash Singh,Female,53,Panipat,Haryana,2024-02-02
C4724,Varun Patel,Female,64,Hubballi,Karnataka,2025-03-23
C4725,Arjun Singh,Male,23,Hyderabad,Telangana,2025-11-25
C4726,Meera Verma,Male,47,Hyderabad,Telangana,2024-01-13
C4727,Ananya Yadav,Other,55,Patna,Bihar,2023-01-10
C4728,Yash Kapoor,Female,29,Pune,Maharashtra,2025-03-21
C4729,Divya Malhotra,Male,28,Jodhpur,Rajasthan,2025-07-22
C4730,Pooja Kapoor,Female,22,Siliguri,West Bengal,2025-06-24
C4731,Isha Singh,Male,65,Indore,Madhya Pradesh,2025-12-03
C4732,Manish Chauhan,Female,59,Bhopal,Madhya Pradesh,2024-01-16
C4733,Rohit Singh,Male,23,Surat,Gujarat,2025-10-02
C4734,Aditya Saxena,Male,29,Vadodara,Gujarat,2023-08-16
C4735,Riya Kapoor,Other,39,Thane,Maharashtra,2024-10-04
C4736,Deepak Mehta,Male,60,Patna,Bihar,2025-08-30
C4737,Rakesh Jain,Female,57,Nagpur,Maharashtra,2025-09-29
C4738,Aditi Bansal,Female,60,Siliguri,West Bengal,2024-11-10
C4739,Suresh Kapoor,Male,57,Warangal,Telangana,2024-08-20
C4740,Sanjay Kumar,Female,48,Mangaluru,Karnataka,2024-05-19
C4741,Ananya Bansal,Female,31,Nashik,Maharashtra,2025-08-07
C4742,Ankit Singh,Female,46,Thane,Maharashtra,2025-08-21
C4743,Sakshi Shah,Female,41,Faridabad,Haryana,2023-09-20
C4744,Mohit Joshi,Male,63,Madurai,Tamil Nadu,2023-05-29
C4745,Rakesh Saxena,Male,39,Kanpur,Uttar Pradesh,2025-06-10
C4746,Ayush Patel,Male,54,Siliguri,West Bengal,2025-06-06
C4747,Komal Verma,Female,26,Mumbai,Maharashtra,2023-04-20
C4748,Ankit Patel,Male,50,Faridabad,Haryana,2024-06-21
C4749,Rahul Yadav,Male,39,New Delhi,Delhi,2024-07-08
C4750,Rakesh Shah,Female,38,Pune,Maharashtra,2023-02-16
C4751,Rohit Patel,Male,54,Kanpur,Uttar Pradesh,2024-12-28
C4752,Amit Bansal,Female,41,Madurai,Tamil Nadu,2025-12-01
C4753,Meera Verma,Male,20,Hubballi,Karnataka,2023-08-20
C4754,Vikas Gupta,Male,36,Kolkata,West Bengal,2025-05-01
C4755,Shreya Patel,Male,64,Hubballi,Karnataka,2023-03-30
C4756,Vikas Singh,Male,63,New Delhi,Delhi,2023-08-24
C4757,Varun Verma,Female,47,Thane,Maharashtra,2024-09-10
C4758,Ankit Agarwal,Male,48,Thane,Maharashtra,2025-10-08
C4759,Aarav Patel,Female,30,Gwalior,Madhya Pradesh,2025-08-27
C4760,Akash Yadav,Female,55,Mumbai,Maharashtra,2025-10-21
C4761,Sneha Mehta,Male,46,Muzaffarpur,Bihar,2025-12-17
C4762,Sneha Srivastava,Female,19,New Delhi,Delhi,2025-05-26
C4763,Pooja Shah,Female,63,Ghaziabad,Uttar Pradesh,2024-02-02
C4764,Akash Yadav,Male,58,Nashik,Maharashtra,2023-05-20
C4765,Sneha Singh,Female,21,Agra,Uttar Pradesh,2025-06-19
C4766,Mohit Kumar,Male,38,Hyderabad,Telangana,2023-07-24
C4767,Ankit Mehta,Female,53,Chennai,Tamil Nadu,2024-07-24
C4768,Sanjay Malhotra,Male,53,Delhi,Delhi,2025-04-05
C4769,Divya Sharma,Female,26,Udaipur,Rajasthan,2023-02-07
C4770,Neha Gupta,Female,19,Rajkot,Gujarat,2025-09-27
C4771,Manish Mishra,Female,65,Gwalior,Madhya Pradesh,2023-11-29
C4772,Vikas Mishra,Other,60,Muzaffarpur,Bihar,2023-08-24
C4773,Ayush Chauhan,Male,53,Kota,Rajasthan,2024-02-12
C4774,Aditi Verma,Female,49,Hyderabad,Telangana,2024-05-19
C4775,Meera Singh,Male,50,Warangal,Telangana,2024-05-12
C4776,Simran Agarwal,Male,39,Coimbatore,Tamil Nadu,2023-06-19
C4777,Vikas Kumar,Male,50,Kota,Rajasthan,2023-07-27
C4778,Rahul Kumar,Female,32,Varanasi,Uttar Pradesh,2024-06-07
C4779,Isha Jain,Female,22,Siliguri,West Bengal,2023-09-05
C4780,Ankit Mishra,Male,32,Gaya,Bihar,2024-12-04
C4781,Varun Singh,Other,32,Lucknow,Uttar Pradesh,2025-09-11
C4782,Karan Joshi,Female,32,Warangal,Telangana,2023-01-21
C4783,Pooja Shah,Male,40,Bhopal,Madhya Pradesh,2023-02-09
C4784,Shreya Singh,Male,24,Pune,Maharashtra,2024-12-05
C4785,Shreya Srivastava,Female,37,Salem,Tamil Nadu,2023-02-01
C4786,Varun Yadav,Female,40,Indore,Madhya Pradesh,2024-12-01
C4787,Mohit Chauhan,Male,27,Muzaffarpur,Bihar,2024-06-20
C4788,Vikas Tiwari,Female,39,Lucknow,Uttar Pradesh,2024-05-13
C4789,Rakesh Jain,Male,50,New Delhi,Delhi,2024-10-26
C4790,Arjun Verma,Female,37,Jaipur,Rajasthan,2025-09-07
C4791,Kavya Saxena,Male,18,Mumbai,Maharashtra,2023-05-20
C4792,Kavya Agarwal,Male,51,New Delhi,Delhi,2023-05-28
C4793,Ankit Gupta,Male,45,Prayagraj,Uttar Pradesh,2025-02-01
C4794,Shivam Mehta,Female,38,Ghaziabad,Uttar Pradesh,2023-02-26
C4795,Aditya Patel,Male,19,Vadodara,Gujarat,2024-04-14
C4796,Rahul Srivastava,Male,22,Jaipur,Rajasthan,2024-06-26
C4797,Aditya Kapoor,Male,21,Kota,Rajasthan,2024-03-04
C4798,Shreya Srivastava,Female,58,Siliguri,West Bengal,2024-08-06
C4799,Aditya Kapoor,Male,32,Mangaluru,Karnataka,2023-05-05
C4800,Kavya Joshi,Male,38,Aurangabad,Maharashtra,2023-10-20
C4801,Isha Shah,Male,51,Kanpur,Uttar Pradesh,2023-01-06
C4802,Nisha Chauhan,Female,49,Nagpur,Maharashtra,2025-11-18
C4803,Rohit Chauhan,Male,21,Delhi,Delhi,2025-06-30
C4804,Vivek Saxena,Male,62,Nashik,Maharashtra,2023-10-05
C4805,Ayush Bansal,Female,30,Prayagraj,Uttar Pradesh,2023-02-09
C4806,Karan Mehta,Female,54,Varanasi,Uttar Pradesh,2023-10-23
C4807,Priya Yadav,Female,57,Kota,Rajasthan,2025-11-12
C4808,Aditya Srivastava,Male,43,Surat,Gujarat,2025-06-07
C4809,Rohit Sharma,Female,25,Indore,Madhya Pradesh,2024-12-22
C4810,Deepak Verma,Female,44,Hyderabad,Telangana,2025-10-07
C4811,Tanya Jain,Female,29,Vadodara,Gujarat,2023-07-13
C4812,Aditi Mehta,Female,58,Prayagraj,Uttar Pradesh,2024-08-10
C4813,Tanya Mehta,Female,54,Surat,Gujarat,2025-05-19
C4814,Nisha Gupta,Female,57,Prayagraj,Uttar Pradesh,2023-01-21
C4815,Simran Kumar,Male,57,Hubballi,Karnataka,2024-04-21
C4816,Komal Verma,Other,26,Hubballi,Karnataka,2024-01-25
C4817,Arjun Mishra,Female,19,Hubballi,Karnataka,2023-07-13
C4818,Aarav Sharma,Female,48,Aurangabad,Maharashtra,2023-09-03
C4819,Deepak Malhotra,Male,47,Udaipur,Rajasthan,2025-11-26
C4820,Vivek Verma,Male,59,Faridabad,Haryana,2024-07-13
C4821,Sanjay Agarwal,Female,48,Siliguri,West Bengal,2023-03-31
C4822,Nisha Mishra,Female,56,Vadodara,Gujarat,2025-01-17
C4823,Simran Shah,Male,34,Chennai,Tamil Nadu,2024-10-09
C4824,Rahul Srivastava,Female,23,Varanasi,Uttar Pradesh,2024-03-05
C4825,Shivam Kumar,Male,19,Siliguri,West Bengal,2024-03-10
C4826,Deepak Mishra,Female,38,Madurai,Tamil Nadu,2024-08-11
C4827,Amit Malhotra,Female,18,Nagpur,Maharashtra,2025-10-14
C4828,Priya Sharma,Female,42,Delhi,Delhi,2025-04-12
C4829,Nikhil Saxena,Male,37,Indore,Madhya Pradesh,2024-03-14
C4830,Rakesh Chauhan,Male,30,Vadodara,Gujarat,2023-09-27
C4831,Rakesh Joshi,Male,46,Hubballi,Karnataka,2023-04-30
C4832,Komal Chauhan,Female,50,Rajkot,Gujarat,2023-08-03
C4833,Sanjay Jain,Female,19,Hubballi,Karnataka,2023-05-31
C4834,Tanya Jain,Female,40,Mysuru,Karnataka,2025-06-01
C4835,Ayush Kumar,Female,63,New Delhi,Delhi,2024-09-22
C4836,Rohit Sharma,Male,32,Mangaluru,Karnataka,2023-02-10
C4837,Ananya Verma,Male,55,Jaipur,Rajasthan,2025-10-11
C4838,Riya Patel,Female,34,Lucknow,Uttar Pradesh,2023-06-14
C4839,Rahul Shah,Female,31,Warangal,Telangana,2024-12-07
C4840,Aditya Verma,Male,59,Nashik,Maharashtra,2023-01-14
C4841,Pooja Joshi,Female,35,Udaipur,Rajasthan,2024-10-06
C4842,Karan Gupta,Female,59,Kota,Rajasthan,2024-08-31
C4843,Aditi Mishra,Male,49,Jaipur,Rajasthan,2025-09-22
C4844,Karan Gupta,Male,56,Rajkot,Gujarat,2024-10-19
C4845,Karan Malhotra,Female,57,Gaya,Bihar,2024-06-19
C4846,Yash Shah,Male,61,Coimbatore,Tamil Nadu,2024-08-04
C4847,Akash Kapoor,Male,44,Siliguri,West Bengal,2024-11-24
C4848,Ayush Singh,Female,63,Udaipur,Rajasthan,2024-03-29
C4849,Rohit Jain,Other,20,Nashik,Maharashtra,2025-02-20
C4850,Manish Chauhan,Male,41,Nagpur,Maharashtra,2024-08-02
C4851,Amit Singh,Male,37,Bengaluru,Karnataka,2025-11-27
C4852,Sakshi Jain,Female,22,Pune,Maharashtra,2023-08-01
C4853,Vivek Sharma,Male,59,New Delhi,Delhi,2025-03-09
C4854,Nikhil Kumar,Female,56,Mysuru,Karnataka,2025-06-23
C4855,Aditi Patel,Female,53,Vadodara,Gujarat,2025-02-25
C4856,Suresh Gupta,Male,48,Aurangabad,Maharashtra,2025-12-09
C4857,Yash Shah,Female,46,Hyderabad,Telangana,2024-04-20
C4858,Priya Tiwari,Male,36,Mysuru,Karnataka,2024-08-14
C4859,Meera Verma,Female,50,Jaipur,Rajasthan,2023-06-18
C4860,Vikas Kumar,Female,64,Ghaziabad,Uttar Pradesh,2024-02-14
C4861,Ankit Saxena,Male,30,Mangaluru,Karnataka,2023-06-24
C4862,Aditya Patel,Male,34,Lucknow,Uttar Pradesh,2025-05-17
C4863,Sameer Srivastava,Female,23,Jodhpur,Rajasthan,2025-05-06
C4864,Arjun Mishra,Male,61,Delhi,Delhi,2023-07-31
C4865,Pooja Joshi,Male,43,Gwalior,Madhya Pradesh,2025-05-29
C4866,Shreya Tiwari,Male,46,Delhi,Delhi,2023-12-18
C4867,Priya Gupta,Male,30,Surat,Gujarat,2025-03-10
C4868,Deepak Saxena,Female,19,Thane,Maharashtra,2025-10-26
C4869,Pooja Joshi,Male,56,Vadodara,Gujarat,2025-06-27
C4870,Rohit Saxena,Male,59,Mangaluru,Karnataka,2023-07-23
C4871,Divya Gupta,Male,34,New Delhi,Delhi,2023-07-17
C4872,Suresh Jain,Female,54,Thane,Maharashtra,2023-05-03
C4873,Vivek Kumar,Female,45,Noida,Uttar Pradesh,2025-07-10
C4874,Karan Chauhan,Female,48,Ghaziabad,Uttar Pradesh,2024-08-21
C4875,Yash Singh,Female,26,Muzaffarpur,Bihar,2023-06-20
C4876,Vivek Singh,Female,47,Mangaluru,Karnataka,2024-10-05
C4877,Ananya Srivastava,Male,25,Varanasi,Uttar Pradesh,2024-08-03
C4878,Arjun Mishra,Male,28,Patna,Bihar,2024-10-15
C4879,Arjun Mehta,Male,35,Ghaziabad,Uttar Pradesh,2024-11-26
C4880,Akash Yadav,Male,28,Mysuru,Karnataka,2023-06-30
C4881,Meera Joshi,Other,61,Kolkata,West Bengal,2024-02-29
C4882,Priya Gupta,Male,19,Gwalior,Madhya Pradesh,2025-02-28
C4883,Pooja Patel,Female,61,Durgapur,West Bengal,2025-09-22
C4884,Mohit Shah,Male,25,Mysuru,Karnataka,2023-09-23
C4885,Meera Mishra,Male,59,Gaya,Bihar,2024-09-17
C4886,Vikas Yadav,Male,34,Agra,Uttar Pradesh,2025-11-04
C4887,Meera Kumar,Male,62,Patna,Bihar,2024-10-20
C4888,Shreya Kapoor,Male,43,Faridabad,Haryana,2023-09-07
C4889,Shreya Gupta,Female,41,Gwalior,Madhya Pradesh,2024-10-01
C4890,Pooja Yadav,Female,24,Nagpur,Maharashtra,2023-01-19
C4891,Varun Mishra,Female,38,Prayagraj,Uttar Pradesh,2024-06-19
C4892,Nikhil Patel,Female,44,Kota,Rajasthan,2024-09-13
C4893,Varun Kapoor,Male,65,Salem,Tamil Nadu,2023-03-03
C4894,Vivek Jain,Other,30,Madurai,Tamil Nadu,2023-08-11
C4895,Vivek Srivastava,Male,21,Gwalior,Madhya Pradesh,2025-12-18
C4896,Rahul Malhotra,Male,30,Vadodara,Gujarat,2024-11-19
C4897,Rakesh Saxena,Male,29,Delhi,Delhi,2024-05-17
C4898,Kavya Kapoor,Female,63,Mangaluru,Karnataka,2023-09-08
C4899,Nisha Kumar,Female,25,Prayagraj,Uttar Pradesh,2023-05-16
C4900,Mohit Chauhan,Female,65,Aurangabad,Maharashtra,2024-04-13
C4901,Tanya Bansal,Female,23,Ghaziabad,Uttar Pradesh,2024-08-20
C4902,Aditya Mehta,Male,56,Warangal,Telangana,2023-07-16
C4903,Varun Gupta,Female,37,Udaipur,Rajasthan,2025-05-26
C4904,Kavya Gupta,Female,20,Salem,Tamil Nadu,2024-04-14
C4905,Komal Joshi,Female,47,New Delhi,Delhi,2023-03-03
C4906,Komal Jain,Male,52,Jaipur,Rajasthan,2023-05-30
C4907,Nikhil Malhotra,Male,58,Warangal,Telangana,2025-08-01
C4908,Rohit Agarwal,Male,26,Faridabad,Haryana,2024-01-06
C4909,Manish Shah,Female,47,Coimbatore,Tamil Nadu,2024-02-13
C4910,Amit Gupta,Male,45,Warangal,Telangana,2023-08-06
C4911,Aditi Gupta,Male,39,Chennai,Tamil Nadu,2025-06-03
C4912,Deepak Singh,Female,60,Mysuru,Karnataka,2025-06-12
C4913,Akash Saxena,Female,38,Gurugram,Haryana,2023-09-23
C4914,Deepak Mehta,Female,36,New Delhi,Delhi,2025-03-09
C4915,Amit Tiwari,Female,43,Hubballi,Karnataka,2024-05-10
C4916,Isha Kapoor,Female,62,Delhi,Delhi,2023-07-02
C4917,Sanjay Bansal,Male,59,Chennai,Tamil Nadu,2025-05-21
C4918,Sanjay Shah,Female,52,Coimbatore,Tamil Nadu,2023-04-01
C4919,Varun Saxena,Male,21,Jaipur,Rajasthan,2025-08-15
C4920,Neha Tiwari,Male,32,Hubballi,Karnataka,2023-01-29
C4921,Aditya Kapoor,Other,18,Pune,Maharashtra,2023-12-20
C4922,Komal Kumar,Female,22,Faridabad,Haryana,2023-09-06
C4923,Riya Malhotra,Female,57,New Delhi,Delhi,2023-09-15
C4924,Komal Kumar,Male,57,Indore,Madhya Pradesh,2024-06-09
C4925,Vivek Singh,Female,22,Thane,Maharashtra,2025-04-03
C4926,Mohit Malhotra,Male,39,Vadodara,Gujarat,2024-03-13
C4927,Kavya Saxena,Male,31,Coimbatore,Tamil Nadu,2024-07-18
C4928,Komal Gupta,Male,21,Hyderabad,Telangana,2025-11-29
C4929,Karan Singh,Male,36,Varanasi,Uttar Pradesh,2024-06-29
C4930,Sneha Srivastava,Male,22,Indore,Madhya Pradesh,2025-05-17
C4931,Sameer Kumar,Female,53,Salem,Tamil Nadu,2024-02-26
C4932,Ayush Sharma,Male,64,Vadodara,Gujarat,2023-03-27
C4933,Priya Kapoor,Female,38,Chennai,Tamil Nadu,2023-10-08
C4934,Ayush Saxena,Female,29,Agra,Uttar Pradesh,2023-06-24
C4935,Karan Shah,Male,41,Salem,Tamil Nadu,2025-09-20
C4936,Shivam Shah,Female,64,Pune,Maharashtra,2023-01-30
C4937,Priya Mishra,Male,25,Delhi,Delhi,2025-06-19
C4938,Nisha Verma,Female,50,Udaipur,Rajasthan,2023-06-01
C4939,Kavya Bansal,Male,22,Salem,Tamil Nadu,2023-06-14
C4940,Simran Saxena,Male,32,Agra,Uttar Pradesh,2024-08-02
C4941,Meera Mishra,Male,39,Prayagraj,Uttar Pradesh,2023-03-26
C4942,Akash Yadav,Female,36,Thane,Maharashtra,2025-04-29
C4943,Sakshi Yadav,Male,26,Aurangabad,Maharashtra,2023-03-07
C4944,Suresh Singh,Female,55,Surat,Gujarat,2024-10-15
C4945,Nikhil Yadav,Male,50,Thane,Maharashtra,2023-05-10
C4946,Priya Sharma,Female,38,Gurugram,Haryana,2023-04-04
C4947,Nikhil Bansal,Male,38,Aurangabad,Maharashtra,2025-01-03
C4948,Ankit Yadav,Male,21,Ghaziabad,Uttar Pradesh,2024-03-05
C4949,Nisha Malhotra,Male,49,Gurugram,Haryana,2023-01-22
C4950,Pooja Shah,Male,29,Delhi,Delhi,2025-01-16
C4951,Meera Saxena,Female,32,Hubballi,Karnataka,2025-11-27
C4952,Sanjay Chauhan,Female,59,Patna,Bihar,2024-09-06
C4953,Vikas Agarwal,Male,48,Gwalior,Madhya Pradesh,2024-02-21
C4954,Meera Singh,Male,51,Durgapur,West Bengal,2025-07-12
C4955,Sameer Kapoor,Male,30,Ghaziabad,Uttar Pradesh,2024-01-04
C4956,Mohit Sharma,Female,42,Ahmedabad,Gujarat,2024-11-02
C4957,Yash Verma,Female,18,Muzaffarpur,Bihar,2024-06-03
C4958,Sakshi Singh,Female,29,Gwalior,Madhya Pradesh,2025-03-06
C4959,Akash Srivastava,Female,56,Noida,Uttar Pradesh,2024-07-21
C4960,Shivam Sharma,Male,40,Mangaluru,Karnataka,2024-06-11
C4961,Ananya Patel,Male,48,Delhi,Delhi,2024-04-04
C4962,Shreya Jain,Female,55,Ghaziabad,Uttar Pradesh,2023-11-20
C4963,Ankit Malhotra,Male,62,Jaipur,Rajasthan,2024-06-16
C4964,Sameer Yadav,Male,21,Aurangabad,Maharashtra,2023-03-08
C4965,Shreya Srivastava,Male,45,Delhi,Delhi,2024-01-08
C4966,Aditi Kapoor,Female,65,Lucknow,Uttar Pradesh,2023-03-25
C4967,Simran Jain,Female,27,Coimbatore,Tamil Nadu,2023-12-19
C4968,Varun Agarwal,Other,59,Prayagraj,Uttar Pradesh,2024-01-21
C4969,Deepak Saxena,Male,45,Hubballi,Karnataka,2023-01-30
C4970,Manish Bansal,Male,33,Kanpur,Uttar Pradesh,2023-11-21
C4971,Manish Agarwal,Male,55,Muzaffarpur,Bihar,2025-01-05
C4972,Shreya Mishra,Female,59,Varanasi,Uttar Pradesh,2025-11-28
C4973,Vivek Sharma,Male,24,Chennai,Tamil Nadu,2024-11-06
C4974,Aarav Singh,Female,50,Nashik,Maharashtra,2025-02-18
C4975,Karan Singh,Female,62,Prayagraj,Uttar Pradesh,2025-01-02
C4976,Neha Sharma,Female,49,Mumbai,Maharashtra,2025-10-31
C4977,Varun Gupta,Female,44,Noida,Uttar Pradesh,2025-10-27
C4978,Tanya Srivastava,Male,24,Noida,Uttar Pradesh,2023-05-06
C4979,Shreya Bansal,Female,39,Madurai,Tamil Nadu,2024-06-02
C4980,Varun Saxena,Male,61,Jaipur,Rajasthan,2025-09-21
C4981,Rohit Joshi,Female,56,Ghaziabad,Uttar Pradesh,2025-08-23
C4982,Pooja Joshi,Female,39,Bengaluru,Karnataka,2024-08-08
C4983,Neha Kumar,Female,32,Ahmedabad,Gujarat,2024-05-01
C4984,Komal Malhotra,Male,56,Pune,Maharashtra,2023-03-05
C4985,Sneha Yadav,Female,64,Delhi,Delhi,2024-06-06
C4986,Varun Shah,Female,32,Ghaziabad,Uttar Pradesh,2024-07-08
C4987,Amit Chauhan,Female,56,Pune,Maharashtra,2024-11-24
C4988,Aditya Srivastava,Other,32,Mangaluru,Karnataka,2024-07-25
C4989,Pooja Verma,Female,57,Muzaffarpur,Bihar,2023-08-25
C4990,Aarav Kapoor,Male,64,Muzaffarpur,Bihar,2025-11-26
C4991,Simran Kumar,Male,49,Patna,Bihar,2023-08-27
C4992,Shreya Sharma,Male,41,Hubballi,Karnataka,2024-02-23
C4993,Vikas Sharma,Female,33,Ghaziabad,Uttar Pradesh,2024-07-12
C4994,Aditya Gupta,Female,20,Delhi,Delhi,2023-11-18
C4995,Nikhil Malhotra,Male,20,Nashik,Maharashtra,2023-03-17
C4996,Yash Agarwal,Male,58,Kanpur,Uttar Pradesh,2024-10-31
C4997,Aditya Sharma,Female,49,Ghaziabad,Uttar Pradesh,2023-09-17
C4998,Pooja Chauhan,Female,28,Hubballi,Karnataka,2025-08-20
C4999,Karan Shah,Other,44,Delhi,Delhi,2024-04-13
C5000,Nisha Agarwal,Male,60,Thane,Maharashtra,2024-05-22
C5001,Varun Shah,Female,49,Siliguri,West Bengal,2025-11-05
C5002,Sneha Shah,Male,61,Delhi,Delhi,2023-01-30
C5003,Aditya Patel,Male,23,Gurugram,Haryana,2024-02-19
C5004,Vikas Joshi,Female,21,Aurangabad,Maharashtra,2023-03-08
C5005,Vivek Srivastava,Male,49,Madurai,Tamil Nadu,2023-06-01
C5006,Isha Mishra,Female,45,Nashik,Maharashtra,2025-10-03
C5007,Manish Patel,Male,51,Chennai,Tamil Nadu,2023-04-22
C5008,Priya Sharma,Male,65,Agra,Uttar Pradesh,2025-11-13
C5009,Simran Srivastava,Female,23,Mumbai,Maharashtra,2025-05-08
C5010,Sameer Mishra,Male,62,Rajkot,Gujarat,2024-12-03
C5011,Yash Yadav,Male,20,Thane,Maharashtra,2025-03-23
C5012,Manish Chauhan,Male,43,Nagpur,Maharashtra,2023-07-22
C5013,Rakesh Mehta,Male,57,Gwalior,Madhya Pradesh,2023-05-09
C5014,Ayush Kumar,Female,50,Prayagraj,Uttar Pradesh,2024-02-08
C5015,Tanya Yadav,Male,28,Ahmedabad,Gujarat,2025-04-17
C5016,Shreya Agarwal,Female,47,Chennai,Tamil Nadu,2023-12-01
C5017,Priya Chauhan,Female,61,Pune,Maharashtra,2023-07-12
C5018,Sakshi Jain,Female,27,Bengaluru,Karnataka,2025-05-09
C5019,Nikhil Verma,Male,62,Varanasi,Uttar Pradesh,2024-11-25
C5020,Rohit Mehta,Female,49,Siliguri,West Bengal,2024-08-11
C5021,Amit Jain,Female,22,Nashik,Maharashtra,2024-03-27
C5022,Sanjay Singh,Male,33,Mumbai,Maharashtra,2025-05-03
C5023,Aditya Srivastava,Female,59,Delhi,Delhi,2025-03-15
C5024,Sanjay Sharma,Male,34,Gwalior,Madhya Pradesh,2024-01-30
C5025,Rahul Srivastava,Male,63,Warangal,Telangana,2023-05-22
C5026,Aarav Bansal,Female,38,Indore,Madhya Pradesh,2025-08-10
C5027,Yash Singh,Male,34,Jodhpur,Rajasthan,2023-05-30
C5028,Isha Kapoor,Male,58,Udaipur,Rajasthan,2024-04-14
C5029,Rakesh Bansal,Male,55,Madurai,Tamil Nadu,2025-09-08
C5030,Riya Joshi,Male,29,Indore,Madhya Pradesh,2024-04-02
C5031,Rahul Mehta,Female,55,Salem,Tamil Nadu,2025-06-29
C5032,Varun Sharma,Male,30,Delhi,Delhi,2025-03-26
C5033,Divya Singh,Female,60,Udaipur,Rajasthan,2024-10-10
C5034,Vikas Kapoor,Female,18,Coimbatore,Tamil Nadu,2023-11-03
C5035,Akash Kumar,Male,49,Agra,Uttar Pradesh,2025-09-06
C5036,Karan Verma,Male,25,Bengaluru,Karnataka,2024-05-26
C5037,Rahul Patel,Male,50,Delhi,Delhi,2024-05-16
C5038,Mohit Gupta,Female,64,Gurugram,Haryana,2024-12-22
C5039,Sanjay Bansal,Male,50,New Delhi,Delhi,2025-10-15
C5040,Sanjay Saxena,Male,38,Warangal,Telangana,2025-08-12
C5041,Rakesh Saxena,Other,57,Mangaluru,Karnataka,2024-03-07
C5042,Shivam Sharma,Female,27,Durgapur,West Bengal,2023-09-11
C5043,Meera Jain,Male,44,Agra,Uttar Pradesh,2023-12-22
C5044,Sneha Saxena,Female,64,Gwalior,Madhya Pradesh,2023-10-15
C5045,Sanjay Agarwal,Female,35,Salem,Tamil Nadu,2023-11-20
C5046,Vikas Malhotra,Female,19,Nagpur,Maharashtra,2024-04-16
C5047,Vikas Mehta,Male,39,Aurangabad,Maharashtra,2023-01-24
C5048,Sanjay Mishra,Male,41,Nagpur,Maharashtra,2024-08-06
C5049,Neha Yadav,Male,56,Delhi,Delhi,2025-07-18
C5050,Karan Malhotra,Male,56,Kolkata,West Bengal,2024-04-16
C5051,Neha Kumar,Male,34,Indore,Madhya Pradesh,2023-03-28
C5052,Aditi Srivastava,Female,55,Udaipur,Rajasthan,2024-03-02
C5053,Nisha Mehta,Female,24,Coimbatore,Tamil Nadu,2024-01-02
C5054,Rakesh Kumar,Female,27,Mangaluru,Karnataka,2024-10-12
C5055,Komal Kapoor,Female,46,Hyderabad,Telangana,2023-10-02
C5056,Sanjay Jain,Male,51,Gurugram,Haryana,2023-11-26
C5057,Sneha Verma,Male,56,Delhi,Delhi,2025-03-26
C5058,Manish Chauhan,Female,47,Gaya,Bihar,2023-07-12
C5059,Kavya Kapoor,Male,24,Hubballi,Karnataka,2025-10-18
C5060,Komal Mehta,Male,50,Warangal,Telangana,2023-11-22
C5061,Kavya Saxena,Female,38,Muzaffarpur,Bihar,2025-06-13
C5062,Yash Shah,Male,30,Jaipur,Rajasthan,2023-03-31
C5063,Ananya Jain,Male,34,Nashik,Maharashtra,2023-12-17
C5064,Nisha Gupta,Female,56,Ahmedabad,Gujarat,2024-02-18
C5065,Nikhil Gupta,Female,26,Lucknow,Uttar Pradesh,2024-05-14
C5066,Shreya Jain,Female,44,Hyderabad,Telangana,2023-04-11
C5067,Suresh Patel,Male,21,Nagpur,Maharashtra,2023-09-28
C5068,Sneha Kapoor,Female,52,Jaipur,Rajasthan,2025-08-18
C5069,Ayush Jain,Female,25,Bhopal,Madhya Pradesh,2025-10-08
C5070,Suresh Mehta,Male,63,Mumbai,Maharashtra,2024-04-27
C5071,Divya Saxena,Female,60,Mangaluru,Karnataka,2023-05-11
C5072,Deepak Chauhan,Female,59,Udaipur,Rajasthan,2023-10-29
C5073,Sneha Mishra,Female,34,Bengaluru,Karnataka,2025-11-08
C5074,Deepak Tiwari,Male,55,Mumbai,Maharashtra,2025-10-03
C5075,Rahul Saxena,Female,24,Prayagraj,Uttar Pradesh,2025-06-09
C5076,Yash Singh,Male,31,Mangaluru,Karnataka,2025-08-02
C5077,Shreya Mishra,Male,24,Jodhpur,Rajasthan,2025-02-18
C5078,Rakesh Verma,Male,20,Rajkot,Gujarat,2024-11-13
C5079,Aditi Malhotra,Male,35,Lucknow,Uttar Pradesh,2025-04-27
C5080,Rohit Mehta,Male,45,Hubballi,Karnataka,2024-12-08
C5081,Karan Patel,Female,59,New Delhi,Delhi,2024-01-07
C5082,Tanya Bansal,Female,19,Nashik,Maharashtra,2024-12-03
C5083,Aditya Mishra,Male,37,Kolkata,West Bengal,2023-11-20
C5084,Ankit Agarwal,Female,52,New Delhi,Delhi,2024-11-15
C5085,Komal Srivastava,Other,27,Coimbatore,Tamil Nadu,2024-02-22
C5086,Ayush Chauhan,Male,53,Indore,Madhya Pradesh,2024-06-17
C5087,Sameer Bansal,Female,45,Coimbatore,Tamil Nadu,2023-07-18
C5088,Sakshi Verma,Other,45,Ahmedabad,Gujarat,2025-11-13
C5089,Aditya Kumar,Female,23,Noida,Uttar Pradesh,2025-03-28
C5090,Vivek Verma,Female,26,Aurangabad,Maharashtra,2023-04-28
C5091,Vikas Jain,Female,60,Ghaziabad,Uttar Pradesh,2024-06-04
C5092,Isha Verma,Female,60,Durgapur,West Bengal,2024-05-12
C5093,Manish Tiwari,Male,39,Hyderabad,Telangana,2025-08-27
C5094,Varun Malhotra,Male,46,Nagpur,Maharashtra,2025-04-06
C5095,Sanjay Jain,Female,44,Pune,Maharashtra,2025-08-19
C5096,Rakesh Yadav,Male,42,New Delhi,Delhi,2024-05-26
C5097,Komal Agarwal,Male,52,Surat,Gujarat,2023-06-20
C5098,Meera Patel,Male,45,Vadodara,Gujarat,2025-02-28
C5099,Suresh Kapoor,Female,24,Jodhpur,Rajasthan,2023-08-28
C5100,Varun Singh,Female,21,Indore,Madhya Pradesh,2024-11-28
C5101,Ayush Saxena,Male,58,Delhi,Delhi,2024-03-25
C5102,Aditya Kumar,Male,53,Kota,Rajasthan,2024-01-18
C5103,Rakesh Yadav,Male,27,Coimbatore,Tamil Nadu,2023-05-11
C5104,Aditya Chauhan,Male,20,New Delhi,Delhi,2025-05-26
C5105,Sanjay Gupta,Female,28,Bhopal,Madhya Pradesh,2025-01-24
C5106,Vikas Kumar,Male,45,Kanpur,Uttar Pradesh,2024-01-10
C5107,Meera Joshi,Female,46,Durgapur,West Bengal,2025-03-18
C5108,Akash Agarwal,Male,26,Siliguri,West Bengal,2025-12-16
C5109,Vikas Singh,Male,26,Indore,Madhya Pradesh,2025-02-28
C5110,Mohit Sharma,Female,27,Chennai,Tamil Nadu,2025-11-05
C5111,Shivam Singh,Male,39,New Delhi,Delhi,2024-05-29
C5112,Kavya Shah,Male,29,Hyderabad,Telangana,2024-02-17
C5113,Divya Verma,Male,39,Kolkata,West Bengal,2025-07-12
C5114,Yash Bansal,Female,18,Salem,Tamil Nadu,2024-12-26
C5115,Amit Srivastava,Male,62,Durgapur,West Bengal,2024-10-25
C5116,Pooja Kumar,Female,60,Mumbai,Maharashtra,2024-12-03
C5117,Rakesh Mishra,Female,34,Rajkot,Gujarat,2025-12-24
C5118,Meera Kumar,Female,56,Faridabad,Haryana,2025-01-22
C5119,Simran Yadav,Female,43,New Delhi,Delhi,2025-06-11
C5120,Sakshi Verma,Female,19,Coimbatore,Tamil Nadu,2023-02-09
C5121,Simran Bansal,Female,31,Gaya,Bihar,2025-03-01
C5122,Rahul Mishra,Male,20,Hyderabad,Telangana,2023-12-14
C5123,Shivam Patel,Female,51,Panipat,Haryana,2023-05-16
C5124,Komal Malhotra,Female,55,New Delhi,Delhi,2023-10-30
C5125,Aditi Saxena,Male,47,Patna,Bihar,2025-06-30
C5126,Deepak Mishra,Female,18,Lucknow,Uttar Pradesh,2025-06-14
C5127,Nisha Verma,Male,29,Chennai,Tamil Nadu,2023-12-01
C5128,Komal Chauhan,Female,40,Bengaluru,Karnataka,2023-07-30
C5129,Ayush Mishra,Male,24,Hyderabad,Telangana,2024-04-03
C5130,Mohit Malhotra,Male,23,Bhopal,Madhya Pradesh,2023-12-30
C5131,Sakshi Malhotra,Male,32,Kolkata,West Bengal,2025-05-08
C5132,Aditi Shah,Male,46,Rajkot,Gujarat,2023-12-29
C5133,Divya Verma,Male,22,Hubballi,Karnataka,2023-07-09
C5134,Varun Kumar,Male,65,Madurai,Tamil Nadu,2023-04-29
C5135,Aditi Patel,Female,40,Madurai,Tamil Nadu,2025-01-20
C5136,Suresh Shah,Male,26,Ghaziabad,Uttar Pradesh,2023-08-07
C5137,Ayush Bansal,Other,18,Coimbatore,Tamil Nadu,2023-08-29
C5138,Neha Kapoor,Female,63,Faridabad,Haryana,2025-05-29
C5139,Divya Tiwari,Male,46,Jaipur,Rajasthan,2023-04-12
C5140,Kavya Chauhan,Male,59,Warangal,Telangana,2024-12-15
C5141,Neha Kapoor,Male,55,Bengaluru,Karnataka,2023-01-13
C5142,Rahul Singh,Male,65,Madurai,Tamil Nadu,2025-10-29
C5143,Amit Jain,Female,60,Prayagraj,Uttar Pradesh,2025-02-20
C5144,Deepak Joshi,Female,54,New Delhi,Delhi,2025-06-18
C5145,Arjun Mehta,Female,58,Mangaluru,Karnataka,2024-12-30
C5146,Divya Gupta,Male,59,Pune,Maharashtra,2024-03-16
C5147,Mohit Mehta,Female,30,Kanpur,Uttar Pradesh,2025-12-25
C5148,Neha Mishra,Male,46,Udaipur,Rajasthan,2025-05-10
C5149,Meera Mishra,Female,65,Bengaluru,Karnataka,2023-04-08
C5150,Nikhil Saxena,Female,59,Hubballi,Karnataka,2024-09-23
C5151,Sakshi Jain,Male,23,Nagpur,Maharashtra,2024-08-17
C5152,Suresh Shah,Female,23,Coimbatore,Tamil Nadu,2023-11-10
C5153,Komal Mehta,Female,27,Hubballi,Karnataka,2024-05-14
C5154,Divya Mehta,Female,53,Bengaluru,Karnataka,2025-12-03
C5155,Varun Verma,Male,36,Surat,Gujarat,2023-04-05
C5156,Divya Mehta,Female,48,Ghaziabad,Uttar Pradesh,2025-10-13
C5157,Simran Mishra,Male,24,Bhopal,Madhya Pradesh,2025-02-05
C5158,Rahul Malhotra,Male,20,Noida,Uttar Pradesh,2023-05-03
C5159,Shivam Kumar,Female,55,Mysuru,Karnataka,2023-12-01
C5160,Neha Chauhan,Male,31,Aurangabad,Maharashtra,2025-07-08
C5161,Simran Bansal,Male,20,Salem,Tamil Nadu,2025-02-09
C5162,Aarav Jain,Other,28,Thane,Maharashtra,2023-03-27
C5163,Akash Mishra,Male,33,Gurugram,Haryana,2023-06-11
C5164,Ankit Agarwal,Female,37,Hubballi,Karnataka,2025-10-14
C5165,Ayush Kapoor,Female,61,Surat,Gujarat,2023-06-22
C5166,Varun Malhotra,Male,27,Thane,Maharashtra,2024-11-14
C5167,Vivek Kapoor,Female,46,Ghaziabad,Uttar Pradesh,2025-12-26
C5168,Sanjay Srivastava,Female,31,Bengaluru,Karnataka,2023-07-02
C5169,Manish Patel,Female,41,Salem,Tamil Nadu,2023-02-18
C5170,Rohit Malhotra,Female,32,Mangaluru,Karnataka,2025-06-13
C5171,Priya Jain,Female,34,Muzaffarpur,Bihar,2025-11-06
C5172,Ayush Joshi,Female,46,Kota,Rajasthan,2024-07-18
C5173,Ananya Patel,Male,46,Patna,Bihar,2023-09-13
C5174,Nikhil Bansal,Male,24,Delhi,Delhi,2023-03-07
C5175,Priya Sharma,Female,25,Hyderabad,Telangana,2025-09-24
C5176,Rahul Verma,Female,29,Coimbatore,Tamil Nadu,2025-09-08
C5177,Neha Yadav,Female,61,Ahmedabad,Gujarat,2025-05-13
C5178,Ayush Tiwari,Male,33,Patna,Bihar,2024-04-19
C5179,Karan Shah,Female,45,Kota,Rajasthan,2024-06-11
C5180,Yash Agarwal,Male,39,Gurugram,Haryana,2024-02-23
C5181,Komal Jain,Male,34,Siliguri,West Bengal,2025-03-11
C5182,Komal Patel,Female,19,Agra,Uttar Pradesh,2023-04-20
C5183,Aarav Srivastava,Male,39,Udaipur,Rajasthan,2023-02-13
C5184,Ankit Chauhan,Female,65,Madurai,Tamil Nadu,2025-11-18
C5185,Ananya Saxena,Male,63,Bhopal,Madhya Pradesh,2023-12-15
C5186,Meera Saxena,Female,32,Warangal,Telangana,2023-02-07
C5187,Tanya Gupta,Female,43,Agra,Uttar Pradesh,2025-01-07
C5188,Mohit Yadav,Male,31,Prayagraj,Uttar Pradesh,2024-03-12
C5189,Manish Mehta,Female,62,Ghaziabad,Uttar Pradesh,2023-09-10
C5190,Nikhil Malhotra,Female,44,Madurai,Tamil Nadu,2024-04-20
C5191,Shivam Verma,Male,62,Noida,Uttar Pradesh,2024-05-08
C5192,Aditi Kapoor,Female,58,Kolkata,West Bengal,2024-11-01
C5193,Deepak Gupta,Female,33,Madurai,Tamil Nadu,2025-10-17
C5194,Sameer Yadav,Male,39,Hyderabad,Telangana,2025-08-22
C5195,Deepak Mishra,Female,45,Pune,Maharashtra,2025-06-24
C5196,Rahul Saxena,Male,29,Coimbatore,Tamil Nadu,2024-06-22
C5197,Aditya Kapoor,Male,57,Noida,Uttar Pradesh,2024-09-03
C5198,Simran Shah,Male,45,Gurugram,Haryana,2023-05-25
C5199,Nikhil Saxena,Female,27,Thane,Maharashtra,2024-09-23
C5200,Manish Saxena,Female,41,Noida,Uttar Pradesh,2025-01-05
C5201,Aditya Agarwal,Male,57,Aurangabad,Maharashtra,2025-08-29
C5202,Sanjay Bansal,Male,38,Hyderabad,Telangana,2023-02-20
C5203,Vikas Verma,Male,52,Prayagraj,Uttar Pradesh,2025-08-03
C5204,Tanya Shah,Female,65,Surat,Gujarat,2024-07-21
C5205,Aditi Kumar,Male,34,Durgapur,West Bengal,2023-04-07
C5206,Suresh Jain,Male,65,Siliguri,West Bengal,2025-12-26
C5207,Ananya Shah,Male,37,Aurangabad,Maharashtra,2024-05-24
C5208,Sakshi Singh,Male,44,Noida,Uttar Pradesh,2024-03-26
C5209,Mohit Patel,Female,55,Hubballi,Karnataka,2023-07-28
C5210,Vikas Malhotra,Female,21,Pune,Maharashtra,2023-03-22
C5211,Amit Joshi,Male,51,Jodhpur,Rajasthan,2023-04-02
C5212,Rakesh Singh,Female,45,New Delhi,Delhi,2023-10-20
C5213,Aditya Singh,Male,49,Hubballi,Karnataka,2023-11-17
C5214,Sameer Agarwal,Female,63,Varanasi,Uttar Pradesh,2024-05-22
C5215,Suresh Saxena,Male,41,Rajkot,Gujarat,2024-10-30
C5216,Ankit Srivastava,Male,62,Nashik,Maharashtra,2025-12-22
C5217,Vivek Mishra,Female,45,Jaipur,Rajasthan,2025-05-19
C5218,Pooja Kapoor,Male,28,Kanpur,Uttar Pradesh,2024-06-16
C5219,Ayush Mehta,Female,49,Gaya,Bihar,2025-09-26
C5220,Riya Chauhan,Male,27,Jaipur,Rajasthan,2024-09-02
C5221,Aditi Singh,Male,61,Aurangabad,Maharashtra,2024-04-08
C5222,Aditi Shah,Female,25,Ghaziabad,Uttar Pradesh,2023-08-27
C5223,Rohit Mehta,Male,41,Delhi,Delhi,2024-04-07
C5224,Isha Mishra,Male,57,Varanasi,Uttar Pradesh,2023-02-14
C5225,Nikhil Sharma,Female,18,Thane,Maharashtra,2023-06-17
C5226,Varun Singh,Male,41,Panipat,Haryana,2025-10-31
C5227,Shivam Patel,Female,42,Ahmedabad,Gujarat,2023-08-02
C5228,Aditya Malhotra,Male,34,Nashik,Maharashtra,2024-09-12
C5229,Priya Kapoor,Female,50,Salem,Tamil Nadu,2023-04-23
C5230,Ananya Gupta,Female,33,Thane,Maharashtra,2024-10-20
C5231,Priya Srivastava,Male,35,Gaya,Bihar,2025-12-04
C5232,Vivek Agarwal,Female,31,Ghaziabad,Uttar Pradesh,2024-05-16
C5233,Kavya Chauhan,Female,47,Siliguri,West Bengal,2023-05-20
C5234,Rohit Kumar,Female,60,Siliguri,West Bengal,2023-01-26
C5235,Divya Saxena,Male,26,Agra,Uttar Pradesh,2025-04-08
C5236,Simran Tiwari,Female,37,Thane,Maharashtra,2023-04-23
C5237,Aarav Saxena,Female,28,Delhi,Delhi,2023-12-14
C5238,Ananya Saxena,Female,29,Gurugram,Haryana,2025-07-12
C5239,Simran Agarwal,Female,64,Coimbatore,Tamil Nadu,2024-08-11
C5240,Deepak Kapoor,Female,52,Udaipur,Rajasthan,2025-08-13
C5241,Akash Mehta,Female,63,Warangal,Telangana,2025-08-13
C5242,Meera Jain,Female,48,Hyderabad,Telangana,2024-12-25
C5243,Yash Chauhan,Female,49,Mangaluru,Karnataka,2025-10-22
C5244,Nikhil Yadav,Female,52,Chennai,Tamil Nadu,2023-02-09
C5245,Yash Jain,Male,49,Kolkata,West Bengal,2023-10-31
C5246,Deepak Tiwari,Female,57,Aurangabad,Maharashtra,2025-09-24
C5247,Aditya Yadav,Male,33,Faridabad,Haryana,2024-11-11
C5248,Ayush Gupta,Female,22,Ghaziabad,Uttar Pradesh,2023-10-03
C5249,Sakshi Mishra,Female,41,Pune,Maharashtra,2023-08-17
C5250,Sameer Bansal,Female,18,Hyderabad,Telangana,2025-05-31
C5251,Aarav Srivastava,Male,20,Delhi,Delhi,2025-07-29
C5252,Aditi Kumar,Female,20,Ghaziabad,Uttar Pradesh,2023-01-17
C5253,Sneha Joshi,Male,21,Aurangabad,Maharashtra,2024-02-05
C5254,Aditya Mehta,Female,51,Coimbatore,Tamil Nadu,2024-08-09
C5255,Nikhil Malhotra,Female,46,Panipat,Haryana,2023-09-15
C5256,Varun Malhotra,Female,62,Agra,Uttar Pradesh,2025-03-05
C5257,Mohit Chauhan,Male,31,Prayagraj,Uttar Pradesh,2025-04-09
C5258,Manish Mishra,Female,33,Hubballi,Karnataka,2025-07-07
C5259,Kavya Yadav,Male,41,Gaya,Bihar,2025-05-10
C5260,Divya Mehta,Female,55,Pune,Maharashtra,2025-07-10
C5261,Suresh Jain,Female,62,Muzaffarpur,Bihar,2024-02-05
C5262,Rakesh Patel,Female,53,Faridabad,Haryana,2023-11-24
C5263,Pooja Singh,Male,42,Nagpur,Maharashtra,2023-12-13
C5264,Rakesh Kumar,Male,64,Warangal,Telangana,2025-07-23
C5265,Ayush Tiwari,Female,26,Kota,Rajasthan,2024-12-11
C5266,Rahul Singh,Other,40,Chennai,Tamil Nadu,2023-12-21
C5267,Nisha Mehta,Male,29,Hubballi,Karnataka,2025-02-28
C5268,Aarav Bansal,Female,25,Hyderabad,Telangana,2023-09-13
C5269,Shivam Sharma,Male,37,Hyderabad,Telangana,2023-10-19
C5270,Sameer Verma,Male,54,Kolkata,West Bengal,2023-01-02
C5271,Suresh Agarwal,Other,33,Gaya,Bihar,2025-11-24
C5272,Divya Shah,Female,57,Mangaluru,Karnataka,2023-09-16
C5273,Nisha Mishra,Other,47,Warangal,Telangana,2025-04-03
C5274,Simran Joshi,Male,51,Gurugram,Haryana,2023-05-10
C5275,Priya Verma,Female,29,Nagpur,Maharashtra,2023-02-09
C5276,Rohit Sharma,Female,59,Lucknow,Uttar Pradesh,2025-01-09
C5277,Simran Sharma,Female,27,Mysuru,Karnataka,2023-04-18
C5278,Shreya Mishra,Male,35,Panipat,Haryana,2023-06-08
C5279,Sneha Agarwal,Female,55,Thane,Maharashtra,2023-12-28
C5280,Aditi Tiwari,Male,51,Jaipur,Rajasthan,2024-10-02
C5281,Varun Sharma,Female,32,Varanasi,Uttar Pradesh,2023-01-20
C5282,Aditi Shah,Female,30,New Delhi,Delhi,2023-05-19
C5283,Tanya Mehta,Male,38,Surat,Gujarat,2024-01-06
C5284,Aarav Malhotra,Male,39,Varanasi,Uttar Pradesh,2025-02-10
C5285,Nisha Joshi,Female,20,Gurugram,Haryana,2023-04-17
C5286,Mohit Sharma,Female,29,Prayagraj,Uttar Pradesh,2023-11-09
C5287,Aarav Joshi,Male,25,Bhopal,Madhya Pradesh,2023-07-31
C5288,Sanjay Mishra,Male,25,Mumbai,Maharashtra,2023-12-05
C5289,Amit Bansal,Female,34,Muzaffarpur,Bihar,2023-10-10
C5290,Ayush Gupta,Male,19,Rajkot,Gujarat,2024-12-02
C5291,Pooja Kapoor,Female,50,Agra,Uttar Pradesh,2023-03-15
C5292,Aditya Joshi,Female,50,Prayagraj,Uttar Pradesh,2025-10-25
C5293,Tanya Malhotra,Male,28,Lucknow,Uttar Pradesh,2023-09-25
C5294,Yash Gupta,Female,60,Surat,Gujarat,2025-12-21
C5295,Akash Malhotra,Female,46,Hyderabad,Telangana,2025-03-09
C5296,Aditya Kapoor,Female,33,Hubballi,Karnataka,2024-01-27
C5297,Meera Patel,Female,27,Mysuru,Karnataka,2023-11-28
C5298,Ananya Mishra,Male,38,Vadodara,Gujarat,2025-11-02
C5299,Shreya Gupta,Male,64,Coimbatore,Tamil Nadu,2025-12-27
C5300,Priya Yadav,Female,18,Udaipur,Rajasthan,2024-11-01
C5301,Priya Bansal,Male,18,Bengaluru,Karnataka,2023-02-21
C5302,Simran Jain,Male,37,Siliguri,West Bengal,2025-09-19
C5303,Yash Kapoor,Male,62,Patna,Bihar,2024-06-06
C5304,Rakesh Kapoor,Female,31,Delhi,Delhi,2023-01-31
C5305,Rohit Malhotra,Male,53,Noida,Uttar Pradesh,2025-05-28
C5306,Manish Malhotra,Female,45,Ghaziabad,Uttar Pradesh,2023-02-06
C5307,Sneha Joshi,Female,27,Salem,Tamil Nadu,2024-02-11
C5308,Ananya Shah,Male,61,Delhi,Delhi,2023-03-23
C5309,Sneha Gupta,Female,25,Gwalior,Madhya Pradesh,2024-04-23
C5310,Vikas Saxena,Male,42,Rajkot,Gujarat,2025-05-30
C5311,Riya Chauhan,Female,49,Chennai,Tamil Nadu,2023-05-22
C5312,Ankit Patel,Female,50,Warangal,Telangana,2023-06-01
C5313,Simran Tiwari,Female,59,Nagpur,Maharashtra,2025-11-13
C5314,Ananya Chauhan,Female,51,Warangal,Telangana,2023-07-13
C5315,Aarav Patel,Female,49,Ghaziabad,Uttar Pradesh,2023-05-04
C5316,Komal Kapoor,Female,25,Rajkot,Gujarat,2024-10-03
C5317,Karan Joshi,Female,32,Bhopal,Madhya Pradesh,2023-10-30
C5318,Divya Verma,Male,34,Hyderabad,Telangana,2025-11-14
C5319,Rakesh Sharma,Female,35,Gurugram,Haryana,2023-06-29
C5320,Tanya Patel,Female,23,Bengaluru,Karnataka,2024-09-12
C5321,Akash Bansal,Male,22,Warangal,Telangana,2025-10-05
C5322,Aditi Mishra,Other,39,Madurai,Tamil Nadu,2025-03-13
C5323,Isha Bansal,Female,52,Surat,Gujarat,2023-02-01
C5324,Neha Malhotra,Female,60,Agra,Uttar Pradesh,2023-07-25
C5325,Akash Malhotra,Male,63,Pune,Maharashtra,2025-09-28
C5326,Sneha Yadav,Female,41,Madurai,Tamil Nadu,2023-08-10
C5327,Simran Patel,Female,61,Kanpur,Uttar Pradesh,2023-03-03
C5328,Shivam Gupta,Male,39,Durgapur,West Bengal,2024-02-24
C5329,Komal Verma,Female,40,Gurugram,Haryana,2023-11-06
C5330,Sanjay Singh,Female,28,Gwalior,Madhya Pradesh,2023-06-29
C5331,Aditi Kumar,Male,48,Noida,Uttar Pradesh,2024-05-11
C5332,Komal Verma,Female,32,Bhopal,Madhya Pradesh,2025-09-12
C5333,Simran Mehta,Male,41,Kanpur,Uttar Pradesh,2023-09-05
C5334,Amit Jain,Female,62,Mangaluru,Karnataka,2025-12-10
C5335,Priya Yadav,Female,44,Faridabad,Haryana,2024-12-27
C5336,Sameer Srivastava,Male,32,Lucknow,Uttar Pradesh,2024-02-23
C5337,Simran Shah,Female,50,Agra,Uttar Pradesh,2025-01-13
C5338,Simran Tiwari,Male,53,Agra,Uttar Pradesh,2024-01-17
C5339,Amit Joshi,Male,47,Coimbatore,Tamil Nadu,2023-08-20
C5340,Varun Sharma,Female,20,Hyderabad,Telangana,2023-09-14
C5341,Sameer Tiwari,Male,28,Lucknow,Uttar Pradesh,2023-01-10
C5342,Karan Srivastava,Male,24,Agra,Uttar Pradesh,2024-12-11
C5343,Komal Joshi,Male,63,Surat,Gujarat,2023-03-23
C5344,Sanjay Shah,Female,32,Nashik,Maharashtra,2023-08-06
C5345,Nikhil Patel,Female,40,Kolkata,West Bengal,2023-01-01
C5346,Rahul Patel,Male,61,Gwalior,Madhya Pradesh,2023-03-13
C5347,Yash Bansal,Male,65,Kolkata,West Bengal,2025-09-18
C5348,Meera Shah,Male,28,Faridabad,Haryana,2023-01-27
C5349,Divya Gupta,Male,59,Salem,Tamil Nadu,2024-11-11
C5350,Mohit Singh,Male,52,Hyderabad,Telangana,2023-12-25
C5351,Ankit Kumar,Female,47,Mumbai,Maharashtra,2023-06-01
C5352,Meera Yadav,Female,26,Noida,Uttar Pradesh,2023-11-25
C5353,Divya Agarwal,Male,51,Jodhpur,Rajasthan,2023-04-12
C5354,Sneha Srivastava,Female,47,Noida,Uttar Pradesh,2023-12-09
C5355,Deepak Verma,Female,39,Panipat,Haryana,2025-06-14
C5356,Pooja Mishra,Male,46,Kota,Rajasthan,2024-11-10
C5357,Vikas Verma,Male,28,Muzaffarpur,Bihar,2025-06-07
C5358,Nikhil Shah,Female,47,Delhi,Delhi,2025-02-01
C5359,Neha Joshi,Male,25,Madurai,Tamil Nadu,2025-10-12
C5360,Vikas Shah,Female,31,Kolkata,West Bengal,2023-04-29
C5361,Pooja Chauhan,Female,41,Nagpur,Maharashtra,2023-06-24
C5362,Aditya Chauhan,Female,25,Coimbatore,Tamil Nadu,2024-03-26
C5363,Aarav Saxena,Male,61,Kota,Rajasthan,2024-07-25
C5364,Simran Saxena,Male,60,Gaya,Bihar,2025-05-08
C5365,Suresh Agarwal,Female,40,Siliguri,West Bengal,2023-05-14
C5366,Suresh Mehta,Male,45,Varanasi,Uttar Pradesh,2023-05-02
C5367,Yash Agarwal,Male,31,Mysuru,Karnataka,2025-05-21
C5368,Suresh Bansal,Female,28,Surat,Gujarat,2024-08-24
C5369,Yash Gupta,Male,64,Lucknow,Uttar Pradesh,2024-03-27
C5370,Ankit Verma,Female,37,Bengaluru,Karnataka,2023-09-01
C5371,Komal Sharma,Female,63,Mumbai,Maharashtra,2025-01-31
C5372,Divya Joshi,Female,21,Kanpur,Uttar Pradesh,2025-05-28
C5373,Riya Malhotra,Male,23,Salem,Tamil Nadu,2023-02-03
C5374,Nikhil Sharma,Female,40,Pune,Maharashtra,2023-03-01
C5375,Sameer Shah,Female,55,Vadodara,Gujarat,2025-05-01
C5376,Rahul Agarwal,Male,38,Pune,Maharashtra,2025-08-25
C5377,Simran Bansal,Female,58,Kolkata,West Bengal,2023-09-09
C5378,Deepak Sharma,Male,24,Mumbai,Maharashtra,2025-02-11
C5379,Deepak Sharma,Male,59,Faridabad,Haryana,2025-07-11
C5380,Sneha Joshi,Female,39,Varanasi,Uttar Pradesh,2023-05-04
C5381,Pooja Mehta,Male,31,Coimbatore,Tamil Nadu,2023-07-23
C5382,Vivek Saxena,Male,48,Delhi,Delhi,2023-05-23
C5383,Nisha Mehta,Female,55,Nagpur,Maharashtra,2025-05-15
C5384,Sakshi Tiwari,Male,62,Mysuru,Karnataka,2025-04-24
C5385,Varun Mishra,Female,22,Panipat,Haryana,2023-05-27
C5386,Simran Agarwal,Male,51,Bhopal,Madhya Pradesh,2023-07-10
C5387,Varun Chauhan,Female,33,New Delhi,Delhi,2024-12-27
C5388,Vivek Kumar,Female,42,Agra,Uttar Pradesh,2025-09-09
C5389,Divya Bansal,Male,40,Siliguri,West Bengal,2025-05-03
C5390,Ananya Sharma,Female,54,Rajkot,Gujarat,2023-07-03
C5391,Karan Patel,Male,37,Pune,Maharashtra,2024-02-27
C5392,Arjun Gupta,Male,31,Durgapur,West Bengal,2023-03-14
C5393,Meera Mehta,Male,41,Madurai,Tamil Nadu,2023-09-25
C5394,Riya Bansal,Male,50,Jaipur,Rajasthan,2024-09-08
C5395,Aditya Sharma,Male,58,New Delhi,Delhi,2024-01-13
C5396,Shreya Gupta,Female,18,Hubballi,Karnataka,2024-10-26
C5397,Mohit Mishra,Female,45,Pune,Maharashtra,2023-11-21
C5398,Sneha Yadav,Other,21,Durgapur,West Bengal,2024-09-09
C5399,Simran Agarwal,Female,47,Prayagraj,Uttar Pradesh,2024-11-24
C5400,Vivek Chauhan,Male,47,Durgapur,West Bengal,2023-08-02
C5401,Rahul Kumar,Male,59,Hyderabad,Telangana,2023-02-18
C5402,Sneha Jain,Male,27,Siliguri,West Bengal,2024-01-06
C5403,Meera Patel,Female,56,Kanpur,Uttar Pradesh,2023-02-15
C5404,Kavya Yadav,Female,51,Nagpur,Maharashtra,2023-06-24
C5405,Aditya Yadav,Male,49,Hubballi,Karnataka,2023-11-12
C5406,Pooja Kapoor,Male,48,Ahmedabad,Gujarat,2024-01-06
C5407,Divya Joshi,Male,44,Bhopal,Madhya Pradesh,2023-10-31
C5408,Simran Saxena,Female,21,Delhi,Delhi,2023-02-28
C5409,Aditi Jain,Male,57,Panipat,Haryana,2023-07-13
C5410,Aarav Joshi,Female,36,Nashik,Maharashtra,2025-08-24
C5411,Meera Srivastava,Male,23,Delhi,Delhi,2025-02-23
C5412,Deepak Srivastava,Male,47,Kanpur,Uttar Pradesh,2024-05-01
C5413,Meera Tiwari,Male,63,Siliguri,West Bengal,2023-01-27
C5414,Deepak Yadav,Female,52,Agra,Uttar Pradesh,2024-01-28
C5415,Mohit Chauhan,Female,29,Mumbai,Maharashtra,2025-10-09
C5416,Suresh Saxena,Male,57,Kolkata,West Bengal,2025-06-05
C5417,Rohit Bansal,Male,58,Salem,Tamil Nadu,2025-04-09
C5418,Sanjay Malhotra,Male,33,Lucknow,Uttar Pradesh,2023-09-30
C5419,Yash Chauhan,Male,43,Kanpur,Uttar Pradesh,2024-03-17
C5420,Sakshi Jain,Male,58,Madurai,Tamil Nadu,2023-02-01
C5421,Shivam Kapoor,Male,25,Delhi,Delhi,2025-07-29
C5422,Aditya Malhotra,Female,35,Nashik,Maharashtra,2023-05-04
C5423,Tanya Kapoor,Female,39,Rajkot,Gujarat,2024-11-07
C5424,Tanya Bansal,Female,18,Thane,Maharashtra,2023-11-05
C5425,Simran Gupta,Female,26,Rajkot,Gujarat,2024-09-16
C5426,Aditya Mishra,Other,47,Delhi,Delhi,2025-06-24
C5427,Vikas Agarwal,Female,30,Aurangabad,Maharashtra,2023-12-09
C5428,Pooja Kapoor,Male,29,Varanasi,Uttar Pradesh,2023-01-19
C5429,Riya Kapoor,Male,32,Nashik,Maharashtra,2024-12-27
C5430,Amit Saxena,Male,23,Prayagraj,Uttar Pradesh,2024-08-05
C5431,Nikhil Bansal,Female,48,Delhi,Delhi,2023-06-02
C5432,Kavya Mehta,Male,30,Indore,Madhya Pradesh,2023-02-23
C5433,Sakshi Kumar,Male,49,Warangal,Telangana,2024-07-28
C5434,Pooja Joshi,Female,57,Delhi,Delhi,2024-11-02
C5435,Yash Srivastava,Female,40,Rajkot,Gujarat,2023-05-08
C5436,Neha Joshi,Female,61,Vadodara,Gujarat,2024-10-18
C5437,Ayush Srivastava,Female,27,Warangal,Telangana,2024-05-02
C5438,Ankit Chauhan,Female,64,Pune,Maharashtra,2023-05-31
C5439,Priya Agarwal,Female,33,New Delhi,Delhi,2024-11-05
C5440,Varun Kapoor,Male,32,New Delhi,Delhi,2024-12-07
C5441,Divya Shah,Female,65,Lucknow,Uttar Pradesh,2023-06-20
C5442,Sanjay Patel,Female,39,New Delhi,Delhi,2025-01-07
C5443,Mohit Verma,Male,53,Faridabad,Haryana,2023-09-01
C5444,Nikhil Verma,Female,56,Indore,Madhya Pradesh,2024-10-15
C5445,Manish Gupta,Female,39,Lucknow,Uttar Pradesh,2025-06-09
C5446,Neha Joshi,Female,33,Mangaluru,Karnataka,2023-10-08
C5447,Neha Kumar,Female,41,Delhi,Delhi,2024-01-06
C5448,Vivek Jain,Male,36,Chennai,Tamil Nadu,2023-04-15
C5449,Sakshi Shah,Male,37,Madurai,Tamil Nadu,2025-11-27
C5450,Rahul Jain,Male,29,Varanasi,Uttar Pradesh,2023-12-29
C5451,Varun Srivastava,Female,61,Panipat,Haryana,2025-05-28
C5452,Rakesh Jain,Female,45,Patna,Bihar,2025-10-20
C5453,Meera Singh,Other,56,Udaipur,Rajasthan,2024-06-04
C5454,Nisha Chauhan,Female,49,Jaipur,Rajasthan,2025-01-29
C5455,Karan Saxena,Female,34,Chennai,Tamil Nadu,2024-06-01
C5456,Varun Malhotra,Male,33,New Delhi,Delhi,2024-09-22
C5457,Rohit Bansal,Male,65,Prayagraj,Uttar Pradesh,2023-10-01
C5458,Amit Kumar,Male,19,Ahmedabad,Gujarat,2025-07-09
C5459,Deepak Bansal,Female,32,Prayagraj,Uttar Pradesh,2023-05-15
C5460,Nisha Verma,Male,53,Warangal,Telangana,2024-12-23
C5461,Aditi Patel,Female,44,Hubballi,Karnataka,2025-10-04
C5462,Neha Gupta,Female,47,Mysuru,Karnataka,2025-06-07
C5463,Aarav Bansal,Male,19,New Delhi,Delhi,2025-04-10
C5464,Vikas Verma,Female,28,Patna,Bihar,2024-12-20
C5465,Priya Yadav,Female,46,Thane,Maharashtra,2025-11-01
C5466,Nikhil Kumar,Female,33,Lucknow,Uttar Pradesh,2025-08-04
C5467,Komal Kapoor,Male,40,Nashik,Maharashtra,2023-10-29
C5468,Rakesh Yadav,Male,63,Jodhpur,Rajasthan,2024-11-14
C5469,Ankit Shah,Male,48,Muzaffarpur,Bihar,2024-04-14
C5470,Deepak Mishra,Female,48,Nashik,Maharashtra,2023-10-18
C5471,Vivek Bansal,Female,27,Bhopal,Madhya Pradesh,2025-06-14
C5472,Sneha Verma,Female,46,Thane,Maharashtra,2023-02-15
C5473,Sanjay Tiwari,Female,64,Kota,Rajasthan,2023-05-21
C5474,Aditi Mishra,Male,48,Kanpur,Uttar Pradesh,2023-04-26
C5475,Amit Kumar,Other,55,Madurai,Tamil Nadu,2023-08-10
C5476,Aditya Verma,Male,63,Udaipur,Rajasthan,2024-07-15
C5477,Deepak Singh,Male,61,Salem,Tamil Nadu,2025-10-28
C5478,Aditya Patel,Female,34,Nagpur,Maharashtra,2025-11-30
C5479,Vikas Yadav,Female,32,Hyderabad,Telangana,2025-09-12
C5480,Sanjay Srivastava,Female,31,Muzaffarpur,Bihar,2025-04-11
C5481,Shivam Shah,Female,54,Hubballi,Karnataka,2024-05-18
C5482,Divya Verma,Male,36,Vadodara,Gujarat,2025-04-29
C5483,Sakshi Patel,Male,57,Hyderabad,Telangana,2023-10-21
C5484,Aditi Gupta,Male,56,Pune,Maharashtra,2024-12-27
C5485,Nisha Gupta,Female,49,Faridabad,Haryana,2023-01-10
C5486,Rohit Mishra,Male,23,Thane,Maharashtra,2025-09-16
C5487,Kavya Kumar,Male,52,Durgapur,West Bengal,2025-11-29
C5488,Rahul Gupta,Male,27,Prayagraj,Uttar Pradesh,2025-03-16
C5489,Sanjay Tiwari,Female,44,Mumbai,Maharashtra,2023-07-11
C5490,Rakesh Malhotra,Female,28,Coimbatore,Tamil Nadu,2023-10-10
C5491,Vivek Tiwari,Male,20,Madurai,Tamil Nadu,2025-03-21
C5492,Shreya Yadav,Male,48,Panipat,Haryana,2024-06-30
C5493,Rahul Srivastava,Female,39,Patna,Bihar,2024-08-22
C5494,Shivam Agarwal,Female,48,Ghaziabad,Uttar Pradesh,2024-03-18
C5495,Ayush Kumar,Male,41,Mumbai,Maharashtra,2025-07-04
C5496,Neha Saxena,Male,35,New Delhi,Delhi,2023-07-01
C5497,Rohit Singh,Female,18,Hubballi,Karnataka,2024-04-28
C5498,Rakesh Jain,Female,31,Salem,Tamil Nadu,2023-09-01
C5499,Neha Saxena,Male,60,Panipat,Haryana,2025-01-27
C5500,Neha Joshi,Female,54,Siliguri,West Bengal,2023-11-09
C5501,Rakesh Shah,Female,40,Varanasi,Uttar Pradesh,2023-11-24
C5502,Sameer Agarwal,Male,19,Mangaluru,Karnataka,2023-07-10
C5503,Simran Singh,Male,65,Vadodara,Gujarat,2025-08-03
C5504,Kavya Chauhan,Female,53,Mangaluru,Karnataka,2023-08-26
C5505,Priya Gupta,Female,19,Kanpur,Uttar Pradesh,2025-08-09
C5506,Nikhil Yadav,Male,28,Hubballi,Karnataka,2025-09-30
C5507,Riya Verma,Female,26,Mysuru,Karnataka,2025-11-21
C5508,Neha Tiwari,Male,61,Nashik,Maharashtra,2024-01-11
C5509,Amit Bansal,Female,63,Durgapur,West Bengal,2024-12-18
C5510,Amit Patel,Male,37,Delhi,Delhi,2025-06-25
C5511,Shivam Chauhan,Male,26,Vadodara,Gujarat,2023-03-27
C5512,Karan Singh,Male,48,Chennai,Tamil Nadu,2023-03-12
C5513,Varun Srivastava,Female,31,Gurugram,Haryana,2023-08-15
C5514,Rohit Singh,Female,23,Agra,Uttar Pradesh,2025-12-11
C5515,Rahul Agarwal,Female,30,Kanpur,Uttar Pradesh,2023-04-09
C5516,Pooja Singh,Male,30,Delhi,Delhi,2025-04-17
C5517,Manish Chauhan,Female,20,Hubballi,Karnataka,2025-07-07
C5518,Aditi Tiwari,Male,51,Delhi,Delhi,2025-09-19
C5519,Rahul Mehta,Female,34,Siliguri,West Bengal,2024-08-01
C5520,Komal Verma,Male,44,Mumbai,Maharashtra,2024-07-29
C5521,Aditya Yadav,Female,44,Prayagraj,Uttar Pradesh,2025-03-23
C5522,Meera Jain,Male,54,Hubballi,Karnataka,2024-11-25
C5523,Sameer Mishra,Male,54,Siliguri,West Bengal,2025-05-11
C5524,Vikas Sharma,Female,45,Panipat,Haryana,2024-01-31
C5525,Shivam Malhotra,Male,58,Durgapur,West Bengal,2025-10-19
C5526,Riya Joshi,Male,45,Madurai,Tamil Nadu,2024-04-18
C5527,Suresh Tiwari,Female,19,Kolkata,West Bengal,2023-09-29
C5528,Divya Patel,Male,59,Jaipur,Rajasthan,2025-04-02
C5529,Rohit Mishra,Female,54,Thane,Maharashtra,2024-11-10
C5530,Tanya Shah,Female,38,Madurai,Tamil Nadu,2023-02-24
C5531,Sakshi Gupta,Female,36,Kolkata,West Bengal,2023-07-02
C5532,Nikhil Joshi,Male,60,New Delhi,Delhi,2023-02-10
C5533,Nisha Bansal,Female,38,Kota,Rajasthan,2024-09-22
C5534,Arjun Gupta,Female,35,Coimbatore,Tamil Nadu,2025-08-16
C5535,Meera Mishra,Male,53,Coimbatore,Tamil Nadu,2023-05-01
C5536,Vivek Srivastava,Female,33,Varanasi,Uttar Pradesh,2025-07-21
C5537,Pooja Shah,Female,37,Jodhpur,Rajasthan,2025-02-28
C5538,Kavya Shah,Male,55,Panipat,Haryana,2024-08-19
C5539,Sneha Kapoor,Male,28,Varanasi,Uttar Pradesh,2023-08-07
C5540,Tanya Mehta,Female,18,New Delhi,Delhi,2025-01-06
C5541,Meera Singh,Male,34,Lucknow,Uttar Pradesh,2024-02-05
C5542,Shreya Saxena,Female,26,Ghaziabad,Uttar Pradesh,2023-09-26
C5543,Rohit Tiwari,Male,35,Gaya,Bihar,2023-11-18
C5544,Manish Singh,Male,21,Salem,Tamil Nadu,2023-03-09
C5545,Sanjay Kumar,Female,46,New Delhi,Delhi,2024-06-20
C5546,Amit Kapoor,Other,42,Mumbai,Maharashtra,2025-04-04
C5547,Nisha Joshi,Male,31,Muzaffarpur,Bihar,2025-06-24
C5548,Suresh Agarwal,Female,48,Pune,Maharashtra,2025-03-03
C5549,Sameer Shah,Male,24,Durgapur,West Bengal,2025-08-16
C5550,Sakshi Kapoor,Male,18,Thane,Maharashtra,2025-11-21
C5551,Neha Shah,Female,40,Lucknow,Uttar Pradesh,2023-09-01
C5552,Sakshi Kumar,Male,25,Kota,Rajasthan,2024-04-19
C5553,Divya Singh,Female,59,Noida,Uttar Pradesh,2024-01-05
C5554,Deepak Jain,Male,32,Jodhpur,Rajasthan,2025-01-19
C5555,Komal Tiwari,Male,38,Nagpur,Maharashtra,2025-07-05
C5556,Varun Mehta,Male,32,Siliguri,West Bengal,2025-09-01
C5557,Divya Agarwal,Female,38,Siliguri,West Bengal,2023-04-09
C5558,Varun Tiwari,Female,22,Siliguri,West Bengal,2024-07-17
C5559,Tanya Agarwal,Male,62,Agra,Uttar Pradesh,2023-05-09
C5560,Priya Shah,Male,26,Udaipur,Rajasthan,2023-12-28
C5561,Akash Kumar,Other,36,Patna,Bihar,2024-06-09
C5562,Aditi Kapoor,Male,58,Thane,Maharashtra,2024-11-09
C5563,Divya Kapoor,Female,38,Mumbai,Maharashtra,2025-05-15
C5564,Neha Bansal,Female,51,Hyderabad,Telangana,2025-12-25
C5565,Ananya Mishra,Female,21,Thane,Maharashtra,2024-01-03
C5566,Divya Jain,Male,32,Jaipur,Rajasthan,2024-09-04
C5567,Rohit Gupta,Male,54,Durgapur,West Bengal,2023-03-18
C5568,Shivam Chauhan,Male,30,Noida,Uttar Pradesh,2023-05-03
C5569,Aditi Singh,Male,37,Chennai,Tamil Nadu,2025-11-25
C5570,Tanya Joshi,Male,21,Rajkot,Gujarat,2025-10-24
C5571,Rakesh Kapoor,Other,42,New Delhi,Delhi,2025-10-25
C5572,Sneha Gupta,Male,34,Panipat,Haryana,2023-10-14
C5573,Rahul Agarwal,Male,59,Nagpur,Maharashtra,2024-12-14
C5574,Yash Sharma,Male,37,Delhi,Delhi,2023-09-08
C5575,Aarav Mehta,Male,57,Panipat,Haryana,2025-01-16
C5576,Tanya Chauhan,Female,61,Mumbai,Maharashtra,2024-06-14
C5577,Sakshi Jain,Male,58,Hyderabad,Telangana,2025-10-19
C5578,Karan Chauhan,Female,53,Varanasi,Uttar Pradesh,2024-02-14
C5579,Deepak Kumar,Female,46,Salem,Tamil Nadu,2024-12-06
C5580,Rahul Agarwal,Male,40,Lucknow,Uttar Pradesh,2024-12-22
C5581,Priya Tiwari,Female,21,Jaipur,Rajasthan,2025-05-13
C5582,Karan Srivastava,Male,24,Hyderabad,Telangana,2023-02-26
C5583,Divya Mishra,Male,36,Gurugram,Haryana,2024-05-22
C5584,Aarav Malhotra,Female,49,Patna,Bihar,2024-05-10
C5585,Ankit Srivastava,Female,18,Jaipur,Rajasthan,2023-09-07
C5586,Ayush Bansal,Male,62,Durgapur,West Bengal,2025-05-31
C5587,Arjun Joshi,Male,65,Salem,Tamil Nadu,2025-06-30
C5588,Sneha Gupta,Male,21,Indore,Madhya Pradesh,2023-03-31
C5589,Ananya Singh,Female,22,Udaipur,Rajasthan,2025-01-19
C5590,Sneha Joshi,Female,58,Faridabad,Haryana,2025-08-01
C5591,Ananya Shah,Male,27,Nashik,Maharashtra,2023-11-14
C5592,Vikas Verma,Female,26,Salem,Tamil Nadu,2024-11-23
C5593,Sameer Yadav,Female,26,Siliguri,West Bengal,2024-11-13
C5594,Karan Agarwal,Male,51,Thane,Maharashtra,2023-01-21
C5595,Mohit Patel,Female,24,Mumbai,Maharashtra,2025-06-13
C5596,Divya Agarwal,Female,26,Patna,Bihar,2025-04-01
C5597,Sameer Agarwal,Male,37,Mangaluru,Karnataka,2023-10-24
C5598,Shivam Kumar,Female,46,Aurangabad,Maharashtra,2023-12-10
C5599,Arjun Srivastava,Female,65,New Delhi,Delhi,2025-04-21
C5600,Pooja Joshi,Female,29,Mangaluru,Karnataka,2025-05-27
C5601,Suresh Kumar,Male,30,Ahmedabad,Gujarat,2023-03-21
C5602,Tanya Jain,Female,44,Bhopal,Madhya Pradesh,2024-01-29
C5603,Simran Jain,Female,38,Muzaffarpur,Bihar,2024-11-15
C5604,Nikhil Joshi,Other,46,Udaipur,Rajasthan,2023-05-20
C5605,Deepak Joshi,Male,29,Jaipur,Rajasthan,2025-12-29
C5606,Aditya Joshi,Female,47,Delhi,Delhi,2023-08-17
C5607,Akash Malhotra,Female,62,Panipat,Haryana,2025-08-06
C5608,Aditi Kumar,Male,50,Nagpur,Maharashtra,2023-03-12
C5609,Kavya Mishra,Male,53,Kanpur,Uttar Pradesh,2025-08-16
C5610,Aarav Sharma,Female,21,Gaya,Bihar,2023-02-13
C5611,Vikas Patel,Female,61,Panipat,Haryana,2025-01-14
C5612,Deepak Jain,Female,51,New Delhi,Delhi,2024-01-30
C5613,Shreya Kapoor,Male,48,Jaipur,Rajasthan,2024-05-19
C5614,Kavya Gupta,Female,25,Bengaluru,Karnataka,2023-04-29
C5615,Tanya Joshi,Male,44,Delhi,Delhi,2025-01-11
C5616,Aditya Mishra,Female,50,Thane,Maharashtra,2024-11-12
C5617,Ananya Agarwal,Male,47,Prayagraj,Uttar Pradesh,2023-12-18
C5618,Meera Kapoor,Male,23,Chennai,Tamil Nadu,2024-06-01
C5619,Sneha Singh,Female,19,Bengaluru,Karnataka,2024-08-28
C5620,Sakshi Mishra,Female,41,Coimbatore,Tamil Nadu,2025-01-23
C5621,Sameer Agarwal,Male,52,Pune,Maharashtra,2024-08-13
C5622,Riya Kapoor,Male,36,Bhopal,Madhya Pradesh,2023-03-06
C5623,Kavya Gupta,Female,51,Vadodara,Gujarat,2024-08-18
C5624,Sneha Tiwari,Other,64,Gurugram,Haryana,2024-01-17
C5625,Nisha Chauhan,Male,60,Noida,Uttar Pradesh,2024-03-27
C5626,Deepak Saxena,Female,48,Surat,Gujarat,2024-02-10
C5627,Aditya Yadav,Male,52,Panipat,Haryana,2024-01-22
C5628,Arjun Malhotra,Female,22,Delhi,Delhi,2023-09-16
C5629,Ankit Singh,Male,22,Pune,Maharashtra,2023-12-28
C5630,Sanjay Srivastava,Male,51,Pune,Maharashtra,2025-02-19
C5631,Aditi Shah,Female,56,Nashik,Maharashtra,2023-09-04
C5632,Amit Gupta,Male,27,Bengaluru,Karnataka,2025-04-11
C5633,Priya Mishra,Female,46,Delhi,Delhi,2024-04-25
C5634,Amit Saxena,Male,31,Aurangabad,Maharashtra,2024-10-30
C5635,Divya Srivastava,Male,23,Jaipur,Rajasthan,2023-05-09
C5636,Deepak Shah,Female,36,Ghaziabad,Uttar Pradesh,2023-08-15
C5637,Suresh Patel,Female,39,New Delhi,Delhi,2025-09-14
C5638,Nikhil Bansal,Male,55,Jodhpur,Rajasthan,2025-06-28
C5639,Aarav Saxena,Female,59,Thane,Maharashtra,2023-03-18
C5640,Shreya Bansal,Male,63,Pune,Maharashtra,2025-09-16
C5641,Nikhil Agarwal,Female,23,Pune,Maharashtra,2025-07-05
C5642,Rohit Joshi,Male,62,Noida,Uttar Pradesh,2023-05-31
C5643,Komal Srivastava,Female,42,Mangaluru,Karnataka,2023-09-22
C5644,Akash Gupta,Male,26,Noida,Uttar Pradesh,2023-07-14
C5645,Komal Agarwal,Female,49,Nagpur,Maharashtra,2025-07-23
C5646,Sakshi Singh,Female,20,Gaya,Bihar,2025-07-23
C5647,Ananya Jain,Female,40,Gwalior,Madhya Pradesh,2025-02-27
C5648,Sneha Bansal,Male,57,Aurangabad,Maharashtra,2023-10-01
C5649,Simran Gupta,Male,64,Delhi,Delhi,2025-10-05
C5650,Divya Shah,Male,31,Mangaluru,Karnataka,2025-07-16
C5651,Riya Sharma,Female,26,Faridabad,Haryana,2025-08-10
C5652,Nisha Srivastava,Male,45,Hyderabad,Telangana,2024-01-30
C5653,Ayush Saxena,Female,25,Lucknow,Uttar Pradesh,2025-02-06
C5654,Nisha Shah,Male,64,Ghaziabad,Uttar Pradesh,2025-01-09
C5655,Sanjay Kapoor,Other,33,Mysuru,Karnataka,2023-06-16
C5656,Sanjay Kumar,Female,26,Faridabad,Haryana,2024-09-30
C5657,Kavya Saxena,Female,29,Gurugram,Haryana,2024-08-24
C5658,Aditi Kapoor,Female,35,Lucknow,Uttar Pradesh,2024-10-02
C5659,Rahul Kumar,Female,53,Vadodara,Gujarat,2024-01-08
C5660,Ananya Chauhan,Female,59,Kanpur,Uttar Pradesh,2025-01-02
C5661,Aditi Sharma,Female,53,Udaipur,Rajasthan,2025-08-27
C5662,Aarav Joshi,Female,49,Indore,Madhya Pradesh,2024-10-24
C5663,Komal Gupta,Male,30,Bengaluru,Karnataka,2025-08-13
C5664,Vikas Kapoor,Male,63,Ghaziabad,Uttar Pradesh,2025-04-24
C5665,Isha Singh,Female,65,Surat,Gujarat,2023-12-10
C5666,Priya Singh,Female,48,Mysuru,Karnataka,2025-03-16
C5667,Ananya Patel,Male,55,Hyderabad,Telangana,2025-01-05
C5668,Vivek Chauhan,Male,32,Delhi,Delhi,2025-10-30
C5669,Sanjay Yadav,Female,39,Faridabad,Haryana,2024-01-06
C5670,Meera Joshi,Male,56,Nagpur,Maharashtra,2023-06-29
C5671,Ayush Shah,Female,38,Ghaziabad,Uttar Pradesh,2025-01-12
C5672,Varun Saxena,Female,54,Delhi,Delhi,2024-11-23
C5673,Akash Yadav,Male,59,Lucknow,Uttar Pradesh,2024-11-03
C5674,Karan Mehta,Male,62,Nashik,Maharashtra,2025-03-21
C5675,Deepak Chauhan,Male,31,Kota,Rajasthan,2024-07-13
C5676,Rakesh Mishra,Male,40,Agra,Uttar Pradesh,2023-02-03
C5677,Nikhil Jain,Female,36,Noida,Uttar Pradesh,2025-08-19
C5678,Aditi Srivastava,Female,42,Noida,Uttar Pradesh,2023-10-31
C5679,Vikas Mishra,Female,53,Varanasi,Uttar Pradesh,2023-09-27
C5680,Riya Agarwal,Male,33,Panipat,Haryana,2025-06-10
C5681,Isha Mishra,Female,29,Indore,Madhya Pradesh,2025-05-23
C5682,Ananya Saxena,Male,30,Agra,Uttar Pradesh,2024-07-07
C5683,Shivam Tiwari,Female,54,Siliguri,West Bengal,2025-01-25
C5684,Aarav Joshi,Male,65,Kolkata,West Bengal,2023-03-30
C5685,Rohit Joshi,Female,22,Gaya,Bihar,2023-11-04
C5686,Aditya Agarwal,Female,64,Delhi,Delhi,2023-09-23
C5687,Arjun Sharma,Male,19,Pune,Maharashtra,2024-04-06
C5688,Priya Gupta,Female,43,Bengaluru,Karnataka,2024-01-27
C5689,Arjun Kumar,Male,24,Faridabad,Haryana,2023-03-17
C5690,Kavya Kumar,Male,63,Kolkata,West Bengal,2025-01-24
C5691,Priya Malhotra,Female,54,Mangaluru,Karnataka,2024-10-16
C5692,Kavya Kumar,Female,35,Nashik,Maharashtra,2024-02-20
C5693,Rohit Singh,Male,50,Kolkata,West Bengal,2025-08-30
C5694,Suresh Agarwal,Male,58,Faridabad,Haryana,2024-01-31
C5695,Nikhil Verma,Male,28,Mangaluru,Karnataka,2023-05-10
C5696,Kavya Kumar,Female,48,Jodhpur,Rajasthan,2025-07-17
C5697,Rohit Kumar,Female,32,Mangaluru,Karnataka,2023-05-25
C5698,Shreya Yadav,Male,52,Mysuru,Karnataka,2023-03-20
C5699,Rohit Shah,Male,45,Coimbatore,Tamil Nadu,2024-06-03
C5700,Sanjay Bansal,Female,52,Kolkata,West Bengal,2024-09-26
C5701,Rohit Srivastava,Female,48,Patna,Bihar,2023-11-04
C5702,Karan Bansal,Male,48,Bengaluru,Karnataka,2025-07-07
C5703,Meera Joshi,Female,22,Delhi,Delhi,2023-10-31
C5704,Priya Tiwari,Male,58,New Delhi,Delhi,2025-11-21
C5705,Karan Shah,Male,26,Varanasi,Uttar Pradesh,2024-11-30
C5706,Ayush Joshi,Female,36,Delhi,Delhi,2023-07-22
C5707,Aditi Jain,Female,42,Varanasi,Uttar Pradesh,2024-03-25
C5708,Aarav Mishra,Male,58,Mangaluru,Karnataka,2023-03-25
C5709,Priya Mishra,Female,48,Mumbai,Maharashtra,2025-07-13
C5710,Neha Kumar,Female,26,New Delhi,Delhi,2024-12-10
C5711,Sneha Bansal,Female,31,Warangal,Telangana,2024-04-14
C5712,Pooja Singh,Female,27,Nagpur,Maharashtra,2025-01-13
C5713,Akash Malhotra,Female,46,Rajkot,Gujarat,2024-11-04
C5714,Komal Srivastava,Female,52,Gwalior,Madhya Pradesh,2024-10-18
C5715,Nikhil Patel,Male,52,Surat,Gujarat,2024-03-11
C5716,Ayush Singh,Female,54,Mumbai,Maharashtra,2024-01-20
C5717,Varun Jain,Male,51,New Delhi,Delhi,2023-10-08
C5718,Priya Mishra,Female,61,Surat,Gujarat,2025-05-11
C5719,Manish Chauhan,Male,61,Coimbatore,Tamil Nadu,2024-05-31
C5720,Vivek Malhotra,Male,31,Varanasi,Uttar Pradesh,2024-05-28
C5721,Neha Kapoor,Female,32,Mangaluru,Karnataka,2025-02-27
C5722,Meera Shah,Male,20,Coimbatore,Tamil Nadu,2024-08-04
C5723,Arjun Kapoor,Male,30,Thane,Maharashtra,2025-11-09
C5724,Akash Kapoor,Male,42,Rajkot,Gujarat,2023-09-21
C5725,Sameer Singh,Female,49,Varanasi,Uttar Pradesh,2023-02-16
C5726,Rahul Verma,Male,60,Delhi,Delhi,2024-04-06
C5727,Priya Sharma,Male,46,Hyderabad,Telangana,2024-08-05
C5728,Sneha Shah,Female,64,Thane,Maharashtra,2025-06-18
C5729,Mohit Srivastava,Female,44,Surat,Gujarat,2024-11-27
C5730,Sanjay Joshi,Female,59,Bengaluru,Karnataka,2025-10-25
C5731,Arjun Shah,Male,56,New Delhi,Delhi,2023-04-04
C5732,Sneha Tiwari,Female,41,Indore,Madhya Pradesh,2024-08-11
C5733,Sameer Gupta,Female,59,Delhi,Delhi,2025-06-26
C5734,Shreya Singh,Female,59,Pune,Maharashtra,2024-07-03
C5735,Manish Tiwari,Female,32,Gwalior,Madhya Pradesh,2023-10-30
C5736,Vivek Tiwari,Male,28,Durgapur,West Bengal,2025-04-21
C5737,Mohit Malhotra,Female,23,Jodhpur,Rajasthan,2025-08-16
C5738,Sneha Verma,Female,62,Ghaziabad,Uttar Pradesh,2023-10-11
C5739,Komal Chauhan,Male,39,Ghaziabad,Uttar Pradesh,2024-08-28
C5740,Ananya Bansal,Male,45,Rajkot,Gujarat,2025-05-31
C5741,Nisha Malhotra,Male,31,Nagpur,Maharashtra,2023-06-16
C5742,Rohit Verma,Female,36,Pune,Maharashtra,2023-01-13
C5743,Amit Shah,Male,37,Kolkata,West Bengal,2025-03-20
C5744,Yash Saxena,Female,45,Aurangabad,Maharashtra,2025-04-03
C5745,Karan Srivastava,Female,26,Ghaziabad,Uttar Pradesh,2023-06-22
C5746,Mohit Mehta,Male,55,Agra,Uttar Pradesh,2024-10-15
C5747,Manish Shah,Male,36,Bengaluru,Karnataka,2025-02-27
C5748,Riya Malhotra,Male,29,Rajkot,Gujarat,2025-11-20
C5749,Pooja Shah,Male,18,Gurugram,Haryana,2025-06-03
C5750,Shivam Jain,Female,22,Agra,Uttar Pradesh,2023-08-29
C5751,Rahul Singh,Female,30,Nashik,Maharashtra,2024-09-22
C5752,Ankit Kumar,Female,53,Chennai,Tamil Nadu,2025-03-13
C5753,Ankit Bansal,Other,59,New Delhi,Delhi,2023-10-24
C5754,Komal Sharma,Male,63,Chennai,Tamil Nadu,2023-06-28
C5755,Divya Singh,Female,32,Gwalior,Madhya Pradesh,2024-04-23
C5756,Nikhil Tiwari,Male,48,Salem,Tamil Nadu,2025-02-26
C5757,Varun Kapoor,Female,30,Mysuru,Karnataka,2024-08-01
C5758,Yash Sharma,Male,24,Gaya,Bihar,2024-10-23
C5759,Vikas Mishra,Male,44,Kanpur,Uttar Pradesh,2024-12-30
C5760,Shreya Bansal,Female,48,Bhopal,Madhya Pradesh,2025-11-12
C5761,Shreya Jain,Female,54,Madurai,Tamil Nadu,2024-11-25
C5762,Sameer Patel,Male,23,Coimbatore,Tamil Nadu,2023-05-28
C5763,Sanjay Patel,Male,53,Bhopal,Madhya Pradesh,2024-03-14
C5764,Neha Verma,Female,32,Coimbatore,Tamil Nadu,2023-07-06
C5765,Neha Kapoor,Female,31,Mangaluru,Karnataka,2025-04-10
C5766,Ankit Kumar,Female,19,Aurangabad,Maharashtra,2025-12-27
C5767,Deepak Shah,Male,27,Jaipur,Rajasthan,2025-04-24
C5768,Sneha Gupta,Male,41,Ahmedabad,Gujarat,2023-09-27
C5769,Manish Sharma,Female,27,Nashik,Maharashtra,2025-02-01
C5770,Akash Kumar,Female,33,Jaipur,Rajasthan,2023-01-24
C5771,Suresh Srivastava,Male,43,Jaipur,Rajasthan,2023-10-26
C5772,Priya Gupta,Male,22,Hubballi,Karnataka,2023-11-29
C5773,Rakesh Yadav,Male,60,Kanpur,Uttar Pradesh,2024-05-28
C5774,Ayush Kumar,Female,32,Mangaluru,Karnataka,2023-12-17
C5775,Mohit Kapoor,Male,54,Prayagraj,Uttar Pradesh,2024-04-18
C5776,Neha Jain,Female,49,Noida,Uttar Pradesh,2023-01-11
C5777,Meera Tiwari,Female,54,Mysuru,Karnataka,2025-06-13
C5778,Shreya Malhotra,Male,31,Noida,Uttar Pradesh,2024-03-09
C5779,Nisha Shah,Male,26,Nagpur,Maharashtra,2025-06-03
C5780,Simran Malhotra,Male,24,Jaipur,Rajasthan,2023-03-05
C5781,Vivek Sharma,Male,29,Delhi,Delhi,2025-08-06
C5782,Ankit Chauhan,Female,44,Patna,Bihar,2024-11-16
C5783,Shivam Chauhan,Female,47,Indore,Madhya Pradesh,2023-09-11
C5784,Rohit Yadav,Male,54,Ahmedabad,Gujarat,2025-04-04
C5785,Sameer Joshi,Female,64,Patna,Bihar,2025-03-30
C5786,Arjun Verma,Male,57,Gurugram,Haryana,2025-03-06
C5787,Kavya Shah,Female,35,New Delhi,Delhi,2025-08-11
C5788,Arjun Bansal,Female,40,Durgapur,West Bengal,2025-11-10
C5789,Ananya Tiwari,Male,63,Ghaziabad,Uttar Pradesh,2023-07-02
C5790,Shreya Mishra,Female,52,Kota,Rajasthan,2023-11-06
C5791,Mohit Malhotra,Female,38,Salem,Tamil Nadu,2023-02-13
C5792,Amit Kapoor,Male,57,Ghaziabad,Uttar Pradesh,2023-03-14
C5793,Rohit Verma,Other,24,Nagpur,Maharashtra,2023-04-26
C5794,Simran Joshi,Male,50,Gaya,Bihar,2025-01-27
C5795,Ayush Malhotra,Male,63,Delhi,Delhi,2024-10-25
C5796,Nikhil Bansal,Female,43,Pune,Maharashtra,2023-02-08
C5797,Priya Chauhan,Male,47,Nashik,Maharashtra,2024-04-06
C5798,Komal Sharma,Male,20,Hubballi,Karnataka,2023-05-01
C5799,Nikhil Verma,Male,47,Gurugram,Haryana,2023-08-02
C5800,Pooja Kumar,Male,31,Durgapur,West Bengal,2023-03-02
C5801,Riya Gupta,Male,65,Hubballi,Karnataka,2024-08-01
C5802,Sameer Patel,Male,33,Nashik,Maharashtra,2023-03-30
C5803,Aditya Srivastava,Female,33,Kanpur,Uttar Pradesh,2025-05-10
C5804,Sameer Jain,Male,36,Mysuru,Karnataka,2025-10-17
C5805,Sneha Malhotra,Female,51,Hyderabad,Telangana,2025-07-26
C5806,Arjun Agarwal,Female,63,Kolkata,West Bengal,2025-06-20
C5807,Aditya Mishra,Male,34,Mangaluru,Karnataka,2025-04-03
C5808,Aarav Saxena,Female,28,Vadodara,Gujarat,2025-09-24
C5809,Komal Malhotra,Female,54,Bengaluru,Karnataka,2025-08-27
C5810,Sanjay Agarwal,Female,43,Vadodara,Gujarat,2023-08-25
C5811,Mohit Tiwari,Female,39,Salem,Tamil Nadu,2024-10-23
C5812,Ankit Patel,Male,65,Jaipur,Rajasthan,2023-12-02
C5813,Manish Gupta,Male,41,Chennai,Tamil Nadu,2025-07-05
C5814,Aarav Patel,Female,47,Gwalior,Madhya Pradesh,2023-01-12
C5815,Rohit Malhotra,Female,65,Mangaluru,Karnataka,2024-04-01
C5816,Vivek Agarwal,Female,28,Varanasi,Uttar Pradesh,2024-02-20
C5817,Ayush Saxena,Female,61,Aurangabad,Maharashtra,2025-07-22
C5818,Varun Shah,Male,64,Madurai,Tamil Nadu,2023-11-19
C5819,Aditi Patel,Male,40,Madurai,Tamil Nadu,2025-09-07
C5820,Sameer Srivastava,Female,34,Chennai,Tamil Nadu,2024-06-27
C5821,Rahul Patel,Male,25,Durgapur,West Bengal,2025-01-21
C5822,Neha Jain,Female,20,Thane,Maharashtra,2024-08-04
C5823,Aarav Kumar,Female,65,Jodhpur,Rajasthan,2024-04-16
C5824,Varun Agarwal,Male,38,Udaipur,Rajasthan,2023-11-30
C5825,Ankit Agarwal,Male,50,Mangaluru,Karnataka,2023-11-05
C5826,Aditya Gupta,Female,29,Bengaluru,Karnataka,2023-12-23
C5827,Deepak Mehta,Female,33,Mumbai,Maharashtra,2025-08-04
C5828,Vivek Kumar,Female,57,Mangaluru,Karnataka,2023-05-25
C5829,Rahul Verma,Male,49,Warangal,Telangana,2023-08-24
C5830,Suresh Mehta,Male,28,Bhopal,Madhya Pradesh,2023-02-21
C5831,Shivam Yadav,Male,18,Surat,Gujarat,2025-08-03
C5832,Kavya Joshi,Male,57,Delhi,Delhi,2024-03-29
C5833,Mohit Malhotra,Male,21,Jodhpur,Rajasthan,2023-02-08
C5834,Ayush Mishra,Female,19,Kolkata,West Bengal,2025-10-02
C5835,Ananya Singh,Male,32,New Delhi,Delhi,2025-08-22
C5836,Karan Patel,Female,62,Warangal,Telangana,2023-10-31
C5837,Arjun Singh,Female,48,Varanasi,Uttar Pradesh,2024-12-12
C5838,Simran Shah,Female,20,Agra,Uttar Pradesh,2023-10-04
C5839,Sneha Kapoor,Female,62,Lucknow,Uttar Pradesh,2025-07-12
C5840,Ananya Joshi,Male,63,Noida,Uttar Pradesh,2025-02-22
C5841,Ankit Jain,Female,51,Gurugram,Haryana,2024-05-01
C5842,Ankit Tiwari,Male,21,Bengaluru,Karnataka,2025-10-13
C5843,Riya Kumar,Male,18,Nashik,Maharashtra,2023-09-03
C5844,Sameer Srivastava,Female,59,Bengaluru,Karnataka,2025-12-27
C5845,Sakshi Saxena,Male,57,Bengaluru,Karnataka,2023-11-14
C5846,Riya Jain,Male,57,New Delhi,Delhi,2025-08-31
C5847,Komal Gupta,Female,41,Varanasi,Uttar Pradesh,2025-07-24
C5848,Nisha Gupta,Male,46,Jodhpur,Rajasthan,2024-09-08
C5849,Shivam Tiwari,Male,26,Lucknow,Uttar Pradesh,2023-05-14
C5850,Aditya Verma,Male,19,Durgapur,West Bengal,2025-04-02
C5851,Suresh Srivastava,Male,28,Nagpur,Maharashtra,2025-02-03
C5852,Yash Shah,Female,47,Kolkata,West Bengal,2025-08-05
C5853,Ayush Patel,Female,37,Warangal,Telangana,2023-09-05
C5854,Vikas Joshi,Male,47,Ghaziabad,Uttar Pradesh,2023-09-20
C5855,Neha Verma,Female,39,Agra,Uttar Pradesh,2024-01-22
C5856,Shivam Jain,Other,44,Indore,Madhya Pradesh,2024-02-08
C5857,Pooja Tiwari,Female,63,Mysuru,Karnataka,2023-01-04
C5858,Aarav Verma,Female,48,Vadodara,Gujarat,2023-06-18
C5859,Rakesh Tiwari,Female,63,Ghaziabad,Uttar Pradesh,2024-06-08
C5860,Manish Chauhan,Female,64,Aurangabad,Maharashtra,2025-11-24
C5861,Divya Singh,Female,47,Salem,Tamil Nadu,2023-05-21
C5862,Manish Shah,Male,65,Panipat,Haryana,2023-09-22
C5863,Aarav Gupta,Male,29,Nashik,Maharashtra,2025-07-30
C5864,Vikas Joshi,Male,42,Siliguri,West Bengal,2023-02-12
C5865,Sameer Chauhan,Female,21,Udaipur,Rajasthan,2023-04-18
C5866,Isha Srivastava,Male,22,Prayagraj,Uttar Pradesh,2025-09-01
C5867,Mohit Tiwari,Female,24,Delhi,Delhi,2023-10-02
C5868,Vikas Verma,Male,24,Mumbai,Maharashtra,2023-12-04
C5869,Divya Shah,Female,37,Hubballi,Karnataka,2023-01-17
C5870,Rahul Verma,Male,52,Ahmedabad,Gujarat,2024-03-20
C5871,Karan Srivastava,Male,65,Mysuru,Karnataka,2025-12-23
C5872,Varun Gupta,Male,65,Nagpur,Maharashtra,2025-12-15
C5873,Suresh Gupta,Female,26,Kota,Rajasthan,2024-12-03
C5874,Nisha Sharma,Female,38,Ahmedabad,Gujarat,2025-01-09
C5875,Sanjay Gupta,Male,38,Coimbatore,Tamil Nadu,2024-12-05
C5876,Isha Gupta,Female,22,Coimbatore,Tamil Nadu,2025-01-30
C5877,Deepak Singh,Female,19,Mumbai,Maharashtra,2024-07-22
C5878,Rohit Srivastava,Female,34,Jaipur,Rajasthan,2023-08-14
C5879,Manish Bansal,Female,59,New Delhi,Delhi,2025-08-08
C5880,Riya Yadav,Male,36,Delhi,Delhi,2025-08-21
C5881,Akash Bansal,Female,36,Kanpur,Uttar Pradesh,2023-06-07
C5882,Aarav Jain,Male,65,Rajkot,Gujarat,2023-04-14
C5883,Aditi Bansal,Female,36,Vadodara,Gujarat,2025-05-18
C5884,Aditya Mishra,Female,50,Delhi,Delhi,2023-02-22
C5885,Manish Mehta,Male,65,Panipat,Haryana,2025-06-02
C5886,Rahul Agarwal,Male,23,Panipat,Haryana,2025-12-11
C5887,Mohit Gupta,Female,42,Prayagraj,Uttar Pradesh,2023-02-09
C5888,Karan Mehta,Female,34,Jaipur,Rajasthan,2025-05-24
C5889,Suresh Bansal,Female,23,Mangaluru,Karnataka,2023-05-26
C5890,Rahul Bansal,Female,20,Patna,Bihar,2023-11-14
C5891,Sakshi Agarwal,Female,49,Thane,Maharashtra,2024-08-22
C5892,Mohit Shah,Male,49,Nashik,Maharashtra,2025-01-14
C5893,Manish Bansal,Female,44,Hubballi,Karnataka,2023-04-09
C5894,Deepak Singh,Male,50,Nashik,Maharashtra,2023-04-30
C5895,Priya Singh,Female,52,Jodhpur,Rajasthan,2023-11-06
C5896,Deepak Agarwal,Female,20,Coimbatore,Tamil Nadu,2025-01-16
C5897,Aarav Verma,Male,19,Nashik,Maharashtra,2024-03-18
C5898,Riya Agarwal,Female,34,Coimbatore,Tamil Nadu,2023-10-29
C5899,Simran Singh,Female,45,Faridabad,Haryana,2023-06-22
C5900,Sneha Mehta,Male,61,Hyderabad,Telangana,2025-11-26
C5901,Sanjay Malhotra,Female,65,Madurai,Tamil Nadu,2025-02-10
C5902,Akash Bansal,Female,57,Pune,Maharashtra,2025-12-15
C5903,Meera Malhotra,Female,31,Nashik,Maharashtra,2024-06-26
C5904,Kavya Agarwal,Male,45,Gurugram,Haryana,2025-06-15
C5905,Sneha Tiwari,Male,23,Kolkata,West Bengal,2024-12-01
C5906,Simran Kapoor,Female,41,Surat,Gujarat,2024-07-29
C5907,Riya Shah,Male,22,Gurugram,Haryana,2024-06-03
C5908,Tanya Verma,Male,65,Varanasi,Uttar Pradesh,2024-07-01
C5909,Tanya Joshi,Female,39,Udaipur,Rajasthan,2024-03-27
C5910,Sameer Mehta,Female,52,Aurangabad,Maharashtra,2024-12-01
C5911,Vivek Malhotra,Female,22,Lucknow,Uttar Pradesh,2024-06-23
C5912,Amit Bansal,Female,63,Mangaluru,Karnataka,2025-11-28
C5913,Suresh Tiwari,Male,43,Delhi,Delhi,2025-09-11
C5914,Komal Tiwari,Male,21,Gwalior,Madhya Pradesh,2024-05-23
C5915,Aditi Joshi,Female,35,Delhi,Delhi,2024-03-09
C5916,Komal Chauhan,Male,28,Warangal,Telangana,2025-04-11
C5917,Riya Tiwari,Male,21,Durgapur,West Bengal,2024-12-04
C5918,Simran Sharma,Female,19,Jaipur,Rajasthan,2023-09-11
C5919,Simran Joshi,Male,52,Bhopal,Madhya Pradesh,2025-07-02
C5920,Rohit Gupta,Female,59,Mangaluru,Karnataka,2025-01-17
C5921,Rakesh Yadav,Female,49,Delhi,Delhi,2024-11-11
C5922,Nikhil Yadav,Female,51,Nagpur,Maharashtra,2025-05-06
C5923,Tanya Patel,Male,19,Pune,Maharashtra,2023-09-05
C5924,Ananya Sharma,Male,26,Faridabad,Haryana,2025-05-25
C5925,Aditya Verma,Female,19,Mangaluru,Karnataka,2023-05-14
C5926,Varun Sharma,Female,64,New Delhi,Delhi,2025-05-18
C5927,Simran Malhotra,Male,53,Nashik,Maharashtra,2024-10-09
C5928,Divya Srivastava,Male,63,Salem,Tamil Nadu,2024-09-29
C5929,Kavya Chauhan,Female,61,Siliguri,West Bengal,2025-03-07
C5930,Sakshi Jain,Male,28,Aurangabad,Maharashtra,2023-12-07
C5931,Akash Yadav,Male,42,Siliguri,West Bengal,2025-04-21
C5932,Akash Srivastava,Male,49,Ahmedabad,Gujarat,2023-01-29
C5933,Ananya Kumar,Male,53,Warangal,Telangana,2025-01-29
C5934,Ananya Chauhan,Male,50,Pune,Maharashtra,2025-05-19
C5935,Tanya Kapoor,Male,39,Ahmedabad,Gujarat,2023-01-04
C5936,Akash Shah,Female,18,Lucknow,Uttar Pradesh,2025-01-30
C5937,Komal Singh,Female,63,Delhi,Delhi,2025-04-27
C5938,Vikas Sharma,Male,51,Durgapur,West Bengal,2024-07-25
C5939,Vivek Shah,Male,58,Surat,Gujarat,2024-10-24
C5940,Simran Jain,Female,28,Nashik,Maharashtra,2023-03-07
C5941,Vikas Saxena,Male,23,Faridabad,Haryana,2025-12-18
C5942,Manish Joshi,Male,61,Lucknow,Uttar Pradesh,2025-11-24
C5943,Pooja Jain,Female,56,Rajkot,Gujarat,2025-04-17
C5944,Vikas Verma,Female,58,Muzaffarpur,Bihar,2023-01-17
C5945,Ananya Patel,Female,39,Coimbatore,Tamil Nadu,2024-04-16
C5946,Vivek Gupta,Male,61,Hyderabad,Telangana,2025-01-10
C5947,Meera Malhotra,Male,28,Rajkot,Gujarat,2025-09-17
C5948,Priya Joshi,Male,54,Hyderabad,Telangana,2024-11-05
C5949,Riya Saxena,Female,41,Jodhpur,Rajasthan,2025-02-20
C5950,Simran Jain,Male,25,Jodhpur,Rajasthan,2024-01-05
C5951,Nisha Yadav,Male,52,Nagpur,Maharashtra,2025-06-09
C5952,Nisha Saxena,Male,35,Siliguri,West Bengal,2024-08-07
C5953,Rahul Malhotra,Female,25,Mumbai,Maharashtra,2025-05-26
C5954,Nikhil Kapoor,Male,52,Gaya,Bihar,2023-08-12
C5955,Sneha Shah,Male,55,Nagpur,Maharashtra,2023-10-21
C5956,Komal Srivastava,Female,33,Pune,Maharashtra,2023-04-07
C5957,Ayush Verma,Female,64,Faridabad,Haryana,2025-01-09
C5958,Tanya Jain,Female,52,Nagpur,Maharashtra,2025-03-13
C5959,Manish Bansal,Female,19,New Delhi,Delhi,2023-11-07
C5960,Sameer Kumar,Male,34,Durgapur,West Bengal,2024-02-25
C5961,Amit Saxena,Female,64,Agra,Uttar Pradesh,2024-09-15
C5962,Varun Agarwal,Male,26,Agra,Uttar Pradesh,2025-04-07
C5963,Ankit Kumar,Female,63,Coimbatore,Tamil Nadu,2023-11-28
C5964,Ankit Singh,Male,42,Aurangabad,Maharashtra,2024-06-18
C5965,Sanjay Saxena,Female,50,Mumbai,Maharashtra,2023-07-23
C5966,Sameer Bansal,Female,50,Agra,Uttar Pradesh,2025-06-05
C5967,Meera Yadav,Male,42,New Delhi,Delhi,2025-08-14
C5968,Karan Kumar,Male,42,Delhi,Delhi,2025-03-20
C5969,Kavya Verma,Female,45,Kanpur,Uttar Pradesh,2025-06-11
C5970,Varun Verma,Male,48,Surat,Gujarat,2025-04-16
C5971,Ayush Kapoor,Female,53,Ahmedabad,Gujarat,2025-07-04
C5972,Riya Verma,Male,39,Prayagraj,Uttar Pradesh,2024-04-15
C5973,Sneha Verma,Female,38,New Delhi,Delhi,2023-08-14
C5974,Vikas Sharma,Female,55,Gurugram,Haryana,2025-11-18
C5975,Sakshi Mehta,Male,54,Rajkot,Gujarat,2023-01-03
C5976,Mohit Malhotra,Female,49,Bengaluru,Karnataka,2024-03-19
C5977,Neha Malhotra,Female,40,Mysuru,Karnataka,2025-03-06
C5978,Divya Mehta,Female,45,Mumbai,Maharashtra,2025-05-18
C5979,Varun Chauhan,Female,45,Hyderabad,Telangana,2025-01-20
C5980,Mohit Patel,Female,38,Indore,Madhya Pradesh,2024-06-20
C5981,Priya Srivastava,Male,26,Indore,Madhya Pradesh,2025-10-07
C5982,Tanya Joshi,Male,43,Aurangabad,Maharashtra,2023-09-15
C5983,Vivek Singh,Male,39,New Delhi,Delhi,2023-06-05
C5984,Varun Saxena,Female,20,Aurangabad,Maharashtra,2024-11-19
C5985,Sneha Mehta,Female,63,New Delhi,Delhi,2023-12-17
C5986,Simran Malhotra,Male,50,Delhi,Delhi,2024-05-28
C5987,Yash Gupta,Female,23,Ahmedabad,Gujarat,2024-05-15
C5988,Shivam Jain,Male,27,Mumbai,Maharashtra,2023-10-17
C5989,Ankit Srivastava,Female,45,Indore,Madhya Pradesh,2025-12-29
C5990,Yash Verma,Female,59,Ghaziabad,Uttar Pradesh,2024-02-23
C5991,Priya Sharma,Female,41,Varanasi,Uttar Pradesh,2025-01-04
C5992,Aditya Yadav,Female,56,Panipat,Haryana,2023-06-25
C5993,Sameer Patel,Female,24,Kota,Rajasthan,2025-12-21
C5994,Rakesh Saxena,Male,43,New Delhi,Delhi,2025-12-16
C5995,Vikas Joshi,Female,57,Vadodara,Gujarat,2023-03-17
C5996,Ananya Tiwari,Male,58,Nashik,Maharashtra,2024-12-05
C5997,Akash Patel,Female,29,Nashik,Maharashtra,2024-10-13
C5998,Neha Agarwal,Female,50,Mangaluru,Karnataka,2023-07-10
C5999,Aditya Verma,Male,19,New Delhi,Delhi,2025-04-22
C6000,Sakshi Verma,Male,24,Ahmedabad,Gujarat,2025-04-17
