customer_id,customer_name,gender,age,city,state,signup_date,Recency,Frequency,Monetary,R_Score,F_Score,M_Score,RFM_Score,RFM_Total,Segment,Purchase_Status
C1001,Amit Shah,Female,58,Siliguri,West Bengal,2025-09-12,56,6,236225.66999999998,4,3,3,433,10,Loyal Customers,Purchased
C1002,Rohit Kapoor,Male,39,Bengaluru,Karnataka,2025-03-22,28,11,260935.8,4,4,4,444,12,Champions,Purchased
C1003,Rohit Gupta,Male,51,Faridabad,Haryana,2023-08-15,32,3,4278.49,4,2,1,421,7,New Customers,Purchased
C1004,Mohit Jain,Female,64,Udaipur,Rajasthan,2025-12-26,27,13,485127.79,4,5,5,455,14,Champions,Purchased
C1005,Aditya Shah,Female,20,Lucknow,Uttar Pradesh,2025-12-22,91,5,251061.89,3,2,4,324,9,Potential Loyalists,Purchased
C1006,Sanjay Kapoor,Male,23,Muzaffarpur,Bihar,2023-02-14,309,2,138663.78,1,1,3,113,5,At Risk,Purchased
C1007,Mohit Chauhan,Female,62,Siliguri,West Bengal,2023-01-29,162,4,194877.47999999998,2,2,3,223,7,At Risk,Purchased
C1008,Shivam Saxena,Female,45,Hyderabad,Telangana,2023-09-26,177,8,160191.06,2,4,3,243,9,At Risk,Purchased
C1009,Suresh Joshi,Female,47,Ghaziabad,Uttar Pradesh,2025-05-19,356,2,49262.600000000006,1,1,1,111,3,Hibernating,Purchased
C1010,Aditi Mehta,Female,34,Bengaluru,Karnataka,2024-10-16,35,5,53690.15,4,2,2,422,8,New Customers,Purchased
C1011,Arjun Joshi,Male,57,Delhi,Delhi,2024-07-15,84,14,448437.32,3,5,5,355,13,Loyal Customers,Purchased
C1012,Sneha Shah,Male,49,Bhopal,Madhya Pradesh,2024-03-30,74,3,166887.05,3,2,3,323,8,Potential Loyalists,Purchased
C1013,Manish Singh,Male,30,Udaipur,Rajasthan,2024-06-09,433,2,69663.18,1,1,2,112,4,Hibernating,Purchased
C1014,Shivam Malhotra,Female,49,Warangal,Telangana,2024-11-29,67,16,667042.4299999999,3,5,5,355,13,Loyal Customers,Purchased
C1015,Priya Kapoor,Female,18,Mangaluru,Karnataka,2023-03-11,,,,,,,,,No Purchase,No Purchase
C1016,Vikas Shah,Female,29,Nashik,Maharashtra,2024-10-04,25,11,821638.4,4,4,5,445,13,Champions,Purchased
C1017,Aditi Srivastava,Female,27,Salem,Tamil Nadu,2023-08-30,454,1,30587.67,1,1,1,111,3,Hibernating,Purchased
C1018,Pooja Malhotra,Male,55,Varanasi,Uttar Pradesh,2025-05-12,364,1,133543.64,1,1,3,113,5,At Risk,Purchased
C1019,Rakesh Agarwal,Male,53,Warangal,Telangana,2023-08-02,89,3,53583.64,3,2,2,322,7,Potential Loyalists,Purchased
C1020,Sameer Sharma,Male,22,Surat,Gujarat,2023-03-19,159,3,61316.93000000001,2,2,2,222,6,Hibernating,Purchased
C1021,Simran Singh,Male,61,Kolkata,West Bengal,2024-04-21,43,2,71412.18,4,1,2,412,7,New Customers,Purchased
C1022,Riya Agarwal,Female,57,New Delhi,Delhi,2024-04-27,693,1,67588.28,1,1,2,112,4,Hibernating,Purchased
C1023,Aditi Patel,Female,38,Gaya,Bihar,2024-07-21,53,2,34443.369999999995,4,1,1,411,6,New Customers,Purchased
C1024,Komal Gupta,Male,28,Faridabad,Haryana,2025-07-30,92,24,1011739.98,3,5,5,355,13,Loyal Customers,Purchased
C1025,Kavya Gupta,Female,38,Kolkata,West Bengal,2025-02-05,32,7,315398.33999999997,4,3,4,434,11,Loyal Customers,Purchased
C1026,Ananya Verma,Male,46,Pune,Maharashtra,2024-02-02,111,5,37362.54,3,2,1,321,6,Potential Loyalists,Purchased
C1027,Rohit Bansal,Female,48,Hubballi,Karnataka,2025-03-06,28,16,322551.66000000003,4,5,4,454,13,Champions,Purchased
C1028,Shreya Bansal,Male,34,Prayagraj,Uttar Pradesh,2024-07-05,48,7,205639.07999999996,4,3,3,433,10,Loyal Customers,Purchased
C1029,Sneha Agarwal,Female,22,Prayagraj,Uttar Pradesh,2023-09-03,17,9,384070.31,5,4,4,544,13,Champions,Purchased
C1030,Rakesh Gupta,Male,47,Jaipur,Rajasthan,2023-01-24,256,2,12768.71,1,1,1,111,3,Hibernating,Purchased
C1031,Shreya Kumar,Male,51,Kolkata,West Bengal,2023-01-05,53,13,695683.4099999999,4,5,5,455,14,Champions,Purchased
C1032,Varun Singh,Female,30,Patna,Bihar,2023-09-03,219,3,86659.19,2,2,2,222,6,Hibernating,Purchased
C1033,Divya Agarwal,Male,48,Delhi,Delhi,2025-06-15,26,6,118599.57,4,3,2,432,9,Potential Loyalists,Purchased
C1034,Shreya Sharma,Male,45,Delhi,Delhi,2024-05-22,3,7,169302.16,5,3,3,533,11,Loyal Customers,Purchased
C1035,Karan Mishra,Male,42,Hubballi,Karnataka,2024-05-09,21,6,246736.38000000003,5,3,4,534,12,Loyal Customers,Purchased
C1036,Suresh Chauhan,Female,18,Nagpur,Maharashtra,2024-03-12,3,21,599418.58,5,5,5,555,15,Champions,Purchased
C1037,Sameer Shah,Male,32,Agra,Uttar Pradesh,2023-10-08,79,12,313480.64,3,4,4,344,11,Loyal Customers,Purchased
C1038,Meera Saxena,Female,35,Mangaluru,Karnataka,2025-02-21,319,8,662511.67,1,4,5,145,10,Can't Lose Them,Purchased
C1039,Ananya Kumar,Female,58,Aurangabad,Maharashtra,2023-01-14,31,9,232573.72,4,4,3,443,11,Loyal Customers,Purchased
C1040,Divya Yadav,Female,57,Jodhpur,Rajasthan,2024-11-01,126,6,462899.54000000004,2,3,5,235,10,At Risk,Purchased
C1041,Pooja Tiwari,Male,59,Mangaluru,Karnataka,2025-10-22,153,13,292861.91000000003,2,5,4,254,11,Can't Lose Them,Purchased
C1042,Shivam Agarwal,Female,40,Warangal,Telangana,2025-08-21,186,3,235171.55,2,2,3,223,7,At Risk,Purchased
C1043,Divya Joshi,Male,33,Jodhpur,Rajasthan,2024-02-09,131,2,145772.91999999998,2,1,3,213,6,At Risk,Purchased
C1044,Karan Chauhan,Female,41,Delhi,Delhi,2025-07-24,80,2,88682.07999999999,3,1,2,312,6,Potential Loyalists,Purchased
C1045,Priya Mehta,Male,56,Warangal,Telangana,2023-09-18,198,1,70556.44,2,1,2,212,5,Hibernating,Purchased
C1046,Rakesh Mishra,Female,47,Warangal,Telangana,2023-09-22,2,15,208971.59,5,5,3,553,13,Loyal Customers,Purchased
C1047,Pooja Shah,Female,46,New Delhi,Delhi,2024-01-12,21,16,562396.24,5,5,5,555,15,Champions,Purchased
C1048,Karan Singh,Male,38,Nashik,Maharashtra,2023-01-20,,,,,,,,,No Purchase,No Purchase
C1049,Kavya Kumar,Male,51,Jodhpur,Rajasthan,2023-10-18,108,7,233602.13,3,3,3,333,9,Loyal Customers,Purchased
C1050,Shreya Sharma,Male,59,Varanasi,Uttar Pradesh,2025-07-24,,,,,,,,,No Purchase,No Purchase
C1051,Manish Srivastava,Female,50,Pune,Maharashtra,2025-04-14,136,5,89918.17,2,2,2,222,6,Hibernating,Purchased
C1052,Rohit Malhotra,Male,37,Varanasi,Uttar Pradesh,2023-12-27,90,10,302916.22000000003,3,4,4,344,11,Loyal Customers,Purchased
C1053,Shivam Yadav,Female,58,Warangal,Telangana,2023-12-09,234,7,189343.02000000002,2,3,3,233,8,At Risk,Purchased
C1054,Sanjay Verma,Female,63,Jodhpur,Rajasthan,2024-01-16,70,8,177674.22,3,4,3,343,10,Loyal Customers,Purchased
C1055,Sanjay Malhotra,Female,56,Jodhpur,Rajasthan,2023-05-11,97,6,57616.0,3,3,2,332,8,Potential Loyalists,Purchased
C1056,Simran Tiwari,Male,60,Hyderabad,Telangana,2023-06-23,241,2,455.6,1,1,1,111,3,Hibernating,Purchased
C1057,Aarav Yadav,Male,30,Mangaluru,Karnataka,2025-12-23,151,2,233007.37000000002,2,1,3,213,6,At Risk,Purchased
C1058,Riya Mishra,Male,38,Vadodara,Gujarat,2025-01-28,112,4,89101.17,3,2,2,322,7,Potential Loyalists,Purchased
C1059,Sameer Srivastava,Female,29,Agra,Uttar Pradesh,2025-01-11,18,5,42463.729999999996,5,2,1,521,8,New Customers,Purchased
C1060,Karan Srivastava,Male,35,Noida,Uttar Pradesh,2023-11-03,16,2,172974.4,5,1,3,513,9,New Customers,Purchased
C1061,Simran Tiwari,Male,53,Jaipur,Rajasthan,2025-07-26,6,9,130611.88,5,4,3,543,12,Loyal Customers,Purchased
C1062,Akash Yadav,Male,50,Bengaluru,Karnataka,2023-07-13,42,4,79426.86,4,2,2,422,8,New Customers,Purchased
C1063,Ananya Kumar,Female,18,Rajkot,Gujarat,2025-11-26,30,9,142786.0,4,4,3,443,11,Loyal Customers,Purchased
C1064,Akash Jain,Female,54,Durgapur,West Bengal,2024-07-05,99,17,1164443.74,3,5,5,355,13,Loyal Customers,Purchased
C1065,Amit Yadav,Male,27,Ahmedabad,Gujarat,2023-12-29,38,4,146367.2,4,2,3,423,9,New Customers,Purchased
C1066,Aditya Srivastava,Male,26,Chennai,Tamil Nadu,2025-04-01,189,5,45104.64,2,2,1,221,5,Hibernating,Purchased
C1067,Komal Sharma,Male,44,Salem,Tamil Nadu,2024-04-01,497,1,277.35999999999996,1,1,1,111,3,Hibernating,Purchased
C1068,Shivam Joshi,Male,29,Delhi,Delhi,2023-10-23,18,11,315597.22,5,4,4,544,13,Champions,Purchased
C1069,Arjun Tiwari,Other,64,Kanpur,Uttar Pradesh,2025-01-18,47,7,230551.18,4,3,3,433,10,Loyal Customers,Purchased
C1070,Nikhil Chauhan,Male,25,Mangaluru,Karnataka,2025-03-01,21,7,95097.96,5,3,2,532,10,Potential Loyalists,Purchased
C1071,Ananya Malhotra,Female,25,Pune,Maharashtra,2024-10-22,49,10,745517.1000000001,4,4,5,445,13,Champions,Purchased
C1072,Arjun Tiwari,Female,54,Bengaluru,Karnataka,2024-05-20,28,18,499736.14999999997,4,5,5,455,14,Champions,Purchased
C1073,Sameer Singh,Female,31,Faridabad,Haryana,2023-12-27,51,9,312801.63,4,4,4,444,12,Champions,Purchased
C1074,Divya Agarwal,Male,52,Aurangabad,Maharashtra,2024-03-18,,,,,,,,,No Purchase,No Purchase
C1075,Aarav Sharma,Female,50,Prayagraj,Uttar Pradesh,2025-08-15,534,3,136940.3,1,2,3,123,6,At Risk,Purchased
C1076,Komal Chauhan,Male,27,Pune,Maharashtra,2024-01-29,,,,,,,,,No Purchase,No Purchase
C1077,Riya Tiwari,Male,45,Delhi,Delhi,2025-11-25,120,6,68270.54,2,3,2,232,7,At Risk,Purchased
C1078,Shivam Sharma,Female,43,Kota,Rajasthan,2023-06-09,13,5,26322.859999999997,5,2,1,521,8,New Customers,Purchased
C1079,Sneha Sharma,Male,22,Salem,Tamil Nadu,2023-06-28,,,,,,,,,No Purchase,No Purchase
C1080,Vivek Agarwal,Male,54,Warangal,Telangana,2023-12-31,11,17,813357.61,5,5,5,555,15,Champions,Purchased
C1081,Arjun Yadav,Male,59,Jaipur,Rajasthan,2023-01-04,186,1,126.00999999999999,2,1,1,211,4,Hibernating,Purchased
C1082,Shreya Saxena,Male,63,Bengaluru,Karnataka,2025-08-20,123,11,540121.1000000001,2,4,5,245,11,Can't Lose Them,Purchased
C1083,Rohit Gupta,Female,22,Hyderabad,Telangana,2024-01-08,88,15,589486.74,3,5,5,355,13,Loyal Customers,Purchased
C1084,Rakesh Bansal,Female,26,Mumbai,Maharashtra,2023-04-22,88,4,65288.600000000006,3,2,2,322,7,Potential Loyalists,Purchased
C1085,Nikhil Mehta,Female,57,Lucknow,Uttar Pradesh,2024-11-08,68,1,2349.02,3,1,1,311,5,Potential Loyalists,Purchased
C1086,Tanya Agarwal,Male,32,Kanpur,Uttar Pradesh,2025-11-15,706,1,1156.9,1,1,1,111,3,Hibernating,Purchased
C1087,Aditi Kumar,Male,48,Siliguri,West Bengal,2025-12-24,477,3,109521.97,1,2,2,122,5,Hibernating,Purchased
C1088,Sameer Chauhan,Male,34,Mysuru,Karnataka,2023-04-28,11,10,197290.58,5,4,3,543,12,Loyal Customers,Purchased
C1089,Suresh Joshi,Female,28,Nagpur,Maharashtra,2025-05-18,22,5,84937.83,5,2,2,522,9,New Customers,Purchased
C1090,Manish Jain,Female,47,Chennai,Tamil Nadu,2024-02-01,156,3,56235.22,2,2,2,222,6,Hibernating,Purchased
C1091,Aditi Agarwal,Female,27,Lucknow,Uttar Pradesh,2025-07-04,57,8,153580.44,4,4,3,443,11,Loyal Customers,Purchased
C1092,Sameer Tiwari,Female,24,Kota,Rajasthan,2024-10-25,36,5,38824.130000000005,4,2,1,421,7,New Customers,Purchased
C1093,Rakesh Saxena,Female,43,Mangaluru,Karnataka,2025-03-12,438,3,13608.529999999999,1,2,1,121,4,Hibernating,Purchased
C1094,Aarav Saxena,Male,27,New Delhi,Delhi,2025-07-06,75,2,99260.34999999999,3,1,2,312,6,Potential Loyalists,Purchased
C1095,Divya Joshi,Female,27,Delhi,Delhi,2025-09-07,332,3,46196.719999999994,1,2,1,121,4,Hibernating,Purchased
C1096,Komal Srivastava,Female,55,Rajkot,Gujarat,2023-06-07,343,3,14320.71,1,2,1,121,4,Hibernating,Purchased
C1097,Shivam Yadav,Female,43,Delhi,Delhi,2025-03-03,59,4,88655.3,3,2,2,322,7,Potential Loyalists,Purchased
C1098,Rahul Kapoor,Male,44,Lucknow,Uttar Pradesh,2023-06-04,61,6,566578.01,3,3,5,335,11,Loyal Customers,Purchased
C1099,Rahul Jain,Female,24,Varanasi,Uttar Pradesh,2025-10-30,29,1,30441.15,4,1,1,411,6,New Customers,Purchased
C1100,Nikhil Mehta,Male,25,Muzaffarpur,Bihar,2024-11-19,88,4,79236.31,3,2,2,322,7,Potential Loyalists,Purchased
C1101,Aditi Chauhan,Female,36,Gwalior,Madhya Pradesh,2023-07-30,49,5,103079.65000000001,4,2,2,422,8,New Customers,Purchased
C1102,Ananya Chauhan,Female,36,Jaipur,Rajasthan,2023-11-17,1,12,298650.14999999997,5,4,4,544,13,Champions,Purchased
C1103,Aditi Shah,Female,39,Aurangabad,Maharashtra,2025-09-07,448,1,841.3,1,1,1,111,3,Hibernating,Purchased
C1104,Nikhil Mehta,Male,24,Gaya,Bihar,2024-12-06,418,1,14469.400000000001,1,1,1,111,3,Hibernating,Purchased
C1105,Nisha Srivastava,Male,61,Siliguri,West Bengal,2023-09-09,103,8,382644.24,3,4,4,344,11,Loyal Customers,Purchased
C1106,Aarav Chauhan,Female,35,Siliguri,West Bengal,2025-06-17,71,5,117934.26000000001,3,2,2,322,7,Potential Loyalists,Purchased
C1107,Shreya Bansal,Female,57,Hubballi,Karnataka,2025-02-25,18,5,192325.28,5,2,3,523,10,New Customers,Purchased
C1108,Arjun Singh,Female,37,Mumbai,Maharashtra,2023-03-26,69,9,299065.2,3,4,4,344,11,Loyal Customers,Purchased
C1109,Neha Mishra,Male,40,Agra,Uttar Pradesh,2023-11-07,15,25,580944.2100000001,5,5,5,555,15,Champions,Purchased
C1110,Vikas Srivastava,Female,23,Gwalior,Madhya Pradesh,2025-07-13,118,12,619016.06,2,4,5,245,11,Can't Lose Them,Purchased
C1111,Nisha Bansal,Female,50,Mangaluru,Karnataka,2024-01-20,253,3,96156.79,1,2,2,122,5,Hibernating,Purchased
C1112,Akash Kapoor,Male,20,Pune,Maharashtra,2023-02-11,15,4,266180.72,5,2,4,524,11,New Customers,Purchased
C1113,Amit Malhotra,Male,53,New Delhi,Delhi,2024-10-23,52,6,259240.18,4,3,4,434,11,Loyal Customers,Purchased
C1114,Neha Jain,Female,60,Vadodara,Gujarat,2025-09-11,4,8,309524.99,5,4,4,544,13,Champions,Purchased
C1115,Kavya Jain,Male,35,Thane,Maharashtra,2024-09-01,5,3,26089.97,5,2,1,521,8,New Customers,Purchased
C1116,Ankit Saxena,Female,60,Faridabad,Haryana,2025-12-04,170,2,7581.370000000001,2,1,1,211,4,Hibernating,Purchased
C1117,Meera Yadav,Female,51,Durgapur,West Bengal,2023-05-05,171,8,123931.93000000001,2,4,2,242,8,At Risk,Purchased
C1118,Rahul Malhotra,Male,18,Siliguri,West Bengal,2024-12-31,135,17,944772.12,2,5,5,255,12,Can't Lose Them,Purchased
C1119,Deepak Kapoor,Male,27,Mangaluru,Karnataka,2025-12-13,167,4,34471.07,2,2,1,221,5,Hibernating,Purchased
C1120,Komal Saxena,Other,48,Ahmedabad,Gujarat,2024-07-24,37,7,368989.68000000005,4,3,4,434,11,Loyal Customers,Purchased
C1121,Riya Mishra,Female,51,Vadodara,Gujarat,2025-06-19,120,4,70742.16,2,2,2,222,6,Hibernating,Purchased
C1122,Manish Kapoor,Female,22,Jaipur,Rajasthan,2023-06-09,293,7,236639.66999999998,1,3,3,133,7,At Risk,Purchased
C1123,Pooja Kumar,Female,50,Prayagraj,Uttar Pradesh,2023-02-18,182,3,24705.03,2,2,1,221,5,Hibernating,Purchased
C1124,Shreya Kumar,Female,56,Bengaluru,Karnataka,2025-02-23,10,4,145310.23,5,2,3,523,10,New Customers,Purchased
C1125,Aditya Jain,Female,22,Ghaziabad,Uttar Pradesh,2023-01-05,221,6,224864.97,2,3,3,233,8,At Risk,Purchased
C1126,Meera Singh,Female,60,Coimbatore,Tamil Nadu,2025-08-15,4,13,748201.5599999999,5,5,5,555,15,Champions,Purchased
C1127,Ayush Tiwari,Female,43,New Delhi,Delhi,2023-01-23,79,6,141440.1,3,3,3,333,9,Loyal Customers,Purchased
C1128,Riya Tiwari,Male,47,Lucknow,Uttar Pradesh,2025-01-23,119,9,443765.68,2,4,5,245,11,Can't Lose Them,Purchased
C1129,Tanya Sharma,Male,20,Lucknow,Uttar Pradesh,2024-05-09,24,16,757081.48,5,5,5,555,15,Champions,Purchased
C1130,Neha Saxena,Female,47,Rajkot,Gujarat,2024-12-07,12,11,345663.25,5,4,4,544,13,Champions,Purchased
C1131,Priya Shah,Male,39,Pune,Maharashtra,2024-11-13,,,,,,,,,No Purchase,No Purchase
C1132,Rohit Kapoor,Female,35,Bhopal,Madhya Pradesh,2024-05-01,11,12,286520.76999999996,5,4,4,544,13,Champions,Purchased
C1133,Komal Srivastava,Female,55,Rajkot,Gujarat,2024-06-11,13,6,151612.53,5,3,3,533,11,Loyal Customers,Purchased
C1134,Sanjay Mehta,Male,29,Delhi,Delhi,2024-07-05,15,18,577152.02,5,5,5,555,15,Champions,Purchased
C1135,Mohit Kumar,Male,20,Ahmedabad,Gujarat,2025-01-11,183,1,2517.22,2,1,1,211,4,Hibernating,Purchased
C1136,Sneha Sharma,Female,41,Kanpur,Uttar Pradesh,2025-02-16,20,10,209161.15,5,4,3,543,12,Loyal Customers,Purchased
C1137,Shreya Patel,Male,53,Gaya,Bihar,2024-05-07,21,10,308208.44,5,4,4,544,13,Champions,Purchased
C1138,Vikas Tiwari,Female,24,Coimbatore,Tamil Nadu,2024-01-21,533,2,124867.88,1,1,2,112,4,Hibernating,Purchased
C1139,Rohit Mehta,Female,65,Hyderabad,Telangana,2023-02-16,16,10,330644.19,5,4,4,544,13,Champions,Purchased
C1140,Priya Agarwal,Male,50,Agra,Uttar Pradesh,2025-05-03,2,13,540949.27,5,5,5,555,15,Champions,Purchased
C1141,Amit Sharma,Female,62,Coimbatore,Tamil Nadu,2023-09-05,225,4,94398.34,2,2,2,222,6,Hibernating,Purchased
C1142,Sneha Tiwari,Female,40,Coimbatore,Tamil Nadu,2024-04-20,710,1,1013.9100000000001,1,1,1,111,3,Hibernating,Purchased
C1143,Akash Mishra,Male,23,Bhopal,Madhya Pradesh,2025-12-22,133,12,364089.93,2,4,4,244,10,Can't Lose Them,Purchased
C1144,Sameer Kapoor,Male,26,Surat,Gujarat,2025-05-09,113,4,29557.92,3,2,1,321,6,Potential Loyalists,Purchased
C1145,Suresh Malhotra,Male,42,Bengaluru,Karnataka,2024-01-14,27,11,391302.76,4,4,4,444,12,Champions,Purchased
C1146,Amit Yadav,Female,46,Nagpur,Maharashtra,2024-06-04,40,8,139197.75,4,4,3,443,11,Loyal Customers,Purchased
C1147,Pooja Singh,Male,53,Delhi,Delhi,2023-12-22,13,3,69340.79,5,2,2,522,9,New Customers,Purchased
C1148,Meera Agarwal,Male,56,Madurai,Tamil Nadu,2024-11-16,29,4,266102.35,4,2,4,424,10,New Customers,Purchased
C1149,Aditya Mishra,Male,54,Mangaluru,Karnataka,2023-06-17,153,8,370157.11,2,4,4,244,10,Can't Lose Them,Purchased
C1150,Tanya Kapoor,Male,46,Ghaziabad,Uttar Pradesh,2025-11-09,713,1,7337.61,1,1,1,111,3,Hibernating,Purchased
C1151,Shreya Saxena,Male,18,Warangal,Telangana,2025-12-16,36,2,23127.1,4,1,1,411,6,New Customers,Purchased
C1152,Yash Verma,Female,43,Gurugram,Haryana,2023-11-23,132,4,167417.93,2,2,3,223,7,At Risk,Purchased
C1153,Nikhil Shah,Male,57,Kanpur,Uttar Pradesh,2023-09-10,10,15,410928.32,5,5,4,554,14,Champions,Purchased
C1154,Aditya Sharma,Female,58,Coimbatore,Tamil Nadu,2024-08-13,12,7,195230.75,5,3,3,533,11,Loyal Customers,Purchased
C1155,Priya Verma,Male,58,Agra,Uttar Pradesh,2024-12-09,107,5,147758.22,3,2,3,323,8,Potential Loyalists,Purchased
C1156,Divya Bansal,Male,18,Jaipur,Rajasthan,2024-12-05,330,3,114328.8,1,2,2,122,5,Hibernating,Purchased
C1157,Divya Bansal,Male,38,Mumbai,Maharashtra,2023-02-16,483,2,66548.78,1,1,2,112,4,Hibernating,Purchased
C1158,Aditya Bansal,Female,47,Jodhpur,Rajasthan,2025-02-17,,,,,,,,,No Purchase,No Purchase
C1159,Ayush Kumar,Female,29,Durgapur,West Bengal,2023-03-14,66,14,231659.37,3,5,3,353,11,Loyal Customers,Purchased
C1160,Nisha Mehta,Male,37,Durgapur,West Bengal,2024-01-10,333,3,18694.219999999998,1,2,1,121,4,Hibernating,Purchased
C1161,Vikas Jain,Female,22,Prayagraj,Uttar Pradesh,2025-02-23,32,5,118484.94,4,2,2,422,8,New Customers,Purchased
C1162,Ayush Chauhan,Male,27,Indore,Madhya Pradesh,2025-08-29,163,4,110984.95,2,2,2,222,6,Hibernating,Purchased
C1163,Rakesh Malhotra,Female,18,Nagpur,Maharashtra,2024-11-26,392,2,7630.999999999999,1,1,1,111,3,Hibernating,Purchased
C1164,Shreya Tiwari,Female,65,Varanasi,Uttar Pradesh,2023-06-24,9,11,305630.65,5,4,4,544,13,Champions,Purchased
C1165,Pooja Kumar,Male,59,Coimbatore,Tamil Nadu,2025-01-14,189,1,24604.74,2,1,1,211,4,Hibernating,Purchased
C1166,Sameer Patel,Male,37,New Delhi,Delhi,2023-02-10,157,6,51334.850000000006,2,3,1,231,6,At Risk,Purchased
C1167,Vikas Bansal,Male,18,Hyderabad,Telangana,2023-09-10,,,,,,,,,No Purchase,No Purchase
C1168,Pooja Agarwal,Female,34,Hyderabad,Telangana,2023-05-16,181,6,348070.39,2,3,4,234,9,At Risk,Purchased
C1169,Nikhil Joshi,Male,38,Delhi,Delhi,2025-12-14,15,18,384477.51,5,5,4,554,14,Champions,Purchased
C1170,Sanjay Shah,Female,26,Muzaffarpur,Bihar,2024-02-08,33,5,247948.69,4,2,4,424,10,New Customers,Purchased
C1171,Riya Chauhan,Male,49,New Delhi,Delhi,2024-09-03,28,9,166716.95,4,4,3,443,11,Loyal Customers,Purchased
C1172,Karan Gupta,Female,65,Coimbatore,Tamil Nadu,2025-05-15,29,7,75211.58,4,3,2,432,9,Potential Loyalists,Purchased
C1173,Vikas Tiwari,Male,58,Nashik,Maharashtra,2025-11-27,159,5,113493.81,2,2,2,222,6,Hibernating,Purchased
C1174,Sameer Jain,Female,59,Gwalior,Madhya Pradesh,2025-12-26,223,8,70848.02,2,4,2,242,8,At Risk,Purchased
C1175,Meera Patel,Male,57,Aurangabad,Maharashtra,2023-06-29,44,10,356643.27,4,4,4,444,12,Champions,Purchased
C1176,Akash Shah,Male,21,Kanpur,Uttar Pradesh,2024-03-07,1,17,429969.82999999996,5,5,5,555,15,Champions,Purchased
C1177,Karan Yadav,Male,44,Mangaluru,Karnataka,2024-03-19,173,4,191716.43,2,2,3,223,7,At Risk,Purchased
C1178,Rohit Chauhan,Female,45,Muzaffarpur,Bihar,2025-05-21,41,6,234591.2,4,3,3,433,10,Loyal Customers,Purchased
C1179,Divya Tiwari,Male,22,Panipat,Haryana,2024-01-03,263,2,33026.33,1,1,1,111,3,Hibernating,Purchased
C1180,Rahul Chauhan,Female,25,Kolkata,West Bengal,2023-09-11,44,7,67769.32,4,3,2,432,9,Potential Loyalists,Purchased
C1181,Neha Chauhan,Female,45,Panipat,Haryana,2025-04-06,127,13,532954.62,2,5,5,255,12,Can't Lose Them,Purchased
C1182,Shivam Malhotra,Male,52,Faridabad,Haryana,2024-06-26,407,5,84968.68,1,2,2,122,5,Hibernating,Purchased
C1183,Rohit Patel,Male,28,Chennai,Tamil Nadu,2025-03-29,86,8,280433.8,3,4,4,344,11,Loyal Customers,Purchased
C1184,Riya Srivastava,Male,41,Delhi,Delhi,2024-02-21,85,17,728971.12,3,5,5,355,13,Loyal Customers,Purchased
C1185,Vikas Sharma,Male,21,Durgapur,West Bengal,2024-06-16,104,10,142999.99000000002,3,4,3,343,10,Loyal Customers,Purchased
C1186,Shreya Saxena,Male,23,Jodhpur,Rajasthan,2023-01-10,68,11,461951.52,3,4,5,345,12,Loyal Customers,Purchased
C1187,Suresh Patel,Female,45,New Delhi,Delhi,2023-01-18,492,1,15840.25,1,1,1,111,3,Hibernating,Purchased
C1188,Meera Malhotra,Male,44,Kanpur,Uttar Pradesh,2023-01-01,61,13,230588.81,3,5,3,353,11,Loyal Customers,Purchased
C1189,Shivam Agarwal,Male,54,Kolkata,West Bengal,2023-07-11,49,3,61296.23,4,2,2,422,8,New Customers,Purchased
C1190,Nikhil Agarwal,Female,61,Aurangabad,Maharashtra,2024-01-16,39,8,272052.3,4,4,4,444,12,Champions,Purchased
C1191,Aditi Sharma,Male,27,Indore,Madhya Pradesh,2023-02-25,79,7,141358.65999999997,3,3,3,333,9,Loyal Customers,Purchased
C1192,Amit Jain,Female,34,Nashik,Maharashtra,2023-06-26,235,4,245114.84,2,2,4,224,8,At Risk,Purchased
C1193,Rahul Jain,Female,59,Noida,Uttar Pradesh,2025-07-16,,,,,,,,,No Purchase,No Purchase
C1194,Tanya Verma,Male,20,Warangal,Telangana,2025-07-24,14,20,863122.95,5,5,5,555,15,Champions,Purchased
C1195,Neha Verma,Female,57,Ghaziabad,Uttar Pradesh,2023-11-14,90,7,376173.67000000004,3,3,4,334,10,Loyal Customers,Purchased
C1196,Kavya Mehta,Female,63,Nashik,Maharashtra,2025-11-02,20,6,140534.83,5,3,3,533,11,Loyal Customers,Purchased
C1197,Manish Mishra,Female,22,Vadodara,Gujarat,2023-05-10,172,1,97544.66,2,1,2,212,5,Hibernating,Purchased
C1198,Shivam Saxena,Female,24,Panipat,Haryana,2023-02-04,17,5,414583.5,5,2,4,524,11,New Customers,Purchased
C1199,Divya Kumar,Female,50,Aurangabad,Maharashtra,2024-01-23,26,19,1316085.7,4,5,5,455,14,Champions,Purchased
C1200,Isha Mehta,Female,40,Delhi,Delhi,2023-10-17,129,7,227065.88,2,3,3,233,8,At Risk,Purchased
C1201,Tanya Gupta,Female,65,Kolkata,West Bengal,2023-03-26,24,14,439378.3,5,5,5,555,15,Champions,Purchased
C1202,Aditi Shah,Female,44,Gaya,Bihar,2025-07-16,79,9,385823.22000000003,3,4,4,344,11,Loyal Customers,Purchased
C1203,Aditya Mehta,Female,49,Salem,Tamil Nadu,2025-12-07,31,15,421629.95,4,5,4,454,13,Champions,Purchased
C1204,Rakesh Joshi,Female,29,Kanpur,Uttar Pradesh,2023-10-24,,,,,,,,,No Purchase,No Purchase
C1205,Aditi Jain,Male,33,Varanasi,Uttar Pradesh,2023-12-11,27,2,62216.74,4,1,2,412,7,New Customers,Purchased
C1206,Varun Shah,Female,26,Mumbai,Maharashtra,2025-02-25,68,9,333720.08,3,4,4,344,11,Loyal Customers,Purchased
C1207,Deepak Gupta,Male,25,Ghaziabad,Uttar Pradesh,2025-10-18,84,5,189375.56,3,2,3,323,8,Potential Loyalists,Purchased
C1208,Shivam Patel,Male,23,Udaipur,Rajasthan,2023-11-11,3,6,227140.74,5,3,3,533,11,Loyal Customers,Purchased
C1209,Rohit Agarwal,Male,60,Prayagraj,Uttar Pradesh,2025-01-17,210,2,21339.76,2,1,1,211,4,Hibernating,Purchased
C1210,Meera Malhotra,Male,21,Salem,Tamil Nadu,2023-01-26,81,1,5717.49,3,1,1,311,5,Potential Loyalists,Purchased
C1211,Aarav Jain,Female,42,Jaipur,Rajasthan,2024-09-11,131,2,86653.2,2,1,2,212,5,Hibernating,Purchased
C1212,Mohit Bansal,Male,42,Surat,Gujarat,2025-12-16,32,14,645581.09,4,5,5,455,14,Champions,Purchased
C1213,Suresh Jain,Female,20,Aurangabad,Maharashtra,2024-06-04,317,4,263413.0,1,2,4,124,7,At Risk,Purchased
C1214,Karan Verma,Female,58,Hyderabad,Telangana,2024-12-03,19,24,823581.58,5,5,5,555,15,Champions,Purchased
C1215,Divya Yadav,Male,42,Durgapur,West Bengal,2025-01-22,536,1,1334.18,1,1,1,111,3,Hibernating,Purchased
C1216,Varun Sharma,Male,24,Kolkata,West Bengal,2024-11-23,415,3,87149.12,1,2,2,122,5,Hibernating,Purchased
C1217,Aditi Shah,Female,24,Varanasi,Uttar Pradesh,2025-01-21,23,8,208047.51,5,4,3,543,12,Loyal Customers,Purchased
C1218,Divya Saxena,Female,51,Agra,Uttar Pradesh,2025-08-28,33,3,55712.03,4,2,2,422,8,New Customers,Purchased
C1219,Varun Bansal,Male,47,Gwalior,Madhya Pradesh,2023-01-12,8,9,273868.97,5,4,4,544,13,Champions,Purchased
C1220,Pooja Jain,Male,37,Hubballi,Karnataka,2025-08-26,222,3,42240.81,2,2,1,221,5,Hibernating,Purchased
C1221,Nisha Gupta,Male,37,New Delhi,Delhi,2025-09-21,587,1,67.91000000000001,1,1,1,111,3,Hibernating,Purchased
C1222,Rohit Srivastava,Male,19,Chennai,Tamil Nadu,2025-09-16,223,2,7780.32,2,1,1,211,4,Hibernating,Purchased
C1223,Karan Singh,Male,19,Jodhpur,Rajasthan,2024-02-07,62,7,122094.31,3,3,2,332,8,Potential Loyalists,Purchased
C1224,Rohit Agarwal,Female,43,Gaya,Bihar,2024-09-30,44,8,218448.59,4,4,3,443,11,Loyal Customers,Purchased
C1225,Vikas Srivastava,Male,35,Thane,Maharashtra,2024-01-22,31,14,548667.36,4,5,5,455,14,Champions,Purchased
C1226,Tanya Agarwal,Male,30,Gwalior,Madhya Pradesh,2025-07-09,380,6,291904.09,1,3,4,134,8,At Risk,Purchased
C1227,Rakesh Kumar,Female,36,Kanpur,Uttar Pradesh,2024-03-21,,,,,,,,,No Purchase,No Purchase
C1228,Mohit Yadav,Female,47,Salem,Tamil Nadu,2023-12-09,185,4,125316.01999999999,2,2,2,222,6,Hibernating,Purchased
C1229,Rakesh Joshi,Male,32,Ahmedabad,Gujarat,2025-01-20,162,2,118014.63,2,1,2,212,5,Hibernating,Purchased
C1230,Mohit Gupta,Female,34,Noida,Uttar Pradesh,2023-02-24,272,2,5827.01,1,1,1,111,3,Hibernating,Purchased
C1231,Vikas Malhotra,Female,31,Noida,Uttar Pradesh,2024-02-16,114,4,249527.07,3,2,4,324,9,Potential Loyalists,Purchased
C1232,Ankit Jain,Male,49,Hubballi,Karnataka,2023-08-14,,,,,,,,,No Purchase,No Purchase
C1233,Arjun Mishra,Male,20,Patna,Bihar,2024-02-14,12,5,200403.78999999998,5,2,3,523,10,New Customers,Purchased
C1234,Sameer Verma,Female,62,Vadodara,Gujarat,2024-05-06,4,20,708846.9,5,5,5,555,15,Champions,Purchased
C1235,Akash Saxena,Female,44,Gwalior,Madhya Pradesh,2023-03-11,185,12,120209.44,2,4,2,242,8,At Risk,Purchased
C1236,Riya Agarwal,Other,29,Warangal,Telangana,2025-08-04,222,12,80648.17000000001,2,4,2,242,8,At Risk,Purchased
C1237,Rohit Kapoor,Male,54,Hubballi,Karnataka,2024-04-01,191,5,79050.64,2,2,2,222,6,Hibernating,Purchased
C1238,Aarav Jain,Female,63,Hyderabad,Telangana,2024-01-28,42,3,76251.53,4,2,2,422,8,New Customers,Purchased
C1239,Karan Singh,Male,20,Kanpur,Uttar Pradesh,2023-06-13,,,,,,,,,No Purchase,No Purchase
C1240,Aditi Jain,Female,27,Agra,Uttar Pradesh,2025-12-26,18,10,495066.43,5,4,5,545,14,Champions,Purchased
C1241,Riya Shah,Female,24,Warangal,Telangana,2025-07-25,4,14,597079.1,5,5,5,555,15,Champions,Purchased
C1242,Vikas Patel,Male,21,Warangal,Telangana,2024-06-11,19,6,324474.27,5,3,4,534,12,Loyal Customers,Purchased
C1243,Sakshi Saxena,Male,53,Nashik,Maharashtra,2024-01-02,119,6,132231.19,2,3,3,233,8,At Risk,Purchased
C1244,Shivam Tiwari,Female,27,Coimbatore,Tamil Nadu,2024-05-26,38,9,337131.08,4,4,4,444,12,Champions,Purchased
C1245,Divya Bansal,Female,36,Ahmedabad,Gujarat,2025-11-18,,,,,,,,,No Purchase,No Purchase
C1246,Shreya Mehta,Male,57,Faridabad,Haryana,2023-08-31,85,9,255969.03,3,4,4,344,11,Loyal Customers,Purchased
C1247,Aarav Shah,Female,47,Surat,Gujarat,2025-01-19,3,26,845240.38,5,5,5,555,15,Champions,Purchased
C1248,Ankit Joshi,Male,50,Mangaluru,Karnataka,2025-09-16,152,8,309179.20999999996,2,4,4,244,10,Can't Lose Them,Purchased
C1249,Aarav Yadav,Male,22,Delhi,Delhi,2025-04-07,17,15,581126.3200000001,5,5,5,555,15,Champions,Purchased
C1250,Rohit Saxena,Male,64,Mangaluru,Karnataka,2025-08-10,429,1,867.75,1,1,1,111,3,Hibernating,Purchased
C1251,Nisha Srivastava,Female,21,Udaipur,Rajasthan,2025-11-03,199,10,255957.13999999998,2,4,4,244,10,Can't Lose Them,Purchased
C1252,Vikas Yadav,Male,52,Gurugram,Haryana,2023-03-07,329,1,46295.83,1,1,1,111,3,Hibernating,Purchased
C1253,Deepak Tiwari,Female,48,Mangaluru,Karnataka,2023-09-19,51,4,92673.13,4,2,2,422,8,New Customers,Purchased
C1254,Sakshi Saxena,Male,37,Nagpur,Maharashtra,2023-06-08,,,,,,,,,No Purchase,No Purchase
C1255,Rakesh Jain,Female,58,Mumbai,Maharashtra,2024-09-13,435,1,25150.4,1,1,1,111,3,Hibernating,Purchased
C1256,Aditi Tiwari,Female,60,Kolkata,West Bengal,2024-03-22,,,,,,,,,No Purchase,No Purchase
C1257,Sakshi Kumar,Male,21,Warangal,Telangana,2023-02-14,28,7,260408.66,4,3,4,434,11,Loyal Customers,Purchased
C1258,Riya Sharma,Male,63,Ghaziabad,Uttar Pradesh,2024-09-02,515,1,54479.8,1,1,2,112,4,Hibernating,Purchased
C1259,Kavya Mishra,Male,29,Agra,Uttar Pradesh,2023-04-21,8,8,179048.51,5,4,3,543,12,Loyal Customers,Purchased
C1260,Pooja Mehta,Male,55,Rajkot,Gujarat,2024-03-22,44,6,411145.43,4,3,4,434,11,Loyal Customers,Purchased
C1261,Yash Agarwal,Female,57,Lucknow,Uttar Pradesh,2024-02-06,185,4,95548.17,2,2,2,222,6,Hibernating,Purchased
C1262,Suresh Tiwari,Female,44,Hyderabad,Telangana,2025-09-05,18,7,218759.53999999998,5,3,3,533,11,Loyal Customers,Purchased
C1263,Suresh Yadav,Male,59,Delhi,Delhi,2025-01-17,133,5,166008.52,2,3,3,233,8,At Risk,Purchased
C1264,Shreya Yadav,Female,57,Lucknow,Uttar Pradesh,2024-11-14,37,26,715344.65,4,5,5,455,14,Champions,Purchased
C1265,Priya Joshi,Male,43,Bhopal,Madhya Pradesh,2025-06-29,60,9,355976.76,3,4,4,344,11,Loyal Customers,Purchased
C1266,Kavya Sharma,Male,26,Pune,Maharashtra,2023-07-17,130,18,831324.16,2,5,5,255,12,Can't Lose Them,Purchased
C1267,Yash Kapoor,Male,38,Pune,Maharashtra,2023-10-08,8,16,496980.62,5,5,5,555,15,Champions,Purchased
C1268,Ananya Agarwal,Male,61,Agra,Uttar Pradesh,2025-04-03,405,2,35071.07,1,1,1,111,3,Hibernating,Purchased
C1269,Karan Chauhan,Female,27,Kanpur,Uttar Pradesh,2025-03-31,141,11,750357.34,2,4,5,245,11,Can't Lose Them,Purchased
C1270,Komal Malhotra,Male,65,Ghaziabad,Uttar Pradesh,2023-01-24,91,2,343996.29,3,1,4,314,8,Potential Loyalists,Purchased
C1271,Nisha Singh,Female,26,Ghaziabad,Uttar Pradesh,2023-09-03,217,3,82847.42,2,2,2,222,6,Hibernating,Purchased
C1272,Isha Singh,Male,49,Nashik,Maharashtra,2023-09-06,372,1,77798.82,1,1,2,112,4,Hibernating,Purchased
C1273,Vikas Singh,Female,48,Agra,Uttar Pradesh,2023-01-07,587,1,32433.980000000003,1,1,1,111,3,Hibernating,Purchased
C1274,Shreya Chauhan,Male,27,Ahmedabad,Gujarat,2024-12-25,93,13,711674.93,3,5,5,355,13,Loyal Customers,Purchased
C1275,Manish Malhotra,Male,40,Jaipur,Rajasthan,2023-03-01,,,,,,,,,No Purchase,No Purchase
C1276,Simran Jain,Male,24,Bengaluru,Karnataka,2025-07-10,195,8,192682.32,2,4,3,243,9,At Risk,Purchased
C1277,Nisha Verma,Male,35,Delhi,Delhi,2024-10-03,191,3,4682.85,2,2,1,221,5,Hibernating,Purchased
C1278,Nisha Srivastava,Male,64,Chennai,Tamil Nadu,2024-06-28,54,3,55557.799999999996,4,2,2,422,8,New Customers,Purchased
C1279,Shivam Verma,Male,20,Faridabad,Haryana,2025-11-28,1,5,85873.96,5,3,2,532,10,Potential Loyalists,Purchased
C1280,Riya Kapoor,Female,59,Panipat,Haryana,2023-10-24,619,2,156466.16000000003,1,1,3,113,5,At Risk,Purchased
C1281,Amit Bansal,Male,50,Varanasi,Uttar Pradesh,2024-09-02,276,2,182363.72999999998,1,1,3,113,5,At Risk,Purchased
C1282,Divya Yadav,Female,53,Nashik,Maharashtra,2023-01-08,43,4,50640.56,4,2,1,421,7,New Customers,Purchased
C1283,Nikhil Shah,Female,31,Mumbai,Maharashtra,2025-07-01,375,1,14675.22,1,1,1,111,3,Hibernating,Purchased
C1284,Rakesh Verma,Female,63,Nashik,Maharashtra,2024-09-13,496,1,1101.31,1,1,1,111,3,Hibernating,Purchased
C1285,Karan Agarwal,Female,30,Vadodara,Gujarat,2023-07-12,535,4,55569.200000000004,1,2,2,122,5,Hibernating,Purchased
C1286,Ankit Chauhan,Male,42,Mysuru,Karnataka,2025-06-14,14,9,295514.91,5,4,4,544,13,Champions,Purchased
C1287,Pooja Malhotra,Female,19,Prayagraj,Uttar Pradesh,2025-12-19,44,4,297326.45,4,2,4,424,10,New Customers,Purchased
C1288,Rakesh Saxena,Female,60,Delhi,Delhi,2023-03-17,89,11,120855.03,3,4,2,342,9,At Risk,Purchased
C1289,Shreya Shah,Female,51,Coimbatore,Tamil Nadu,2025-07-15,81,3,89317.42,3,2,2,322,7,Potential Loyalists,Purchased
C1290,Aditya Verma,Male,25,Kanpur,Uttar Pradesh,2025-03-17,8,4,42001.04,5,2,1,521,8,New Customers,Purchased
C1291,Mohit Kapoor,Female,49,Hyderabad,Telangana,2024-01-24,123,5,44032.83,2,3,1,231,6,At Risk,Purchased
C1292,Aarav Shah,Male,26,Prayagraj,Uttar Pradesh,2024-11-25,43,11,210918.2,4,4,3,443,11,Loyal Customers,Purchased
C1293,Ankit Gupta,Female,39,Indore,Madhya Pradesh,2025-05-10,416,2,221778.25,1,1,3,113,5,At Risk,Purchased
C1294,Vivek Jain,Male,42,Ghaziabad,Uttar Pradesh,2024-06-08,,,,,,,,,No Purchase,No Purchase
C1295,Ankit Joshi,Male,62,Panipat,Haryana,2024-12-30,3,18,367452.95,5,5,4,554,14,Champions,Purchased
C1296,Ayush Kapoor,Female,33,Bhopal,Madhya Pradesh,2023-02-22,12,2,29563.85,5,1,1,511,7,New Customers,Purchased
C1297,Akash Verma,Female,18,Gaya,Bihar,2025-10-10,74,3,143297.16,3,2,3,323,8,Potential Loyalists,Purchased
C1298,Simran Srivastava,Male,38,Warangal,Telangana,2025-10-08,598,2,43444.56999999999,1,1,1,111,3,Hibernating,Purchased
C1299,Aditi Agarwal,Female,62,Durgapur,West Bengal,2023-08-19,44,19,506906.69,4,5,5,455,14,Champions,Purchased
C1300,Amit Yadav,Female,56,Jodhpur,Rajasthan,2024-06-06,38,11,752838.92,4,4,5,445,13,Champions,Purchased
C1301,Tanya Gupta,Female,20,Kolkata,West Bengal,2023-09-19,600,1,137708.63999999998,1,1,3,113,5,At Risk,Purchased
C1302,Sanjay Saxena,Female,20,Varanasi,Uttar Pradesh,2024-03-13,93,4,173593.24000000002,3,2,3,323,8,Potential Loyalists,Purchased
C1303,Simran Agarwal,Male,54,Chennai,Tamil Nadu,2023-10-29,334,2,18304.809999999998,1,1,1,111,3,Hibernating,Purchased
C1304,Shreya Patel,Male,52,Chennai,Tamil Nadu,2025-08-01,21,9,241117.6,5,4,4,544,13,Champions,Purchased
C1305,Ananya Verma,Female,44,Panipat,Haryana,2025-01-30,,,,,,,,,No Purchase,No Purchase
C1306,Suresh Malhotra,Male,22,Mysuru,Karnataka,2025-07-14,,,,,,,,,No Purchase,No Purchase
C1307,Rahul Bansal,Female,31,Delhi,Delhi,2025-05-18,13,7,394295.44000000006,5,3,4,534,12,Loyal Customers,Purchased
C1308,Shreya Mishra,Female,58,Ahmedabad,Gujarat,2025-03-07,68,1,12525.960000000001,3,1,1,311,5,Potential Loyalists,Purchased
C1309,Kavya Tiwari,Female,24,Mumbai,Maharashtra,2023-07-02,72,3,1011.27,3,2,1,321,6,Potential Loyalists,Purchased
C1310,Tanya Sharma,Male,27,Noida,Uttar Pradesh,2025-06-27,639,1,60772.939999999995,1,1,2,112,4,Hibernating,Purchased
C1311,Vikas Kumar,Female,39,Mysuru,Karnataka,2025-05-07,208,1,342.88,2,1,1,211,4,Hibernating,Purchased
C1312,Ankit Mehta,Female,53,Bengaluru,Karnataka,2023-05-17,,,,,,,,,No Purchase,No Purchase
C1313,Shreya Kapoor,Male,57,Nagpur,Maharashtra,2023-04-07,296,5,157459.83,1,3,3,133,7,At Risk,Purchased
C1314,Sameer Yadav,Male,46,New Delhi,Delhi,2025-04-13,219,7,668512.08,2,3,5,235,10,At Risk,Purchased
C1315,Vivek Mehta,Male,41,Delhi,Delhi,2024-03-03,28,7,422641.15,4,3,5,435,12,Loyal Customers,Purchased
C1316,Riya Mishra,Male,36,Delhi,Delhi,2023-12-26,29,11,247574.04,4,4,4,444,12,Champions,Purchased
C1317,Aarav Mehta,Female,20,New Delhi,Delhi,2024-03-10,109,2,108850.44,3,1,2,312,6,Potential Loyalists,Purchased
C1318,Meera Malhotra,Female,30,Jodhpur,Rajasthan,2025-08-07,71,7,439084.81000000006,3,3,5,335,11,Loyal Customers,Purchased
C1319,Mohit Chauhan,Male,28,New Delhi,Delhi,2024-02-03,77,5,348828.69,3,3,4,334,10,Loyal Customers,Purchased
C1320,Shreya Patel,Female,20,Indore,Madhya Pradesh,2024-02-10,21,5,225775.5,5,3,3,533,11,Loyal Customers,Purchased
C1321,Sneha Joshi,Male,53,Gwalior,Madhya Pradesh,2024-03-13,9,38,1463199.95,5,5,5,555,15,Champions,Purchased
C1322,Sameer Mehta,Male,34,Salem,Tamil Nadu,2023-03-01,48,10,300241.18,4,4,4,444,12,Champions,Purchased
C1323,Komal Mishra,Male,42,New Delhi,Delhi,2023-02-11,86,5,137845.08,3,3,3,333,9,Loyal Customers,Purchased
C1324,Nisha Yadav,Female,27,Salem,Tamil Nadu,2024-03-29,80,7,273313.02,3,3,4,334,10,Loyal Customers,Purchased
C1325,Rohit Chauhan,Female,46,Faridabad,Haryana,2023-01-19,713,1,126620.25,1,1,2,112,4,Hibernating,Purchased
C1326,Sameer Verma,Female,24,Jaipur,Rajasthan,2025-04-08,,,,,,,,,No Purchase,No Purchase
C1327,Rakesh Bansal,Female,50,Warangal,Telangana,2024-04-09,5,11,192862.0,5,4,3,543,12,Loyal Customers,Purchased
C1328,Nisha Kumar,Male,53,Coimbatore,Tamil Nadu,2024-07-02,251,2,67718.52,1,1,2,112,4,Hibernating,Purchased
C1329,Nikhil Saxena,Female,32,Vadodara,Gujarat,2024-01-03,62,4,59755.99,3,2,2,322,7,Potential Loyalists,Purchased
C1330,Sakshi Gupta,Male,28,Nashik,Maharashtra,2025-04-16,331,1,489.96,1,1,1,111,3,Hibernating,Purchased
C1331,Ayush Chauhan,Male,55,Kolkata,West Bengal,2024-04-13,180,3,154744.57,2,2,3,223,7,At Risk,Purchased
C1332,Nisha Malhotra,Female,28,Thane,Maharashtra,2023-02-08,13,9,282401.35,5,4,4,544,13,Champions,Purchased
C1333,Mohit Singh,Male,26,Udaipur,Rajasthan,2024-06-18,96,2,100145.72,3,1,2,312,6,Potential Loyalists,Purchased
C1334,Nikhil Malhotra,Male,34,Faridabad,Haryana,2023-07-13,14,12,604087.85,5,4,5,545,14,Champions,Purchased
C1335,Meera Joshi,Male,64,Kanpur,Uttar Pradesh,2024-10-13,157,7,133855.78,2,3,3,233,8,At Risk,Purchased
C1336,Nisha Mishra,Male,40,Vadodara,Gujarat,2024-09-09,96,18,242819.30000000002,3,5,4,354,12,Loyal Customers,Purchased
C1337,Karan Yadav,Female,30,Lucknow,Uttar Pradesh,2024-06-03,92,4,126858.2,3,2,2,322,7,Potential Loyalists,Purchased
C1338,Karan Kapoor,Male,42,Kolkata,West Bengal,2024-02-26,29,20,740723.97,4,5,5,455,14,Champions,Purchased
C1339,Meera Kapoor,Female,34,Ghaziabad,Uttar Pradesh,2024-10-14,5,19,728417.6,5,5,5,555,15,Champions,Purchased
C1340,Manish Mishra,Other,49,Indore,Madhya Pradesh,2025-01-14,,,,,,,,,No Purchase,No Purchase
C1341,Rakesh Srivastava,Female,39,Varanasi,Uttar Pradesh,2025-08-20,10,11,232673.39,5,4,3,543,12,Loyal Customers,Purchased
C1342,Nikhil Yadav,Male,46,Muzaffarpur,Bihar,2025-11-19,54,5,297969.33,4,3,4,434,11,Loyal Customers,Purchased
C1343,Sneha Singh,Female,38,Warangal,Telangana,2023-04-02,226,2,206740.65,2,1,3,213,6,At Risk,Purchased
C1344,Pooja Mehta,Male,41,Vadodara,Gujarat,2024-12-23,97,5,222097.61000000002,3,3,3,333,9,Loyal Customers,Purchased
C1345,Shreya Kumar,Male,39,Warangal,Telangana,2023-04-03,18,26,924946.73,5,5,5,555,15,Champions,Purchased
C1346,Aarav Yadav,Female,36,Warangal,Telangana,2024-04-02,21,10,220224.03999999998,5,4,3,543,12,Loyal Customers,Purchased
C1347,Ananya Shah,Male,64,Gwalior,Madhya Pradesh,2025-03-22,291,4,81805.78,1,2,2,122,5,Hibernating,Purchased
C1348,Rakesh Yadav,Female,30,Mumbai,Maharashtra,2024-08-16,431,2,10684.289999999999,1,1,1,111,3,Hibernating,Purchased
C1349,Pooja Verma,Male,56,Vadodara,Gujarat,2025-06-03,,,,,,,,,No Purchase,No Purchase
C1350,Aditi Kapoor,Female,52,Lucknow,Uttar Pradesh,2025-09-26,646,1,6938.87,1,1,1,111,3,Hibernating,Purchased
C1351,Karan Shah,Female,43,Rajkot,Gujarat,2025-12-02,668,1,61692.76000000001,1,1,2,112,4,Hibernating,Purchased
C1352,Shreya Saxena,Female,33,Mumbai,Maharashtra,2025-01-06,5,3,92943.22,5,2,2,522,9,New Customers,Purchased
C1353,Deepak Mehta,Male,41,Ahmedabad,Gujarat,2025-01-07,37,7,234617.82,4,3,3,433,10,Loyal Customers,Purchased
C1354,Rakesh Patel,Male,58,Ahmedabad,Gujarat,2025-05-29,256,2,38794.12,1,1,1,111,3,Hibernating,Purchased
C1355,Aditi Yadav,Female,26,Mangaluru,Karnataka,2023-09-13,89,2,96103.51000000001,3,1,2,312,6,Potential Loyalists,Purchased
C1356,Vikas Bansal,Female,46,Chennai,Tamil Nadu,2023-11-27,15,9,164899.03,5,4,3,543,12,Loyal Customers,Purchased
C1357,Manish Gupta,Male,54,Kolkata,West Bengal,2024-01-09,23,8,496953.01999999996,5,4,5,545,14,Champions,Purchased
C1358,Kavya Verma,Male,48,Warangal,Telangana,2025-03-26,132,4,124520.73,2,2,2,222,6,Hibernating,Purchased
C1359,Suresh Saxena,Female,24,Salem,Tamil Nadu,2024-01-20,275,9,262252.82,1,4,4,144,9,Can't Lose Them,Purchased
C1360,Aditi Kapoor,Female,42,Vadodara,Gujarat,2023-06-02,,,,,,,,,No Purchase,No Purchase
C1361,Varun Joshi,Female,26,Bhopal,Madhya Pradesh,2025-05-24,12,19,471607.61,5,5,5,555,15,Champions,Purchased
C1362,Ankit Sharma,Female,62,Varanasi,Uttar Pradesh,2025-04-01,107,12,244825.99,3,4,4,344,11,Loyal Customers,Purchased
C1363,Shreya Kumar,Male,34,Agra,Uttar Pradesh,2024-10-12,204,1,103377.52,2,1,2,212,5,Hibernating,Purchased
C1364,Simran Patel,Male,38,Kanpur,Uttar Pradesh,2025-08-23,267,4,88739.43,1,2,2,122,5,Hibernating,Purchased
C1365,Amit Kapoor,Female,59,Udaipur,Rajasthan,2025-05-17,,,,,,,,,No Purchase,No Purchase
C1366,Suresh Patel,Female,38,Bengaluru,Karnataka,2025-09-12,216,4,167578.83000000002,2,2,3,223,7,At Risk,Purchased
C1367,Manish Sharma,Male,27,Kolkata,West Bengal,2023-10-12,9,22,896077.1,5,5,5,555,15,Champions,Purchased
C1368,Rakesh Gupta,Female,60,Udaipur,Rajasthan,2023-05-08,519,2,128314.64000000001,1,1,2,112,4,Hibernating,Purchased
C1369,Yash Mehta,Male,49,New Delhi,Delhi,2024-01-09,,,,,,,,,No Purchase,No Purchase
C1370,Shreya Malhotra,Male,47,Gurugram,Haryana,2025-06-27,98,8,313647.08,3,4,4,344,11,Loyal Customers,Purchased
C1371,Ankit Sharma,Female,21,Kolkata,West Bengal,2025-10-09,29,20,536415.89,4,5,5,455,14,Champions,Purchased
C1372,Aditya Sharma,Male,39,Aurangabad,Maharashtra,2023-05-01,47,3,91616.96,4,2,2,422,8,New Customers,Purchased
C1373,Aditya Yadav,Male,40,New Delhi,Delhi,2025-07-25,251,2,40636.829999999994,1,1,1,111,3,Hibernating,Purchased
C1374,Yash Singh,Female,30,New Delhi,Delhi,2024-06-07,150,6,317882.52,2,3,4,234,9,At Risk,Purchased
C1375,Pooja Shah,Male,45,Prayagraj,Uttar Pradesh,2025-06-14,78,14,584512.2,3,5,5,355,13,Loyal Customers,Purchased
C1376,Tanya Kumar,Male,29,Agra,Uttar Pradesh,2025-01-17,12,10,152899.00999999998,5,4,3,543,12,Loyal Customers,Purchased
C1377,Aditi Joshi,Female,40,Bhopal,Madhya Pradesh,2023-03-07,26,12,350986.96,4,4,4,444,12,Champions,Purchased
C1378,Aditi Bansal,Male,56,Hubballi,Karnataka,2024-06-14,114,6,194532.86,3,3,3,333,9,Loyal Customers,Purchased
C1379,Aditi Chauhan,Female,53,New Delhi,Delhi,2023-04-08,120,7,300750.54,2,3,4,234,9,At Risk,Purchased
C1380,Riya Tiwari,Male,31,Siliguri,West Bengal,2024-01-08,59,16,507561.73,3,5,5,355,13,Loyal Customers,Purchased
C1381,Arjun Yadav,Male,27,Madurai,Tamil Nadu,2025-04-09,149,3,97527.11,2,2,2,222,6,Hibernating,Purchased
C1382,Pooja Sharma,Female,18,Bhopal,Madhya Pradesh,2025-01-18,20,6,219824.27000000002,5,3,3,533,11,Loyal Customers,Purchased
C1383,Ananya Mishra,Male,34,Hyderabad,Telangana,2025-02-10,26,13,442627.97,4,5,5,455,14,Champions,Purchased
C1384,Suresh Kapoor,Female,18,Mangaluru,Karnataka,2024-12-24,99,5,280178.44,3,3,4,334,10,Loyal Customers,Purchased
C1385,Amit Singh,Female,24,Delhi,Delhi,2023-01-17,21,11,838792.17,5,4,5,545,14,Champions,Purchased
C1386,Shivam Agarwal,Female,64,Patna,Bihar,2024-09-30,635,1,5471.05,1,1,1,111,3,Hibernating,Purchased
C1387,Vikas Yadav,Male,59,Kolkata,West Bengal,2024-06-15,210,6,275459.59,2,3,4,234,9,At Risk,Purchased
C1388,Mohit Verma,Male,44,Muzaffarpur,Bihar,2024-08-01,91,18,365934.05,3,5,4,354,12,Loyal Customers,Purchased
C1389,Karan Kapoor,Female,55,Noida,Uttar Pradesh,2023-08-21,29,15,316700.67,4,5,4,454,13,Champions,Purchased
C1390,Pooja Malhotra,Male,41,Panipat,Haryana,2025-02-11,42,3,175085.49,4,2,3,423,9,New Customers,Purchased
C1391,Amit Shah,Female,46,Ahmedabad,Gujarat,2024-10-27,141,3,42503.26,2,2,1,221,5,Hibernating,Purchased
C1392,Pooja Tiwari,Female,62,Ghaziabad,Uttar Pradesh,2024-03-17,143,4,35639.19,2,2,1,221,5,Hibernating,Purchased
C1393,Nikhil Kumar,Male,21,Vadodara,Gujarat,2023-03-03,,,,,,,,,No Purchase,No Purchase
C1394,Shreya Kumar,Male,34,Jodhpur,Rajasthan,2023-03-17,13,10,394730.86,5,4,4,544,13,Champions,Purchased
C1395,Rakesh Agarwal,Female,23,Lucknow,Uttar Pradesh,2024-01-29,13,16,380716.9,5,5,4,554,14,Champions,Purchased
C1396,Vikas Malhotra,Female,56,Mysuru,Karnataka,2024-08-11,8,10,480612.68,5,4,5,545,14,Champions,Purchased
C1397,Pooja Mehta,Male,57,Warangal,Telangana,2025-12-27,91,13,416665.37,3,5,4,354,12,Loyal Customers,Purchased
C1398,Deepak Singh,Female,52,Delhi,Delhi,2025-03-03,125,3,89185.61,2,2,2,222,6,Hibernating,Purchased
C1399,Varun Chauhan,Female,47,Bengaluru,Karnataka,2024-06-15,46,11,309999.27999999997,4,4,4,444,12,Champions,Purchased
C1400,Ankit Mishra,Male,40,Mangaluru,Karnataka,2023-11-24,,,,,,,,,No Purchase,No Purchase
C1401,Mohit Agarwal,Male,19,Delhi,Delhi,2023-07-04,216,9,218272.27,2,4,3,243,9,At Risk,Purchased
C1402,Sneha Joshi,Female,55,Indore,Madhya Pradesh,2023-06-04,104,11,401610.62,3,4,4,344,11,Loyal Customers,Purchased
C1403,Vikas Tiwari,Female,60,Warangal,Telangana,2023-03-20,321,4,51505.0,1,2,2,122,5,Hibernating,Purchased
C1404,Neha Malhotra,Female,64,Lucknow,Uttar Pradesh,2025-09-25,103,4,81812.65,3,2,2,322,7,Potential Loyalists,Purchased
C1405,Rahul Chauhan,Male,34,Muzaffarpur,Bihar,2023-01-18,29,14,997608.37,4,5,5,455,14,Champions,Purchased
C1406,Mohit Gupta,Female,27,Gurugram,Haryana,2025-08-03,3,7,289331.24,5,3,4,534,12,Loyal Customers,Purchased
C1407,Neha Joshi,Female,49,Pune,Maharashtra,2024-09-30,112,4,535155.68,3,2,5,325,10,Potential Loyalists,Purchased
C1408,Tanya Saxena,Female,18,Hyderabad,Telangana,2024-11-08,45,11,485152.78,4,4,5,445,13,Champions,Purchased
C1409,Aarav Shah,Male,20,Kanpur,Uttar Pradesh,2025-11-15,83,20,1275264.78,3,5,5,355,13,Loyal Customers,Purchased
C1410,Ayush Agarwal,Male,57,Patna,Bihar,2025-05-11,366,1,27239.9,1,1,1,111,3,Hibernating,Purchased
C1411,Komal Chauhan,Female,63,Udaipur,Rajasthan,2023-06-11,24,12,275216.0,5,4,4,544,13,Champions,Purchased
C1412,Ayush Kumar,Male,37,Jaipur,Rajasthan,2025-11-26,25,6,220438.13,4,3,3,433,10,Loyal Customers,Purchased
C1413,Shreya Jain,Male,42,Ghaziabad,Uttar Pradesh,2023-07-12,,,,,,,,,No Purchase,No Purchase
C1414,Nisha Srivastava,Female,44,Gurugram,Haryana,2024-09-15,58,6,255706.23999999996,3,3,4,334,10,Loyal Customers,Purchased
C1415,Rakesh Tiwari,Male,24,Kanpur,Uttar Pradesh,2024-12-02,21,4,250370.93000000005,5,2,4,524,11,New Customers,Purchased
C1416,Vikas Chauhan,Female,28,Aurangabad,Maharashtra,2023-09-25,215,6,139439.52,2,3,3,233,8,At Risk,Purchased
C1417,Sneha Srivastava,Female,32,Lucknow,Uttar Pradesh,2024-11-21,23,10,480375.3,5,4,5,545,14,Champions,Purchased
C1418,Riya Singh,Female,58,Kolkata,West Bengal,2024-11-30,122,10,505865.5,2,4,5,245,11,Can't Lose Them,Purchased
C1419,Vivek Tiwari,Male,39,Thane,Maharashtra,2025-12-08,15,7,242517.07,5,3,4,534,12,Loyal Customers,Purchased
C1420,Manish Jain,Female,52,Indore,Madhya Pradesh,2025-09-28,27,38,1354713.78,4,5,5,455,14,Champions,Purchased
C1421,Rohit Malhotra,Female,27,Kota,Rajasthan,2024-03-13,250,3,71380.91,1,2,2,122,5,Hibernating,Purchased
C1422,Shivam Agarwal,Female,63,Agra,Uttar Pradesh,2025-01-25,414,1,8252.199999999999,1,1,1,111,3,Hibernating,Purchased
C1423,Ankit Saxena,Male,60,Ghaziabad,Uttar Pradesh,2025-06-17,144,13,305216.89,2,5,4,254,11,Can't Lose Them,Purchased
C1424,Komal Mehta,Male,40,Lucknow,Uttar Pradesh,2023-01-29,78,8,327319.76,3,4,4,344,11,Loyal Customers,Purchased
C1425,Amit Saxena,Female,28,Ahmedabad,Gujarat,2025-01-19,132,5,422602.68999999994,2,3,5,235,10,At Risk,Purchased
C1426,Amit Gupta,Male,64,Warangal,Telangana,2025-10-01,97,3,51478.79,3,2,2,322,7,Potential Loyalists,Purchased
C1427,Kavya Gupta,Female,56,Thane,Maharashtra,2023-05-12,67,17,738408.67,3,5,5,355,13,Loyal Customers,Purchased
C1428,Sneha Jain,Male,42,Panipat,Haryana,2025-04-05,,,,,,,,,No Purchase,No Purchase
C1429,Divya Sharma,Male,30,Kanpur,Uttar Pradesh,2023-03-08,20,6,110166.5,5,3,2,532,10,Potential Loyalists,Purchased
C1430,Divya Malhotra,Female,47,Hyderabad,Telangana,2024-03-16,212,5,235651.64,2,3,3,233,8,At Risk,Purchased
C1431,Vikas Yadav,Female,35,Bhopal,Madhya Pradesh,2025-06-16,4,9,428603.11,5,4,5,545,14,Champions,Purchased
C1432,Akash Mehta,Female,50,Siliguri,West Bengal,2025-12-17,245,3,139474.58000000002,1,2,3,123,6,At Risk,Purchased
C1433,Vikas Singh,Male,57,Jaipur,Rajasthan,2025-03-07,205,8,158374.9,2,4,3,243,9,At Risk,Purchased
C1434,Vikas Gupta,Female,41,Hyderabad,Telangana,2025-03-01,8,13,452068.56,5,5,5,555,15,Champions,Purchased
C1435,Karan Joshi,Other,20,Varanasi,Uttar Pradesh,2023-10-11,38,6,278227.63,4,3,4,434,11,Loyal Customers,Purchased
C1436,Akash Mishra,Male,45,Mumbai,Maharashtra,2025-06-22,232,6,172282.56,2,3,3,233,8,At Risk,Purchased
C1437,Arjun Verma,Male,59,Kanpur,Uttar Pradesh,2024-12-22,243,8,276265.72,1,4,4,144,9,Can't Lose Them,Purchased
C1438,Varun Verma,Male,28,Coimbatore,Tamil Nadu,2025-10-29,8,14,589024.11,5,5,5,555,15,Champions,Purchased
C1439,Aditi Verma,Female,64,Kolkata,West Bengal,2024-10-22,40,33,995474.48,4,5,5,455,14,Champions,Purchased
C1440,Amit Joshi,Male,35,Ahmedabad,Gujarat,2023-02-13,46,5,93131.45999999999,4,3,2,432,9,Potential Loyalists,Purchased
C1441,Tanya Gupta,Female,50,Faridabad,Haryana,2024-07-13,106,4,243459.82,3,2,4,324,9,Potential Loyalists,Purchased
C1442,Suresh Agarwal,Male,51,Noida,Uttar Pradesh,2025-04-27,44,3,247060.34000000003,4,2,4,424,10,New Customers,Purchased
C1443,Akash Malhotra,Female,26,Siliguri,West Bengal,2025-05-12,,,,,,,,,No Purchase,No Purchase
C1444,Divya Shah,Female,19,Nashik,Maharashtra,2024-02-28,75,11,271668.93,3,4,4,344,11,Loyal Customers,Purchased
C1445,Rahul Mehta,Female,63,Aurangabad,Maharashtra,2023-07-07,6,2,51381.700000000004,5,1,2,512,8,New Customers,Purchased
C1446,Arjun Yadav,Male,51,Jaipur,Rajasthan,2025-08-09,264,1,22358.9,1,1,1,111,3,Hibernating,Purchased
C1447,Suresh Tiwari,Male,48,Gaya,Bihar,2025-06-20,189,7,522511.68,2,3,5,235,10,At Risk,Purchased
C1448,Aarav Jain,Female,32,Ahmedabad,Gujarat,2025-08-20,78,8,291652.19,3,4,4,344,11,Loyal Customers,Purchased
C1449,Simran Yadav,Male,23,Agra,Uttar Pradesh,2025-01-04,18,6,227630.43000000002,5,3,3,533,11,Loyal Customers,Purchased
C1450,Nisha Tiwari,Female,31,Surat,Gujarat,2025-06-26,67,6,399500.95,3,3,4,334,10,Loyal Customers,Purchased
C1451,Tanya Malhotra,Male,44,Prayagraj,Uttar Pradesh,2024-03-17,131,4,103734.07,2,2,2,222,6,Hibernating,Purchased
C1452,Shreya Joshi,Male,51,Faridabad,Haryana,2025-05-03,88,4,164860.84999999998,3,2,3,323,8,Potential Loyalists,Purchased
C1453,Kavya Srivastava,Male,33,Kota,Rajasthan,2024-06-18,87,2,173909.53999999998,3,1,3,313,7,Potential Loyalists,Purchased
C1454,Aditi Singh,Female,28,Mumbai,Maharashtra,2025-05-19,30,12,330978.84,4,4,4,444,12,Champions,Purchased
C1455,Sameer Saxena,Female,29,Noida,Uttar Pradesh,2023-06-10,43,14,142626.18000000002,4,5,3,453,12,Loyal Customers,Purchased
C1456,Vivek Malhotra,Male,64,Mumbai,Maharashtra,2023-11-21,,,,,,,,,No Purchase,No Purchase
C1457,Neha Agarwal,Male,48,Gaya,Bihar,2023-08-23,50,11,305786.63,4,4,4,444,12,Champions,Purchased
C1458,Nisha Yadav,Male,65,Bengaluru,Karnataka,2024-03-21,19,8,59945.240000000005,5,4,2,542,11,At Risk,Purchased
C1459,Nikhil Kumar,Female,18,Hyderabad,Telangana,2025-06-10,119,5,384492.74,2,3,4,234,9,At Risk,Purchased
C1460,Manish Tiwari,Female,39,Ahmedabad,Gujarat,2023-05-06,34,10,245562.46,4,4,4,444,12,Champions,Purchased
C1461,Sneha Kumar,Male,39,Rajkot,Gujarat,2025-03-10,25,6,120179.87,4,3,2,432,9,Potential Loyalists,Purchased
C1462,Kavya Yadav,Female,37,Prayagraj,Uttar Pradesh,2025-06-28,30,12,789553.53,4,4,5,445,13,Champions,Purchased
C1463,Kavya Malhotra,Female,36,Indore,Madhya Pradesh,2025-01-04,100,3,220591.15000000002,3,2,3,323,8,Potential Loyalists,Purchased
C1464,Simran Kapoor,Female,21,Delhi,Delhi,2024-12-08,519,1,159866.91999999998,1,1,3,113,5,At Risk,Purchased
C1465,Priya Gupta,Male,19,Ahmedabad,Gujarat,2023-06-01,77,8,204100.59,3,4,3,343,10,Loyal Customers,Purchased
C1466,Arjun Saxena,Female,55,Jodhpur,Rajasthan,2024-11-01,,,,,,,,,No Purchase,No Purchase
C1467,Shreya Shah,Female,39,Jodhpur,Rajasthan,2023-09-05,273,2,35041.87,1,1,1,111,3,Hibernating,Purchased
C1468,Sakshi Saxena,Male,25,Bhopal,Madhya Pradesh,2023-09-27,20,3,115749.04000000001,5,2,2,522,9,New Customers,Purchased
C1469,Vivek Singh,Male,34,Prayagraj,Uttar Pradesh,2025-08-01,224,6,85838.25,2,3,2,232,7,At Risk,Purchased
C1470,Neha Sharma,Male,62,Madurai,Tamil Nadu,2024-11-04,14,21,844170.61,5,5,5,555,15,Champions,Purchased
C1471,Neha Joshi,Male,40,Mangaluru,Karnataka,2025-12-23,551,1,310.37,1,1,1,111,3,Hibernating,Purchased
C1472,Divya Gupta,Male,65,Mangaluru,Karnataka,2024-05-12,24,23,521351.71,5,5,5,555,15,Champions,Purchased
C1473,Priya Shah,Female,25,Prayagraj,Uttar Pradesh,2024-01-27,67,11,456508.87000000005,3,4,5,345,12,Loyal Customers,Purchased
C1474,Sneha Sharma,Female,23,Lucknow,Uttar Pradesh,2025-12-25,4,4,383997.99000000005,5,2,4,524,11,New Customers,Purchased
C1475,Isha Bansal,Male,45,Nagpur,Maharashtra,2024-11-12,34,3,46255.590000000004,4,2,1,421,7,New Customers,Purchased
C1476,Shreya Srivastava,Male,50,New Delhi,Delhi,2025-08-03,12,4,115210.83,5,2,2,522,9,New Customers,Purchased
C1477,Vivek Saxena,Female,65,Mangaluru,Karnataka,2023-02-18,117,8,476105.81,2,4,5,245,11,Can't Lose Them,Purchased
C1478,Rahul Chauhan,Female,40,Surat,Gujarat,2024-07-29,365,9,191065.47999999998,1,4,3,143,8,At Risk,Purchased
C1479,Nikhil Tiwari,Male,27,Vadodara,Gujarat,2025-06-13,126,3,38740.46,2,2,1,221,5,Hibernating,Purchased
C1480,Neha Jain,Female,43,Mangaluru,Karnataka,2025-06-04,34,11,308059.62,4,4,4,444,12,Champions,Purchased
C1481,Shreya Agarwal,Male,32,Mysuru,Karnataka,2025-02-21,123,5,269651.29000000004,2,3,4,234,9,At Risk,Purchased
C1482,Arjun Srivastava,Male,26,Mumbai,Maharashtra,2023-06-30,63,9,345659.48,3,4,4,344,11,Loyal Customers,Purchased
C1483,Pooja Tiwari,Female,22,Rajkot,Gujarat,2024-08-21,466,4,62245.49,1,2,2,122,5,Hibernating,Purchased
C1484,Neha Chauhan,Female,52,New Delhi,Delhi,2023-04-22,5,14,497098.56999999995,5,5,5,555,15,Champions,Purchased
C1485,Sameer Bansal,Male,48,Noida,Uttar Pradesh,2025-05-28,534,2,57799.99,1,1,2,112,4,Hibernating,Purchased
C1486,Varun Verma,Female,25,Mysuru,Karnataka,2024-11-21,27,6,108054.75,4,3,2,432,9,Potential Loyalists,Purchased
C1487,Vivek Tiwari,Female,44,Hubballi,Karnataka,2023-08-01,369,1,10114.62,1,1,1,111,3,Hibernating,Purchased
C1488,Shivam Tiwari,Male,60,Pune,Maharashtra,2025-03-06,187,10,558666.07,2,4,5,245,11,Can't Lose Them,Purchased
C1489,Yash Malhotra,Female,57,Rajkot,Gujarat,2025-02-26,,,,,,,,,No Purchase,No Purchase
C1490,Priya Srivastava,Male,39,Surat,Gujarat,2023-02-28,246,6,194068.81,1,3,3,133,7,At Risk,Purchased
C1491,Deepak Mehta,Male,20,Kota,Rajasthan,2023-04-08,451,2,27481.629999999997,1,1,1,111,3,Hibernating,Purchased
C1492,Vivek Tiwari,Male,48,Udaipur,Rajasthan,2023-08-09,25,26,1092325.89,4,5,5,455,14,Champions,Purchased
C1493,Karan Singh,Male,42,Jaipur,Rajasthan,2023-03-18,600,2,154948.97,1,1,3,113,5,At Risk,Purchased
C1494,Meera Srivastava,Male,62,Delhi,Delhi,2024-08-11,44,20,964189.54,4,5,5,455,14,Champions,Purchased
C1495,Rahul Singh,Female,44,Hyderabad,Telangana,2025-08-21,,,,,,,,,No Purchase,No Purchase
C1496,Ananya Mishra,Male,53,Chennai,Tamil Nadu,2023-03-10,44,14,853198.96,4,5,5,455,14,Champions,Purchased
C1497,Meera Kumar,Female,43,Mangaluru,Karnataka,2024-11-03,78,16,521580.02999999997,3,5,5,355,13,Loyal Customers,Purchased
C1498,Priya Patel,Male,43,Ahmedabad,Gujarat,2024-04-09,,,,,,,,,No Purchase,No Purchase
C1499,Deepak Verma,Female,33,Delhi,Delhi,2025-07-04,12,15,423937.12,5,5,5,555,15,Champions,Purchased
C1500,Shivam Chauhan,Female,37,Salem,Tamil Nadu,2024-06-11,271,3,32021.609999999997,1,2,1,121,4,Hibernating,Purchased
C1501,Aditya Mehta,Male,32,Kolkata,West Bengal,2025-01-02,,,,,,,,,No Purchase,No Purchase
C1502,Aditi Srivastava,Female,40,Faridabad,Haryana,2025-10-06,11,16,233900.07,5,5,3,553,13,Loyal Customers,Purchased
C1503,Tanya Yadav,Female,63,Bhopal,Madhya Pradesh,2023-05-30,59,9,379058.22,3,4,4,344,11,Loyal Customers,Purchased
C1504,Nikhil Sharma,Male,34,Chennai,Tamil Nadu,2023-12-12,38,4,236805.84,4,2,3,423,9,New Customers,Purchased
C1505,Vivek Bansal,Male,40,Coimbatore,Tamil Nadu,2023-10-23,93,12,396579.68,3,4,4,344,11,Loyal Customers,Purchased
C1506,Aarav Kapoor,Female,63,Hyderabad,Telangana,2023-07-04,281,1,18067.81,1,1,1,111,3,Hibernating,Purchased
C1507,Nikhil Shah,Female,25,New Delhi,Delhi,2024-12-10,218,3,19681.410000000003,2,2,1,221,5,Hibernating,Purchased
C1508,Divya Saxena,Male,30,Warangal,Telangana,2023-01-09,534,2,348828.79000000004,1,1,4,114,6,At Risk,Purchased
C1509,Nikhil Saxena,Female,41,Coimbatore,Tamil Nadu,2024-02-27,326,7,413012.56,1,3,4,134,8,At Risk,Purchased
C1510,Arjun Mehta,Male,37,Prayagraj,Uttar Pradesh,2023-05-14,159,10,438273.93,2,4,5,245,11,Can't Lose Them,Purchased
C1511,Manish Chauhan,Male,34,Varanasi,Uttar Pradesh,2024-11-04,19,18,720804.18,5,5,5,555,15,Champions,Purchased
C1512,Rohit Kapoor,Female,55,Panipat,Haryana,2025-04-02,93,5,165957.03999999998,3,3,3,333,9,Loyal Customers,Purchased
C1513,Amit Malhotra,Other,41,Ghaziabad,Uttar Pradesh,2024-05-26,103,4,177498.51,3,2,3,323,8,Potential Loyalists,Purchased
C1514,Ananya Agarwal,Male,35,Nashik,Maharashtra,2024-05-02,16,17,789782.35,5,5,5,555,15,Champions,Purchased
C1515,Divya Sharma,Male,40,New Delhi,Delhi,2024-05-07,44,6,192999.99,4,3,3,433,10,Loyal Customers,Purchased
C1516,Sakshi Verma,Male,60,Nagpur,Maharashtra,2023-08-06,384,1,8953.44,1,1,1,111,3,Hibernating,Purchased
C1517,Rahul Bansal,Female,65,Delhi,Delhi,2024-02-16,182,9,367588.24,2,4,4,244,10,Can't Lose Them,Purchased
C1518,Deepak Kapoor,Male,29,Siliguri,West Bengal,2025-10-18,423,1,13514.16,1,1,1,111,3,Hibernating,Purchased
C1519,Kavya Mishra,Male,19,Agra,Uttar Pradesh,2023-02-15,2,12,660927.61,5,4,5,545,14,Champions,Purchased
C1520,Sakshi Joshi,Male,19,Hyderabad,Telangana,2025-05-12,40,12,243313.35,4,4,4,444,12,Champions,Purchased
C1521,Shivam Gupta,Female,39,Panipat,Haryana,2023-06-30,17,8,346444.23000000004,5,4,4,544,13,Champions,Purchased
C1522,Sakshi Yadav,Male,48,Delhi,Delhi,2023-05-06,675,1,459.34,1,1,1,111,3,Hibernating,Purchased
C1523,Kavya Tiwari,Female,20,Kanpur,Uttar Pradesh,2023-11-09,339,1,16890.44,1,1,1,111,3,Hibernating,Purchased
C1524,Ananya Jain,Male,42,Vadodara,Gujarat,2023-10-22,61,10,321741.99,3,4,4,344,11,Loyal Customers,Purchased
C1525,Nisha Verma,Male,37,Kanpur,Uttar Pradesh,2023-12-13,9,5,202724.76,5,3,3,533,11,Loyal Customers,Purchased
C1526,Vikas Patel,Male,62,New Delhi,Delhi,2025-07-19,37,2,188981.96,4,1,3,413,8,New Customers,Purchased
C1527,Sneha Agarwal,Male,46,Muzaffarpur,Bihar,2025-09-17,21,19,837713.53,5,5,5,555,15,Champions,Purchased
C1528,Simran Kapoor,Male,38,Muzaffarpur,Bihar,2025-01-28,21,4,382707.33999999997,5,2,4,524,11,New Customers,Purchased
C1529,Meera Chauhan,Male,46,Durgapur,West Bengal,2023-06-10,29,1,8791.84,4,1,1,411,6,New Customers,Purchased
C1530,Ankit Mehta,Male,24,New Delhi,Delhi,2025-11-01,41,11,177692.41,4,4,3,443,11,Loyal Customers,Purchased
C1531,Aarav Mehta,Male,40,Jodhpur,Rajasthan,2025-07-16,53,7,192442.15,4,3,3,433,10,Loyal Customers,Purchased
C1532,Shreya Agarwal,Male,33,Jaipur,Rajasthan,2023-03-25,203,10,726003.19,2,4,5,245,11,Can't Lose Them,Purchased
C1533,Arjun Mehta,Male,26,Delhi,Delhi,2024-02-29,173,2,5488.75,2,1,1,211,4,Hibernating,Purchased
C1534,Vivek Mishra,Male,36,Jodhpur,Rajasthan,2025-04-29,76,13,659455.04,3,5,5,355,13,Loyal Customers,Purchased
C1535,Pooja Sharma,Male,48,Ghaziabad,Uttar Pradesh,2023-04-08,61,6,62280.229999999996,3,3,2,332,8,Potential Loyalists,Purchased
C1536,Sneha Srivastava,Female,45,Aurangabad,Maharashtra,2023-03-25,,,,,,,,,No Purchase,No Purchase
C1537,Vikas Jain,Female,64,Chennai,Tamil Nadu,2024-10-25,152,2,97477.28,2,1,2,212,5,Hibernating,Purchased
C1538,Aditi Patel,Female,31,Aurangabad,Maharashtra,2024-01-04,1,3,259914.91,5,2,4,524,11,New Customers,Purchased
C1539,Komal Singh,Male,51,Mumbai,Maharashtra,2024-04-28,217,2,52524.33,2,1,2,212,5,Hibernating,Purchased
C1540,Divya Saxena,Other,44,Hyderabad,Telangana,2025-04-01,471,1,8005.1,1,1,1,111,3,Hibernating,Purchased
C1541,Rohit Gupta,Female,59,Gaya,Bihar,2024-08-19,,,,,,,,,No Purchase,No Purchase
C1542,Aarav Jain,Male,61,Salem,Tamil Nadu,2025-02-17,62,8,189613.03,3,4,3,343,10,Loyal Customers,Purchased
C1543,Sakshi Saxena,Male,51,Warangal,Telangana,2023-05-19,357,4,158126.44,1,2,3,123,6,At Risk,Purchased
C1544,Simran Patel,Female,38,Muzaffarpur,Bihar,2023-01-03,154,6,82363.72,2,3,2,232,7,At Risk,Purchased
C1545,Nikhil Tiwari,Female,43,Varanasi,Uttar Pradesh,2023-10-03,23,12,790497.39,5,4,5,545,14,Champions,Purchased
C1546,Vikas Verma,Female,49,Hubballi,Karnataka,2023-08-10,7,6,139476.8,5,3,3,533,11,Loyal Customers,Purchased
C1547,Shreya Kapoor,Female,56,Hubballi,Karnataka,2023-12-21,367,3,3352.08,1,2,1,121,4,Hibernating,Purchased
C1548,Isha Chauhan,Female,28,Ghaziabad,Uttar Pradesh,2025-05-02,,,,,,,,,No Purchase,No Purchase
C1549,Kavya Shah,Female,59,Siliguri,West Bengal,2023-06-16,,,,,,,,,No Purchase,No Purchase
C1550,Priya Malhotra,Male,56,Mysuru,Karnataka,2023-05-19,46,11,329674.6,4,4,4,444,12,Champions,Purchased
C1551,Rakesh Agarwal,Male,22,Hubballi,Karnataka,2023-08-08,21,26,911909.34,5,5,5,555,15,Champions,Purchased
C1552,Neha Bansal,Female,30,Prayagraj,Uttar Pradesh,2023-12-24,13,12,610072.9,5,4,5,545,14,Champions,Purchased
C1553,Tanya Tiwari,Male,29,Aurangabad,Maharashtra,2023-08-05,285,2,40344.969999999994,1,1,1,111,3,Hibernating,Purchased
C1554,Varun Kapoor,Male,45,Bhopal,Madhya Pradesh,2023-07-21,160,2,11574.199999999999,2,1,1,211,4,Hibernating,Purchased
C1555,Varun Tiwari,Male,28,Ghaziabad,Uttar Pradesh,2024-09-26,164,7,298827.81,2,3,4,234,9,At Risk,Purchased
C1556,Aarav Mehta,Male,32,Thane,Maharashtra,2023-05-03,451,2,199430.63999999998,1,1,3,113,5,At Risk,Purchased
C1557,Aditi Mehta,Male,27,Delhi,Delhi,2023-06-18,90,4,69232.34,3,2,2,322,7,Potential Loyalists,Purchased
C1558,Neha Mishra,Female,21,Chennai,Tamil Nadu,2025-07-05,147,13,409578.35000000003,2,5,4,254,11,Can't Lose Them,Purchased
C1559,Simran Kapoor,Male,40,Vadodara,Gujarat,2023-01-20,,,,,,,,,No Purchase,No Purchase
C1560,Rohit Srivastava,Female,33,Madurai,Tamil Nadu,2023-03-09,13,13,111640.80000000002,5,5,2,552,12,At Risk,Purchased
C1561,Amit Joshi,Male,42,Prayagraj,Uttar Pradesh,2023-03-18,95,3,109107.43000000001,3,2,2,322,7,Potential Loyalists,Purchased
C1562,Ayush Verma,Female,28,Aurangabad,Maharashtra,2024-08-09,346,8,286190.58999999997,1,4,4,144,9,Can't Lose Them,Purchased
C1563,Deepak Shah,Female,31,Gurugram,Haryana,2025-01-30,586,1,133716.2,1,1,3,113,5,At Risk,Purchased
C1564,Sanjay Bansal,Female,60,Surat,Gujarat,2025-01-28,15,4,600452.9299999999,5,2,5,525,12,New Customers,Purchased
C1565,Nisha Tiwari,Male,56,Kota,Rajasthan,2025-01-25,24,27,1116947.94,5,5,5,555,15,Champions,Purchased
C1566,Mohit Gupta,Male,30,Kota,Rajasthan,2023-03-05,280,7,603893.8,1,3,5,135,9,At Risk,Purchased
C1567,Aditi Kumar,Female,25,Kolkata,West Bengal,2024-01-13,20,7,930562.8799999999,5,3,5,535,13,Loyal Customers,Purchased
C1568,Nisha Jain,Female,64,Kanpur,Uttar Pradesh,2024-11-24,89,8,430659.13,3,4,5,345,12,Loyal Customers,Purchased
C1569,Ankit Kumar,Male,50,Delhi,Delhi,2025-01-16,129,10,343489.44,2,4,4,244,10,Can't Lose Them,Purchased
C1570,Karan Chauhan,Female,41,Chennai,Tamil Nadu,2024-01-01,23,11,258596.07,5,4,4,544,13,Champions,Purchased
C1571,Aditi Jain,Female,51,Delhi,Delhi,2025-07-16,142,3,32934.26,2,2,1,221,5,Hibernating,Purchased
C1572,Deepak Shah,Male,28,Gurugram,Haryana,2025-07-01,64,13,478458.75,3,5,5,355,13,Loyal Customers,Purchased
C1573,Tanya Verma,Female,38,Chennai,Tamil Nadu,2025-04-18,3,29,714870.74,5,5,5,555,15,Champions,Purchased
C1574,Mohit Jain,Male,36,Durgapur,West Bengal,2025-05-23,249,5,187686.90000000002,1,3,3,133,7,At Risk,Purchased
C1575,Vikas Chauhan,Male,52,Faridabad,Haryana,2025-12-03,18,20,945003.26,5,5,5,555,15,Champions,Purchased
C1576,Amit Patel,Female,26,Madurai,Tamil Nadu,2025-05-19,14,24,643004.86,5,5,5,555,15,Champions,Purchased
C1577,Varun Sharma,Female,41,Gwalior,Madhya Pradesh,2024-10-03,8,11,485846.54000000004,5,4,5,545,14,Champions,Purchased
C1578,Vivek Verma,Female,58,Surat,Gujarat,2024-03-12,45,6,155786.11000000002,4,3,3,433,10,Loyal Customers,Purchased
C1579,Rahul Chauhan,Female,27,Faridabad,Haryana,2024-02-01,46,18,813780.27,4,5,5,455,14,Champions,Purchased
C1580,Sanjay Chauhan,Other,23,Delhi,Delhi,2025-06-19,,,,,,,,,No Purchase,No Purchase
C1581,Sameer Verma,Male,57,Madurai,Tamil Nadu,2024-11-20,1,20,550974.9,5,5,5,555,15,Champions,Purchased
C1582,Shreya Joshi,Male,59,Coimbatore,Tamil Nadu,2024-07-04,2,10,462352.65,5,4,5,545,14,Champions,Purchased
C1583,Manish Singh,Male,38,Varanasi,Uttar Pradesh,2024-02-19,155,5,54952.5,2,3,2,232,7,At Risk,Purchased
C1584,Sanjay Mehta,Female,20,Mysuru,Karnataka,2024-05-08,135,8,157654.97999999998,2,4,3,243,9,At Risk,Purchased
C1585,Varun Kumar,Male,43,Bhopal,Madhya Pradesh,2023-03-30,614,1,33385.91,1,1,1,111,3,Hibernating,Purchased
C1586,Riya Saxena,Female,32,Rajkot,Gujarat,2025-02-15,44,15,485116.54999999993,4,5,5,455,14,Champions,Purchased
C1587,Simran Tiwari,Male,46,Nagpur,Maharashtra,2023-03-15,78,5,121134.09,3,3,2,332,8,Potential Loyalists,Purchased
C1588,Divya Gupta,Male,24,Delhi,Delhi,2023-03-22,117,22,395604.88,2,5,4,254,11,Can't Lose Them,Purchased
C1589,Sakshi Patel,Female,56,Aurangabad,Maharashtra,2023-10-03,302,1,63399.2,1,1,2,112,4,Hibernating,Purchased
C1590,Isha Kumar,Female,50,Prayagraj,Uttar Pradesh,2024-08-04,434,1,2775.62,1,1,1,111,3,Hibernating,Purchased
C1591,Arjun Mishra,Male,48,Gwalior,Madhya Pradesh,2023-11-25,483,3,219525.19,1,2,3,123,6,At Risk,Purchased
C1592,Suresh Singh,Female,42,Mangaluru,Karnataka,2025-08-21,,,,,,,,,No Purchase,No Purchase
C1593,Ananya Yadav,Female,28,New Delhi,Delhi,2025-10-12,14,11,558664.53,5,4,5,545,14,Champions,Purchased
C1594,Ankit Chauhan,Female,63,Rajkot,Gujarat,2024-03-06,98,1,693.5,3,1,1,311,5,Potential Loyalists,Purchased
C1595,Nisha Sharma,Male,30,Varanasi,Uttar Pradesh,2025-12-30,131,2,5939.719999999999,2,1,1,211,4,Hibernating,Purchased
C1596,Aarav Srivastava,Female,35,Pune,Maharashtra,2023-04-08,,,,,,,,,No Purchase,No Purchase
C1597,Nisha Singh,Male,62,Jodhpur,Rajasthan,2023-06-07,47,2,113134.22,4,1,2,412,7,New Customers,Purchased
C1598,Yash Shah,Male,19,Surat,Gujarat,2024-01-16,112,19,455146.68,3,5,5,355,13,Loyal Customers,Purchased
C1599,Meera Patel,Female,24,Muzaffarpur,Bihar,2025-10-29,124,7,582482.57,2,3,5,235,10,At Risk,Purchased
C1600,Isha Tiwari,Male,54,Ahmedabad,Gujarat,2024-07-05,206,2,73350.34999999999,2,1,2,212,5,Hibernating,Purchased
C1601,Vikas Gupta,Male,35,Mangaluru,Karnataka,2025-02-12,185,5,240551.72999999998,2,3,4,234,9,At Risk,Purchased
C1602,Suresh Gupta,Male,45,Siliguri,West Bengal,2024-12-15,22,3,57170.89,5,2,2,522,9,New Customers,Purchased
C1603,Pooja Kapoor,Male,45,Indore,Madhya Pradesh,2024-06-29,259,1,4235.18,1,1,1,111,3,Hibernating,Purchased
C1604,Aditi Kapoor,Female,57,Siliguri,West Bengal,2025-10-17,64,4,217391.32,3,2,3,323,8,Potential Loyalists,Purchased
C1605,Isha Malhotra,Male,47,Muzaffarpur,Bihar,2025-11-11,39,17,751110.57,4,5,5,455,14,Champions,Purchased
C1606,Priya Sharma,Female,38,Warangal,Telangana,2024-05-05,209,4,641186.48,2,2,5,225,9,At Risk,Purchased
C1607,Varun Yadav,Female,44,Faridabad,Haryana,2025-02-20,74,15,811949.81,3,5,5,355,13,Loyal Customers,Purchased
C1608,Tanya Saxena,Male,53,Kanpur,Uttar Pradesh,2024-11-14,726,1,2268.22,1,1,1,111,3,Hibernating,Purchased
C1609,Deepak Joshi,Female,36,Kolkata,West Bengal,2024-10-12,61,10,276536.05,3,4,4,344,11,Loyal Customers,Purchased
C1610,Mohit Joshi,Male,26,Bengaluru,Karnataka,2023-04-22,62,16,709518.74,3,5,5,355,13,Loyal Customers,Purchased
C1611,Rohit Yadav,Male,41,Coimbatore,Tamil Nadu,2023-08-18,200,5,126202.76000000001,2,3,2,232,7,At Risk,Purchased
C1612,Shivam Yadav,Male,65,Udaipur,Rajasthan,2025-12-20,115,4,81592.07,2,2,2,222,6,Hibernating,Purchased
C1613,Rakesh Tiwari,Male,23,Patna,Bihar,2023-09-25,84,4,31501.260000000002,3,2,1,321,6,Potential Loyalists,Purchased
C1614,Ayush Kapoor,Male,26,Muzaffarpur,Bihar,2024-12-14,153,29,828966.89,2,5,5,255,12,Can't Lose Them,Purchased
C1615,Komal Kumar,Male,65,Nashik,Maharashtra,2025-09-25,66,9,138778.46,3,4,3,343,10,Loyal Customers,Purchased
C1616,Suresh Tiwari,Female,57,Kolkata,West Bengal,2024-10-21,21,27,1040635.6000000001,5,5,5,555,15,Champions,Purchased
C1617,Isha Mehta,Female,23,Durgapur,West Bengal,2023-08-24,462,4,152148.46,1,2,3,123,6,At Risk,Purchased
C1618,Vikas Mishra,Female,28,New Delhi,Delhi,2025-07-30,184,4,211682.01,2,2,3,223,7,At Risk,Purchased
C1619,Isha Agarwal,Female,51,Ghaziabad,Uttar Pradesh,2023-02-05,,,,,,,,,No Purchase,No Purchase
C1620,Meera Kapoor,Female,55,Lucknow,Uttar Pradesh,2025-03-02,441,3,315915.99,1,2,4,124,7,At Risk,Purchased
C1621,Mohit Agarwal,Male,53,Siliguri,West Bengal,2023-10-19,117,7,189300.88,2,3,3,233,8,At Risk,Purchased
C1622,Komal Mehta,Female,59,Coimbatore,Tamil Nadu,2024-12-02,11,6,216485.74000000002,5,3,3,533,11,Loyal Customers,Purchased
C1623,Komal Kapoor,Male,42,Muzaffarpur,Bihar,2024-06-10,121,6,229209.78999999998,2,3,3,233,8,At Risk,Purchased
C1624,Simran Gupta,Female,60,Mysuru,Karnataka,2024-09-15,107,6,128642.9,3,3,2,332,8,Potential Loyalists,Purchased
C1625,Komal Tiwari,Female,46,Muzaffarpur,Bihar,2024-02-23,7,4,51732.369999999995,5,2,2,522,9,New Customers,Purchased
C1626,Aditi Agarwal,Male,40,Mysuru,Karnataka,2024-08-02,14,31,1114542.32,5,5,5,555,15,Champions,Purchased
C1627,Nikhil Jain,Female,48,Hyderabad,Telangana,2025-10-21,,,,,,,,,No Purchase,No Purchase
C1628,Vikas Malhotra,Female,38,Varanasi,Uttar Pradesh,2025-06-23,315,1,183.20999999999998,1,1,1,111,3,Hibernating,Purchased
C1629,Divya Joshi,Female,47,Madurai,Tamil Nadu,2024-04-03,597,1,1140.65,1,1,1,111,3,Hibernating,Purchased
C1630,Tanya Jain,Male,58,Hyderabad,Telangana,2025-10-27,,,,,,,,,No Purchase,No Purchase
C1631,Komal Joshi,Female,63,Indore,Madhya Pradesh,2025-08-31,152,4,142320.31,2,2,3,223,7,At Risk,Purchased
C1632,Rakesh Tiwari,Female,45,Hyderabad,Telangana,2024-11-17,58,6,83261.81,3,3,2,332,8,Potential Loyalists,Purchased
C1633,Aarav Saxena,Male,18,Agra,Uttar Pradesh,2024-10-13,95,4,259656.52000000002,3,2,4,324,9,Potential Loyalists,Purchased
C1634,Deepak Saxena,Female,47,New Delhi,Delhi,2023-02-09,393,4,22439.54,1,2,1,121,4,Hibernating,Purchased
C1635,Vivek Yadav,Male,30,Noida,Uttar Pradesh,2023-08-21,98,11,292348.79,3,4,4,344,11,Loyal Customers,Purchased
C1636,Akash Jain,Female,29,Ghaziabad,Uttar Pradesh,2023-06-25,100,12,568727.21,3,4,5,345,12,Loyal Customers,Purchased
C1637,Manish Mehta,Male,60,Jaipur,Rajasthan,2025-07-28,55,17,378188.3,4,5,4,454,13,Champions,Purchased
C1638,Amit Sharma,Male,39,Siliguri,West Bengal,2023-10-24,235,4,17741.28,2,2,1,221,5,Hibernating,Purchased
C1639,Nisha Bansal,Male,55,Durgapur,West Bengal,2024-11-04,29,4,83646.48999999999,4,2,2,422,8,New Customers,Purchased
C1640,Manish Mishra,Female,35,Gurugram,Haryana,2025-08-07,,,,,,,,,No Purchase,No Purchase
C1641,Ayush Yadav,Female,47,Siliguri,West Bengal,2024-10-16,77,15,422523.18,3,5,5,355,13,Loyal Customers,Purchased
C1642,Kavya Yadav,Male,49,Hyderabad,Telangana,2025-05-04,91,7,576174.2000000001,3,3,5,335,11,Loyal Customers,Purchased
C1643,Meera Yadav,Male,60,Prayagraj,Uttar Pradesh,2025-04-28,245,5,169497.07,1,3,3,133,7,At Risk,Purchased
C1644,Shreya Mishra,Female,27,Nashik,Maharashtra,2024-05-04,155,2,75539.37000000001,2,1,2,212,5,Hibernating,Purchased
C1645,Varun Joshi,Male,44,Rajkot,Gujarat,2025-10-06,,,,,,,,,No Purchase,No Purchase
C1646,Sanjay Mehta,Male,37,Panipat,Haryana,2025-09-22,337,3,211767.64,1,2,3,123,6,At Risk,Purchased
C1647,Rakesh Yadav,Female,40,Kanpur,Uttar Pradesh,2024-01-05,99,5,157672.84,3,3,3,333,9,Loyal Customers,Purchased
C1648,Aditya Verma,Male,58,Chennai,Tamil Nadu,2025-06-16,88,6,133338.75,3,3,3,333,9,Loyal Customers,Purchased
C1649,Arjun Saxena,Female,24,Jodhpur,Rajasthan,2023-07-20,59,10,254697.08000000002,3,4,4,344,11,Loyal Customers,Purchased
C1650,Simran Singh,Male,44,Lucknow,Uttar Pradesh,2023-05-03,122,3,60621.58,2,2,2,222,6,Hibernating,Purchased
C1651,Sakshi Shah,Female,36,Mangaluru,Karnataka,2024-08-03,35,11,476083.21,4,4,5,445,13,Champions,Purchased
C1652,Divya Shah,Female,61,Gurugram,Haryana,2024-10-25,43,11,262959.76,4,4,4,444,12,Champions,Purchased
C1653,Shreya Mehta,Male,28,Kota,Rajasthan,2024-09-30,235,19,770555.1399999999,2,5,5,255,12,Can't Lose Them,Purchased
C1654,Rahul Srivastava,Female,29,Nashik,Maharashtra,2025-05-24,148,5,106483.04,2,3,2,232,7,At Risk,Purchased
C1655,Isha Joshi,Female,22,Gurugram,Haryana,2024-03-04,111,3,241519.62,3,2,4,324,9,Potential Loyalists,Purchased
C1656,Manish Chauhan,Female,39,Delhi,Delhi,2025-06-04,140,2,38545.55,2,1,1,211,4,Hibernating,Purchased
C1657,Karan Srivastava,Male,18,Panipat,Haryana,2025-09-14,249,5,64432.719999999994,1,3,2,132,6,At Risk,Purchased
C1658,Sanjay Verma,Male,42,New Delhi,Delhi,2023-04-11,673,2,73230.36,1,1,2,112,4,Hibernating,Purchased
C1659,Varun Verma,Female,28,Ahmedabad,Gujarat,2024-05-06,168,7,393839.24,2,3,4,234,9,At Risk,Purchased
C1660,Karan Mishra,Male,37,Mysuru,Karnataka,2023-09-03,710,1,64044.2,1,1,2,112,4,Hibernating,Purchased
C1661,Shreya Agarwal,Male,47,Nashik,Maharashtra,2024-12-19,,,,,,,,,No Purchase,No Purchase
C1662,Rohit Mehta,Male,50,Panipat,Haryana,2024-03-28,92,15,431667.64,3,5,5,355,13,Loyal Customers,Purchased
C1663,Deepak Verma,Female,20,Pune,Maharashtra,2023-11-05,153,1,109874.74,2,1,2,212,5,Hibernating,Purchased
C1664,Manish Verma,Male,25,Prayagraj,Uttar Pradesh,2023-10-03,58,1,20228.85,3,1,1,311,5,Potential Loyalists,Purchased
C1665,Rakesh Agarwal,Male,33,New Delhi,Delhi,2024-01-24,98,9,460022.08999999997,3,4,5,345,12,Loyal Customers,Purchased
C1666,Nikhil Malhotra,Female,42,Kolkata,West Bengal,2023-04-30,617,1,37250.82,1,1,1,111,3,Hibernating,Purchased
C1667,Vikas Malhotra,Male,60,Hyderabad,Telangana,2023-04-25,89,4,97406.0,3,2,2,322,7,Potential Loyalists,Purchased
C1668,Rohit Chauhan,Male,24,Patna,Bihar,2024-11-19,3,9,894570.9299999999,5,4,5,545,14,Champions,Purchased
C1669,Simran Verma,Male,21,New Delhi,Delhi,2025-10-29,215,2,15243.9,2,1,1,211,4,Hibernating,Purchased
C1670,Ayush Agarwal,Male,48,Mysuru,Karnataka,2024-07-09,47,15,749010.6,4,5,5,455,14,Champions,Purchased
C1671,Yash Chauhan,Other,64,Lucknow,Uttar Pradesh,2025-10-12,67,14,358405.94,3,5,4,354,12,Loyal Customers,Purchased
C1672,Sneha Malhotra,Male,57,Rajkot,Gujarat,2023-06-19,73,6,349381.22,3,3,4,334,10,Loyal Customers,Purchased
C1673,Isha Mehta,Female,45,Patna,Bihar,2025-12-01,49,11,486829.64,4,4,5,445,13,Champions,Purchased
C1674,Deepak Shah,Male,18,Udaipur,Rajasthan,2024-10-04,54,26,1052515.8399999999,4,5,5,455,14,Champions,Purchased
C1675,Deepak Singh,Male,45,Vadodara,Gujarat,2025-03-25,43,22,762492.11,4,5,5,455,14,Champions,Purchased
C1676,Tanya Srivastava,Male,39,Mangaluru,Karnataka,2023-03-09,202,2,15248.96,2,1,1,211,4,Hibernating,Purchased
C1677,Shreya Joshi,Female,39,Indore,Madhya Pradesh,2024-10-23,4,10,485425.17,5,4,5,545,14,Champions,Purchased
C1678,Isha Mehta,Male,41,Salem,Tamil Nadu,2024-02-24,,,,,,,,,No Purchase,No Purchase
C1679,Suresh Shah,Male,44,Lucknow,Uttar Pradesh,2025-09-10,64,8,470415.51,3,4,5,345,12,Loyal Customers,Purchased
C1680,Kavya Agarwal,Female,52,New Delhi,Delhi,2025-05-17,40,1,25496.6,4,1,1,411,6,New Customers,Purchased
C1681,Yash Yadav,Male,27,Ghaziabad,Uttar Pradesh,2025-08-04,8,4,250695.57,5,2,4,524,11,New Customers,Purchased
C1682,Tanya Bansal,Female,21,Nagpur,Maharashtra,2025-09-01,10,23,445097.19999999995,5,5,5,555,15,Champions,Purchased
C1683,Simran Shah,Male,20,Varanasi,Uttar Pradesh,2025-02-28,44,15,438406.27,4,5,5,455,14,Champions,Purchased
C1684,Divya Sharma,Male,37,Bengaluru,Karnataka,2023-09-26,,,,,,,,,No Purchase,No Purchase
C1685,Riya Agarwal,Female,42,Vadodara,Gujarat,2023-11-06,35,16,424632.60000000003,4,5,5,455,14,Champions,Purchased
C1686,Ananya Tiwari,Male,55,Delhi,Delhi,2025-07-30,37,17,371128.56,4,5,4,454,13,Champions,Purchased
C1687,Tanya Agarwal,Male,38,Mangaluru,Karnataka,2024-10-20,198,11,783461.75,2,4,5,245,11,Can't Lose Them,Purchased
C1688,Shivam Jain,Male,43,Gaya,Bihar,2025-09-03,43,9,412052.54000000004,4,4,4,444,12,Champions,Purchased
C1689,Priya Joshi,Male,64,Durgapur,West Bengal,2025-05-20,21,12,389636.43,5,4,4,544,13,Champions,Purchased
C1690,Nikhil Saxena,Female,53,Coimbatore,Tamil Nadu,2024-10-26,308,2,59622.86,1,1,2,112,4,Hibernating,Purchased
C1691,Deepak Malhotra,Male,51,Nagpur,Maharashtra,2023-06-16,162,5,42092.560000000005,2,3,1,231,6,At Risk,Purchased
C1692,Aditya Srivastava,Female,35,Gurugram,Haryana,2025-12-11,74,3,73757.26999999999,3,2,2,322,7,Potential Loyalists,Purchased
C1693,Aditi Kumar,Male,25,Thane,Maharashtra,2023-09-24,249,1,2342.01,1,1,1,111,3,Hibernating,Purchased
C1694,Sanjay Tiwari,Male,62,Delhi,Delhi,2023-09-27,,,,,,,,,No Purchase,No Purchase
C1695,Yash Tiwari,Male,44,Gwalior,Madhya Pradesh,2023-06-09,61,8,241688.83,3,4,4,344,11,Loyal Customers,Purchased
C1696,Arjun Shah,Female,21,Madurai,Tamil Nadu,2023-03-17,45,9,149122.27,4,4,3,443,11,Loyal Customers,Purchased
C1697,Suresh Joshi,Female,41,Kolkata,West Bengal,2024-02-15,191,2,7671.570000000001,2,1,1,211,4,Hibernating,Purchased
C1698,Vikas Verma,Female,22,Vadodara,Gujarat,2025-07-12,146,6,161351.09,2,3,3,233,8,At Risk,Purchased
C1699,Pooja Jain,Male,65,Kota,Rajasthan,2025-08-06,188,9,226638.62,2,4,3,243,9,At Risk,Purchased
C1700,Komal Verma,Male,43,New Delhi,Delhi,2024-06-21,27,7,105615.75,4,3,2,432,9,Potential Loyalists,Purchased
C1701,Meera Sharma,Female,55,Nagpur,Maharashtra,2023-12-11,69,8,313724.24,3,4,4,344,11,Loyal Customers,Purchased
C1702,Ayush Chauhan,Male,40,Delhi,Delhi,2024-01-15,,,,,,,,,No Purchase,No Purchase
C1703,Yash Yadav,Female,18,Kanpur,Uttar Pradesh,2025-10-03,19,32,1084958.04,5,5,5,555,15,Champions,Purchased
C1704,Sneha Mehta,Male,48,Panipat,Haryana,2023-03-02,18,3,88425.64,5,2,2,522,9,New Customers,Purchased
C1705,Rakesh Mishra,Male,49,Nashik,Maharashtra,2023-03-04,61,3,123040.4,3,2,2,322,7,Potential Loyalists,Purchased
C1706,Aditya Agarwal,Male,28,Vadodara,Gujarat,2023-03-12,275,1,13512.36,1,1,1,111,3,Hibernating,Purchased
C1707,Sneha Agarwal,Male,52,Warangal,Telangana,2025-08-30,135,9,228200.72,2,4,3,243,9,At Risk,Purchased
C1708,Shivam Mishra,Female,28,Warangal,Telangana,2023-04-10,461,1,1110.8,1,1,1,111,3,Hibernating,Purchased
C1709,Yash Joshi,Female,51,Hubballi,Karnataka,2025-10-27,146,3,12666.31,2,2,1,221,5,Hibernating,Purchased
C1710,Kavya Chauhan,Female,53,Hubballi,Karnataka,2023-07-21,277,3,97426.19,1,2,2,122,5,Hibernating,Purchased
C1711,Sneha Jain,Female,24,Patna,Bihar,2024-08-23,7,18,712131.9,5,5,5,555,15,Champions,Purchased
C1712,Arjun Chauhan,Male,32,Kota,Rajasthan,2025-11-28,37,4,210484.83000000002,4,2,3,423,9,New Customers,Purchased
C1713,Varun Malhotra,Female,25,Warangal,Telangana,2023-05-07,65,6,387693.70999999996,3,3,4,334,10,Loyal Customers,Purchased
C1714,Yash Joshi,Male,52,Bhopal,Madhya Pradesh,2023-11-05,31,7,605298.51,4,3,5,435,12,Loyal Customers,Purchased
C1715,Isha Verma,Female,29,Hyderabad,Telangana,2025-03-07,10,6,234831.53,5,3,3,533,11,Loyal Customers,Purchased
C1716,Amit Singh,Male,48,Nagpur,Maharashtra,2025-06-13,526,3,147816.28,1,2,3,123,6,At Risk,Purchased
C1717,Suresh Srivastava,Female,38,Vadodara,Gujarat,2025-09-20,41,8,223361.22,4,4,3,443,11,Loyal Customers,Purchased
C1718,Ayush Mehta,Female,21,Kanpur,Uttar Pradesh,2023-01-22,146,6,53065.3,2,3,2,232,7,At Risk,Purchased
C1719,Ananya Jain,Female,60,Jodhpur,Rajasthan,2025-04-30,11,7,336109.33999999997,5,3,4,534,12,Loyal Customers,Purchased
C1720,Vikas Saxena,Female,52,Muzaffarpur,Bihar,2023-12-19,130,3,106542.16,2,2,2,222,6,Hibernating,Purchased
C1721,Komal Mishra,Female,30,Coimbatore,Tamil Nadu,2024-09-02,156,8,224176.32,2,4,3,243,9,At Risk,Purchased
C1722,Komal Bansal,Female,60,Mangaluru,Karnataka,2025-09-19,28,23,719007.11,4,5,5,455,14,Champions,Purchased
C1723,Meera Mishra,Female,52,Noida,Uttar Pradesh,2025-09-14,20,6,245779.23000000004,5,3,4,534,12,Loyal Customers,Purchased
C1724,Ananya Tiwari,Male,57,Patna,Bihar,2023-07-22,69,3,431059.68,3,2,5,325,10,Potential Loyalists,Purchased
C1725,Divya Yadav,Female,26,Prayagraj,Uttar Pradesh,2024-05-30,340,4,137558.87,1,2,3,123,6,At Risk,Purchased
C1726,Nikhil Kumar,Male,18,Noida,Uttar Pradesh,2023-11-08,97,13,289522.44,3,5,4,354,12,Loyal Customers,Purchased
C1727,Vivek Malhotra,Female,20,Thane,Maharashtra,2024-11-04,33,7,135321.22999999998,4,3,3,433,10,Loyal Customers,Purchased
C1728,Ayush Gupta,Female,43,Ghaziabad,Uttar Pradesh,2025-06-24,156,2,12392.95,2,1,1,211,4,Hibernating,Purchased
C1729,Aarav Tiwari,Male,55,Mysuru,Karnataka,2023-12-15,30,3,319904.58999999997,4,2,4,424,10,New Customers,Purchased
C1730,Nisha Malhotra,Female,61,Salem,Tamil Nadu,2023-05-13,104,10,779012.28,3,4,5,345,12,Loyal Customers,Purchased
C1731,Arjun Verma,Male,64,New Delhi,Delhi,2023-03-12,84,5,311643.99,3,3,4,334,10,Loyal Customers,Purchased
C1732,Riya Verma,Female,46,Ghaziabad,Uttar Pradesh,2023-02-28,162,5,103138.76999999999,2,3,2,232,7,At Risk,Purchased
C1733,Sameer Tiwari,Female,48,Lucknow,Uttar Pradesh,2024-02-06,38,15,617674.23,4,5,5,455,14,Champions,Purchased
C1734,Manish Joshi,Female,31,New Delhi,Delhi,2025-11-23,24,5,136191.09999999998,5,3,3,533,11,Loyal Customers,Purchased
C1735,Rakesh Srivastava,Female,18,Kanpur,Uttar Pradesh,2023-10-03,13,5,111054.21000000002,5,3,2,532,10,Potential Loyalists,Purchased
C1736,Aarav Kumar,Male,27,Kota,Rajasthan,2024-03-19,111,10,423547.94,3,4,5,345,12,Loyal Customers,Purchased
C1737,Aditya Tiwari,Male,20,Mumbai,Maharashtra,2025-01-09,136,4,134768.45,2,2,3,223,7,At Risk,Purchased
C1738,Manish Shah,Female,50,Delhi,Delhi,2024-12-21,131,11,686466.84,2,4,5,245,11,Can't Lose Them,Purchased
C1739,Rohit Malhotra,Male,42,Bengaluru,Karnataka,2023-10-23,667,1,23486.16,1,1,1,111,3,Hibernating,Purchased
C1740,Varun Agarwal,Male,55,Mysuru,Karnataka,2023-05-20,91,2,42074.22,3,1,1,311,5,Potential Loyalists,Purchased
C1741,Simran Singh,Male,25,Varanasi,Uttar Pradesh,2023-06-21,78,9,372166.98,3,4,4,344,11,Loyal Customers,Purchased
C1742,Aditi Chauhan,Male,61,Lucknow,Uttar Pradesh,2023-08-30,12,6,317022.61,5,3,4,534,12,Loyal Customers,Purchased
C1743,Deepak Chauhan,Other,52,Faridabad,Haryana,2023-04-05,74,21,719879.16,3,5,5,355,13,Loyal Customers,Purchased
C1744,Kavya Agarwal,Male,61,Ghaziabad,Uttar Pradesh,2024-05-18,1,6,227301.01,5,3,3,533,11,Loyal Customers,Purchased
C1745,Aditi Tiwari,Male,49,Salem,Tamil Nadu,2024-12-08,14,8,388219.49,5,4,4,544,13,Champions,Purchased
C1746,Mohit Gupta,Female,34,Chennai,Tamil Nadu,2025-01-09,388,1,8238.62,1,1,1,111,3,Hibernating,Purchased
C1747,Priya Gupta,Female,48,Delhi,Delhi,2025-09-22,514,2,19898.38,1,1,1,111,3,Hibernating,Purchased
C1748,Vikas Singh,Male,46,Mangaluru,Karnataka,2023-11-18,10,16,443930.33999999997,5,5,5,555,15,Champions,Purchased
C1749,Priya Agarwal,Female,26,Hyderabad,Telangana,2024-12-17,7,4,21066.39,5,2,1,521,8,New Customers,Purchased
C1750,Aditi Singh,Male,22,Faridabad,Haryana,2025-08-26,,,,,,,,,No Purchase,No Purchase
C1751,Rahul Agarwal,Female,49,Nashik,Maharashtra,2023-02-01,27,8,284614.9,4,4,4,444,12,Champions,Purchased
C1752,Arjun Kumar,Male,22,Delhi,Delhi,2025-05-05,340,2,29323.760000000002,1,1,1,111,3,Hibernating,Purchased
C1753,Vivek Kapoor,Male,22,Pune,Maharashtra,2023-04-07,351,3,38380.95,1,2,1,121,4,Hibernating,Purchased
C1754,Sameer Saxena,Male,21,Mysuru,Karnataka,2024-08-26,1,23,652580.5499999999,5,5,5,555,15,Champions,Purchased
C1755,Akash Malhotra,Female,47,Udaipur,Rajasthan,2025-06-28,6,24,686824.99,5,5,5,555,15,Champions,Purchased
C1756,Varun Verma,Male,62,Thane,Maharashtra,2024-05-17,35,5,105604.64,4,3,2,432,9,Potential Loyalists,Purchased
C1757,Riya Bansal,Male,41,New Delhi,Delhi,2024-11-09,57,3,56881.27,4,2,2,422,8,New Customers,Purchased
C1758,Sameer Verma,Female,25,Indore,Madhya Pradesh,2024-09-24,171,4,74310.17,2,2,2,222,6,Hibernating,Purchased
C1759,Shivam Bansal,Male,42,Varanasi,Uttar Pradesh,2025-03-12,90,15,327311.76,3,5,4,354,12,Loyal Customers,Purchased
C1760,Aarav Mehta,Female,41,Hubballi,Karnataka,2025-07-29,,,,,,,,,No Purchase,No Purchase
C1761,Rahul Agarwal,Male,46,Kolkata,West Bengal,2023-05-28,12,12,199052.97,5,4,3,543,12,Loyal Customers,Purchased
C1762,Aditi Singh,Male,38,Lucknow,Uttar Pradesh,2024-03-31,40,6,276195.6,4,3,4,434,11,Loyal Customers,Purchased
C1763,Varun Saxena,Male,43,Prayagraj,Uttar Pradesh,2025-07-22,29,16,467318.38999999996,4,5,5,455,14,Champions,Purchased
C1764,Nikhil Tiwari,Male,33,Varanasi,Uttar Pradesh,2024-02-22,,,,,,,,,No Purchase,No Purchase
C1765,Komal Malhotra,Male,61,Gwalior,Madhya Pradesh,2024-06-19,39,23,676921.1699999999,4,5,5,455,14,Champions,Purchased
C1766,Sakshi Chauhan,Female,43,Prayagraj,Uttar Pradesh,2025-03-23,211,5,100710.76999999999,2,3,2,232,7,At Risk,Purchased
C1767,Sameer Tiwari,Female,32,Aurangabad,Maharashtra,2025-10-21,99,11,224361.19,3,4,3,343,10,Loyal Customers,Purchased
C1768,Aditya Gupta,Male,18,Lucknow,Uttar Pradesh,2023-10-03,279,1,147815.2,1,1,3,113,5,At Risk,Purchased
C1769,Shivam Kapoor,Male,50,Lucknow,Uttar Pradesh,2025-02-16,342,1,4706.0599999999995,1,1,1,111,3,Hibernating,Purchased
C1770,Vivek Mishra,Female,36,Ahmedabad,Gujarat,2023-02-03,69,12,329535.14,3,4,4,344,11,Loyal Customers,Purchased
C1771,Ankit Patel,Male,29,Mumbai,Maharashtra,2025-08-01,110,9,605418.72,3,4,5,345,12,Loyal Customers,Purchased
C1772,Neha Gupta,Female,41,Rajkot,Gujarat,2024-02-26,501,1,66861.37,1,1,2,112,4,Hibernating,Purchased
C1773,Manish Chauhan,Female,41,Vadodara,Gujarat,2023-11-06,23,9,279443.5,5,4,4,544,13,Champions,Purchased
C1774,Sneha Kapoor,Male,56,Gurugram,Haryana,2024-07-30,642,1,739.36,1,1,1,111,3,Hibernating,Purchased
C1775,Simran Yadav,Female,44,Lucknow,Uttar Pradesh,2024-09-22,,,,,,,,,No Purchase,No Purchase
C1776,Shivam Agarwal,Female,51,Gurugram,Haryana,2024-08-13,120,6,267757.27,2,3,4,234,9,At Risk,Purchased
C1777,Yash Jain,Female,49,Surat,Gujarat,2023-03-02,124,1,100.66000000000001,2,1,1,211,4,Hibernating,Purchased
C1778,Ankit Kapoor,Female,58,Nagpur,Maharashtra,2025-06-19,32,2,43724.600000000006,4,1,1,411,6,New Customers,Purchased
C1779,Varun Tiwari,Male,18,Kolkata,West Bengal,2024-01-10,163,4,63093.09,2,2,2,222,6,Hibernating,Purchased
C1780,Vikas Mishra,Female,36,Panipat,Haryana,2023-06-04,343,4,56077.27,1,2,2,122,5,Hibernating,Purchased
C1781,Rahul Patel,Male,52,Pune,Maharashtra,2024-09-11,7,7,173935.68,5,3,3,533,11,Loyal Customers,Purchased
C1782,Akash Mehta,Male,24,Bhopal,Madhya Pradesh,2024-11-12,118,16,800372.65,2,5,5,255,12,Can't Lose Them,Purchased
C1783,Nisha Agarwal,Other,39,Mysuru,Karnataka,2023-04-24,75,6,36735.270000000004,3,3,1,331,7,Potential Loyalists,Purchased
C1784,Ananya Shah,Male,37,Surat,Gujarat,2025-10-29,94,2,124859.22,3,1,2,312,6,Potential Loyalists,Purchased
C1785,Sakshi Kumar,Female,56,Muzaffarpur,Bihar,2024-10-19,14,10,120954.08,5,4,2,542,11,At Risk,Purchased
C1786,Sanjay Gupta,Female,64,Delhi,Delhi,2025-12-27,41,3,51613.02,4,2,2,422,8,New Customers,Purchased
C1787,Arjun Jain,Female,23,Hyderabad,Telangana,2025-01-04,77,5,123477.8,3,3,2,332,8,Potential Loyalists,Purchased
C1788,Neha Tiwari,Female,28,New Delhi,Delhi,2023-01-12,209,2,81207.8,2,1,2,212,5,Hibernating,Purchased
C1789,Akash Mishra,Female,55,Hyderabad,Telangana,2023-08-17,,,,,,,,,No Purchase,No Purchase
C1790,Suresh Verma,Other,26,Surat,Gujarat,2025-11-30,3,40,2196640.36,5,5,5,555,15,Champions,Purchased
C1791,Aditya Kapoor,Female,41,Nashik,Maharashtra,2024-09-04,361,1,12672.199999999999,1,1,1,111,3,Hibernating,Purchased
C1792,Komal Tiwari,Female,63,Mysuru,Karnataka,2023-05-14,,,,,,,,,No Purchase,No Purchase
C1793,Ananya Patel,Female,64,New Delhi,Delhi,2023-03-23,71,12,292556.37,3,4,4,344,11,Loyal Customers,Purchased
C1794,Suresh Sharma,Male,63,Kanpur,Uttar Pradesh,2024-08-10,,,,,,,,,No Purchase,No Purchase
C1795,Pooja Malhotra,Male,24,Kanpur,Uttar Pradesh,2024-10-12,240,1,21282.98,1,1,1,111,3,Hibernating,Purchased
C1796,Vikas Jain,Male,25,New Delhi,Delhi,2023-09-27,34,12,384271.8,4,4,4,444,12,Champions,Purchased
C1797,Ankit Malhotra,Male,26,Kanpur,Uttar Pradesh,2023-08-02,221,3,102800.49,2,2,2,222,6,Hibernating,Purchased
C1798,Aditi Yadav,Male,54,Thane,Maharashtra,2024-10-25,111,5,38860.700000000004,3,3,1,331,7,Potential Loyalists,Purchased
C1799,Komal Sharma,Female,26,Kolkata,West Bengal,2024-04-21,548,1,8783.75,1,1,1,111,3,Hibernating,Purchased
C1800,Ananya Mishra,Female,38,Jaipur,Rajasthan,2023-02-10,70,8,813247.59,3,4,5,345,12,Loyal Customers,Purchased
C1801,Aditya Kapoor,Female,57,Siliguri,West Bengal,2023-03-05,330,4,95909.70999999999,1,2,2,122,5,Hibernating,Purchased
C1802,Arjun Agarwal,Female,41,Delhi,Delhi,2023-09-18,17,8,159957.97,5,4,3,543,12,Loyal Customers,Purchased
C1803,Komal Verma,Female,63,Gurugram,Haryana,2024-09-09,88,12,365262.04,3,4,4,344,11,Loyal Customers,Purchased
C1804,Sakshi Patel,Female,41,Ahmedabad,Gujarat,2023-11-26,30,7,292180.7,4,3,4,434,11,Loyal Customers,Purchased
C1805,Varun Bansal,Female,36,Varanasi,Uttar Pradesh,2023-01-17,333,1,56.89,1,1,1,111,3,Hibernating,Purchased
C1806,Yash Kumar,Male,64,Kanpur,Uttar Pradesh,2025-09-29,286,8,169887.58000000002,1,4,3,143,8,At Risk,Purchased
C1807,Pooja Malhotra,Female,44,Udaipur,Rajasthan,2025-01-29,11,6,136976.59,5,3,3,533,11,Loyal Customers,Purchased
C1808,Nikhil Malhotra,Male,26,Mumbai,Maharashtra,2024-10-01,6,7,273455.37,5,3,4,534,12,Loyal Customers,Purchased
C1809,Sanjay Agarwal,Male,48,Chennai,Tamil Nadu,2023-09-25,112,5,28457.52,3,3,1,331,7,Potential Loyalists,Purchased
C1810,Ananya Chauhan,Male,55,Gaya,Bihar,2025-02-14,191,11,320494.01,2,4,4,244,10,Can't Lose Them,Purchased
C1811,Yash Srivastava,Female,58,Kanpur,Uttar Pradesh,2025-11-02,544,1,27154.71,1,1,1,111,3,Hibernating,Purchased
C1812,Kavya Mishra,Female,18,Prayagraj,Uttar Pradesh,2025-01-10,54,6,174124.02,4,3,3,433,10,Loyal Customers,Purchased
C1813,Manish Sharma,Male,23,Gaya,Bihar,2023-11-20,110,3,150196.47,3,2,3,323,8,Potential Loyalists,Purchased
C1814,Ayush Mishra,Female,48,Surat,Gujarat,2024-03-05,3,6,125857.88,5,3,2,532,10,Potential Loyalists,Purchased
C1815,Aditya Verma,Male,53,Lucknow,Uttar Pradesh,2025-10-14,64,11,504669.18000000005,3,4,5,345,12,Loyal Customers,Purchased
C1816,Rahul Shah,Male,49,Gurugram,Haryana,2023-01-16,15,15,208176.93,5,5,3,553,13,Loyal Customers,Purchased
C1817,Mohit Tiwari,Male,36,Panipat,Haryana,2023-08-31,185,4,88511.34,2,2,2,222,6,Hibernating,Purchased
C1818,Amit Srivastava,Male,54,Chennai,Tamil Nadu,2023-04-28,68,10,281321.46,3,4,4,344,11,Loyal Customers,Purchased
C1819,Suresh Mishra,Female,45,Vadodara,Gujarat,2024-12-03,82,10,503467.45,3,4,5,345,12,Loyal Customers,Purchased
C1820,Varun Jain,Male,62,Thane,Maharashtra,2024-05-17,39,2,23681.61,4,1,1,411,6,New Customers,Purchased
C1821,Tanya Sharma,Male,35,Ghaziabad,Uttar Pradesh,2023-05-26,19,9,154698.21000000002,5,4,3,543,12,Loyal Customers,Purchased
C1822,Aditi Shah,Male,54,Surat,Gujarat,2025-10-27,,,,,,,,,No Purchase,No Purchase
C1823,Komal Singh,Female,24,New Delhi,Delhi,2024-08-27,27,3,56882.920000000006,4,2,2,422,8,New Customers,Purchased
C1824,Vikas Tiwari,Other,53,Kota,Rajasthan,2023-09-30,551,1,10072.619999999999,1,1,1,111,3,Hibernating,Purchased
C1825,Priya Srivastava,Female,53,Warangal,Telangana,2025-11-01,53,8,276425.73,4,4,4,444,12,Champions,Purchased
C1826,Varun Verma,Female,30,Kanpur,Uttar Pradesh,2025-02-03,8,16,293152.78,5,5,4,554,14,Champions,Purchased
C1827,Ankit Malhotra,Female,20,Vadodara,Gujarat,2023-05-23,18,5,173133.06999999998,5,3,3,533,11,Loyal Customers,Purchased
C1828,Aarav Mehta,Male,65,Pune,Maharashtra,2025-06-24,80,8,235199.97,3,4,3,343,10,Loyal Customers,Purchased
C1829,Shivam Saxena,Male,21,Panipat,Haryana,2023-03-06,110,1,50648.1,3,1,1,311,5,Potential Loyalists,Purchased
C1830,Varun Patel,Female,40,Thane,Maharashtra,2025-09-19,39,9,185702.47,4,4,3,443,11,Loyal Customers,Purchased
C1831,Kavya Gupta,Male,18,Surat,Gujarat,2024-03-06,12,20,567533.07,5,5,5,555,15,Champions,Purchased
C1832,Amit Joshi,Male,38,Coimbatore,Tamil Nadu,2023-11-18,104,3,36391.29,3,2,1,321,6,Potential Loyalists,Purchased
C1833,Tanya Singh,Male,57,Mysuru,Karnataka,2023-02-28,394,1,70018.93,1,1,2,112,4,Hibernating,Purchased
C1834,Sneha Mehta,Male,42,Jaipur,Rajasthan,2025-10-16,79,2,23772.04,3,1,1,311,5,Potential Loyalists,Purchased
C1835,Ayush Verma,Male,29,Kolkata,West Bengal,2024-09-04,155,5,140278.02,2,3,3,233,8,At Risk,Purchased
C1836,Kavya Malhotra,Male,36,Rajkot,Gujarat,2024-10-27,16,7,79357.26000000001,5,3,2,532,10,Potential Loyalists,Purchased
C1837,Kavya Saxena,Male,22,Siliguri,West Bengal,2025-07-20,31,5,242755.28999999998,4,3,4,434,11,Loyal Customers,Purchased
C1838,Mohit Kumar,Female,46,Patna,Bihar,2024-07-10,67,18,584993.76,3,5,5,355,13,Loyal Customers,Purchased
C1839,Amit Jain,Female,18,Bengaluru,Karnataka,2023-11-14,34,14,325266.46,4,5,4,454,13,Champions,Purchased
C1840,Nikhil Kapoor,Male,34,Coimbatore,Tamil Nadu,2025-05-02,326,1,8463.960000000001,1,1,1,111,3,Hibernating,Purchased
C1841,Priya Gupta,Male,20,Ghaziabad,Uttar Pradesh,2024-08-03,164,7,124655.74,2,3,2,232,7,At Risk,Purchased
C1842,Divya Mehta,Male,29,Hyderabad,Telangana,2023-09-19,39,18,695288.3099999999,4,5,5,455,14,Champions,Purchased
C1843,Meera Malhotra,Male,21,Salem,Tamil Nadu,2025-07-13,16,10,220228.33000000002,5,4,3,543,12,Loyal Customers,Purchased
C1844,Rakesh Agarwal,Male,62,Mysuru,Karnataka,2025-06-08,230,3,65628.54,2,2,2,222,6,Hibernating,Purchased
C1845,Rohit Saxena,Male,55,Prayagraj,Uttar Pradesh,2023-09-28,26,15,528235.58,4,5,5,455,14,Champions,Purchased
C1846,Divya Shah,Female,62,Panipat,Haryana,2024-12-12,92,9,338759.24,3,4,4,344,11,Loyal Customers,Purchased
C1847,Manish Joshi,Female,50,Bengaluru,Karnataka,2025-10-05,108,10,253907.34000000003,3,4,4,344,11,Loyal Customers,Purchased
C1848,Suresh Kumar,Female,41,Jaipur,Rajasthan,2025-05-25,380,3,94475.81999999999,1,2,2,122,5,Hibernating,Purchased
C1849,Deepak Sharma,Female,26,Ghaziabad,Uttar Pradesh,2023-08-06,141,4,54077.83,2,2,2,222,6,Hibernating,Purchased
C1850,Aarav Singh,Female,64,Muzaffarpur,Bihar,2025-07-26,27,41,1024801.4400000001,4,5,5,455,14,Champions,Purchased
C1851,Sneha Tiwari,Female,62,Mumbai,Maharashtra,2023-03-03,599,1,624.13,1,1,1,111,3,Hibernating,Purchased
C1852,Nikhil Srivastava,Female,37,Nashik,Maharashtra,2024-11-06,147,3,190190.84999999998,2,2,3,223,7,At Risk,Purchased
C1853,Suresh Saxena,Female,28,Panipat,Haryana,2024-07-13,173,3,84736.58,2,2,2,222,6,Hibernating,Purchased
C1854,Suresh Gupta,Female,36,Gwalior,Madhya Pradesh,2023-02-10,4,33,1040189.19,5,5,5,555,15,Champions,Purchased
C1855,Rahul Shah,Female,36,Pune,Maharashtra,2025-03-05,284,1,524.6800000000001,1,1,1,111,3,Hibernating,Purchased
C1856,Sanjay Bansal,Female,62,Hubballi,Karnataka,2023-11-23,89,3,69655.54999999999,3,2,2,322,7,Potential Loyalists,Purchased
C1857,Ananya Malhotra,Male,21,Siliguri,West Bengal,2025-07-22,643,1,70335.26000000001,1,1,2,112,4,Hibernating,Purchased
C1858,Yash Kumar,Male,48,Panipat,Haryana,2025-08-19,258,5,97334.2,1,3,2,132,6,At Risk,Purchased
C1859,Nikhil Srivastava,Male,54,New Delhi,Delhi,2024-10-08,115,2,7505.37,2,1,1,211,4,Hibernating,Purchased
C1860,Aarav Gupta,Male,54,Madurai,Tamil Nadu,2024-11-17,45,5,291050.56,4,3,4,434,11,Loyal Customers,Purchased
C1861,Vivek Gupta,Male,27,Kolkata,West Bengal,2023-02-27,359,3,143072.7,1,2,3,123,6,At Risk,Purchased
C1862,Sneha Tiwari,Male,37,Siliguri,West Bengal,2025-09-01,97,12,154941.85,3,4,3,343,10,Loyal Customers,Purchased
C1863,Priya Patel,Male,34,Hyderabad,Telangana,2025-01-16,11,7,156441.27,5,3,3,533,11,Loyal Customers,Purchased
C1864,Nisha Agarwal,Female,37,Surat,Gujarat,2024-02-26,11,15,561623.26,5,5,5,555,15,Champions,Purchased
C1865,Neha Mehta,Male,22,Prayagraj,Uttar Pradesh,2023-04-04,147,4,105186.84000000001,2,2,2,222,6,Hibernating,Purchased
C1866,Simran Chauhan,Male,21,Bhopal,Madhya Pradesh,2024-07-06,366,3,107759.94,1,2,2,122,5,Hibernating,Purchased
C1867,Ankit Kumar,Male,19,Gurugram,Haryana,2025-09-13,9,6,115894.79,5,3,2,532,10,Potential Loyalists,Purchased
C1868,Manish Bansal,Male,64,Hyderabad,Telangana,2025-08-02,16,2,54343.06,5,1,2,512,8,New Customers,Purchased
C1869,Riya Mishra,Female,38,Kanpur,Uttar Pradesh,2023-04-19,3,1,83640.92,5,1,2,512,8,New Customers,Purchased
C1870,Manish Kumar,Female,28,Thane,Maharashtra,2025-04-14,185,5,144288.84,2,3,3,233,8,At Risk,Purchased
C1871,Meera Jain,Male,56,Kolkata,West Bengal,2023-03-31,12,9,465679.2,5,4,5,545,14,Champions,Purchased
C1872,Nikhil Shah,Female,41,Noida,Uttar Pradesh,2024-02-18,302,2,33487.03,1,1,1,111,3,Hibernating,Purchased
C1873,Karan Verma,Male,35,Gaya,Bihar,2024-05-04,9,14,535111.22,5,5,5,555,15,Champions,Purchased
C1874,Simran Jain,Female,23,Delhi,Delhi,2023-01-25,,,,,,,,,No Purchase,No Purchase
C1875,Karan Joshi,Female,36,Siliguri,West Bengal,2023-05-31,72,4,164944.22999999998,3,2,3,323,8,Potential Loyalists,Purchased
C1876,Riya Mehta,Female,49,Gurugram,Haryana,2025-08-21,318,2,144723.46000000002,1,1,3,113,5,At Risk,Purchased
C1877,Divya Kapoor,Male,47,Bengaluru,Karnataka,2024-11-20,159,12,421782.7,2,4,5,245,11,Can't Lose Them,Purchased
C1878,Deepak Saxena,Female,36,Delhi,Delhi,2025-05-11,8,16,894018.42,5,5,5,555,15,Champions,Purchased
C1879,Nikhil Jain,Female,47,Rajkot,Gujarat,2024-09-17,75,4,182137.34999999998,3,2,3,323,8,Potential Loyalists,Purchased
C1880,Neha Jain,Female,54,Ahmedabad,Gujarat,2024-05-06,414,2,45334.51,1,1,1,111,3,Hibernating,Purchased
C1881,Shivam Patel,Male,62,Bengaluru,Karnataka,2023-01-20,651,2,1232.19,1,1,1,111,3,Hibernating,Purchased
C1882,Arjun Mehta,Male,43,Ahmedabad,Gujarat,2025-04-23,76,27,1635296.95,3,5,5,355,13,Loyal Customers,Purchased
C1883,Karan Kumar,Male,28,Bhopal,Madhya Pradesh,2023-08-12,31,7,19585.47,4,3,1,431,8,Potential Loyalists,Purchased
C1884,Yash Mishra,Male,24,Hubballi,Karnataka,2024-06-21,80,3,187574.0,3,2,3,323,8,Potential Loyalists,Purchased
C1885,Sakshi Gupta,Female,25,Mumbai,Maharashtra,2024-03-27,105,9,371873.32999999996,3,4,4,344,11,Loyal Customers,Purchased
C1886,Meera Agarwal,Male,18,Delhi,Delhi,2025-08-11,272,4,13964.85,1,2,1,121,4,Hibernating,Purchased
C1887,Arjun Chauhan,Male,44,Bengaluru,Karnataka,2023-06-28,,,,,,,,,No Purchase,No Purchase
C1888,Manish Mehta,Female,28,Prayagraj,Uttar Pradesh,2023-04-26,,,,,,,,,No Purchase,No Purchase
C1889,Rohit Jain,Female,28,Pune,Maharashtra,2023-08-19,556,2,263958.22000000003,1,1,4,114,6,At Risk,Purchased
C1890,Sakshi Mehta,Other,52,Kota,Rajasthan,2023-06-21,42,4,219236.87,4,2,3,423,9,New Customers,Purchased
C1891,Amit Malhotra,Female,33,New Delhi,Delhi,2025-07-15,37,7,36429.590000000004,4,3,1,431,8,Potential Loyalists,Purchased
C1892,Ananya Jain,Female,57,Patna,Bihar,2023-10-13,284,4,17644.519999999997,1,2,1,121,4,Hibernating,Purchased
C1893,Mohit Jain,Female,24,Pune,Maharashtra,2024-02-01,291,2,1168.05,1,1,1,111,3,Hibernating,Purchased
C1894,Akash Kapoor,Male,34,Prayagraj,Uttar Pradesh,2023-10-09,23,10,333903.37,5,4,4,544,13,Champions,Purchased
C1895,Nikhil Singh,Male,20,Siliguri,West Bengal,2025-06-11,106,6,124009.87,3,3,2,332,8,Potential Loyalists,Purchased
C1896,Aarav Shah,Female,43,Faridabad,Haryana,2024-12-28,69,7,85766.16,3,3,2,332,8,Potential Loyalists,Purchased
C1897,Shivam Shah,Male,23,Thane,Maharashtra,2024-06-02,404,3,102128.44,1,2,2,122,5,Hibernating,Purchased
C1898,Sneha Bansal,Male,29,Nashik,Maharashtra,2025-05-24,114,9,360804.68999999994,3,4,4,344,11,Loyal Customers,Purchased
C1899,Ankit Chauhan,Female,53,Nashik,Maharashtra,2023-03-19,303,5,377028.64,1,3,4,134,8,At Risk,Purchased
C1900,Simran Bansal,Male,60,Coimbatore,Tamil Nadu,2025-01-12,36,10,319015.77,4,4,4,444,12,Champions,Purchased
C1901,Nisha Shah,Male,44,Bengaluru,Karnataka,2024-01-31,155,3,2191.74,2,2,1,221,5,Hibernating,Purchased
C1902,Sameer Gupta,Male,64,Mumbai,Maharashtra,2024-02-20,36,15,481040.57,4,5,5,455,14,Champions,Purchased
C1903,Shreya Mehta,Male,54,Noida,Uttar Pradesh,2023-06-23,45,13,463977.12,4,5,5,455,14,Champions,Purchased
C1904,Rahul Saxena,Female,54,Madurai,Tamil Nadu,2023-04-17,61,10,256773.44,3,4,4,344,11,Loyal Customers,Purchased
C1905,Shreya Tiwari,Male,65,Gaya,Bihar,2025-01-29,148,3,184008.90000000002,2,2,3,223,7,At Risk,Purchased
C1906,Aditya Saxena,Male,22,Udaipur,Rajasthan,2025-07-19,406,1,1174.51,1,1,1,111,3,Hibernating,Purchased
C1907,Kavya Gupta,Male,29,Salem,Tamil Nadu,2025-09-24,130,11,584834.9199999999,2,4,5,245,11,Can't Lose Them,Purchased
C1908,Kavya Kapoor,Female,38,Lucknow,Uttar Pradesh,2025-04-15,422,1,7321.009999999999,1,1,1,111,3,Hibernating,Purchased
C1909,Ankit Srivastava,Male,47,Aurangabad,Maharashtra,2023-05-02,41,12,272986.76,4,4,4,444,12,Champions,Purchased
C1910,Shreya Malhotra,Male,65,Delhi,Delhi,2025-05-02,427,1,13166.16,1,1,1,111,3,Hibernating,Purchased
C1911,Tanya Malhotra,Female,22,Siliguri,West Bengal,2024-09-11,176,2,80536.15000000001,2,1,2,212,5,Hibernating,Purchased
C1912,Arjun Shah,Male,29,Faridabad,Haryana,2025-08-01,191,8,224378.26,2,4,3,243,9,At Risk,Purchased
C1913,Mohit Joshi,Female,32,Indore,Madhya Pradesh,2023-03-16,135,2,16826.61,2,1,1,211,4,Hibernating,Purchased
C1914,Sanjay Yadav,Male,50,Patna,Bihar,2025-04-30,17,17,562350.94,5,5,5,555,15,Champions,Purchased
C1915,Kavya Singh,Male,63,Patna,Bihar,2024-05-26,317,5,265068.12,1,3,4,134,8,At Risk,Purchased
C1916,Kavya Saxena,Male,63,Gaya,Bihar,2024-09-14,71,6,360919.05000000005,3,3,4,334,10,Loyal Customers,Purchased
C1917,Shivam Tiwari,Female,53,Agra,Uttar Pradesh,2024-08-13,,,,,,,,,No Purchase,No Purchase
C1918,Komal Srivastava,Male,55,Lucknow,Uttar Pradesh,2025-02-21,231,1,2122.92,2,1,1,211,4,Hibernating,Purchased
C1919,Deepak Mishra,Male,37,New Delhi,Delhi,2024-10-17,52,7,238776.18,4,3,3,433,10,Loyal Customers,Purchased
C1920,Akash Singh,Female,47,Chennai,Tamil Nadu,2024-03-31,252,3,48990.619999999995,1,2,1,121,4,Hibernating,Purchased
C1921,Isha Yadav,Male,26,Varanasi,Uttar Pradesh,2024-04-21,134,11,389443.05,2,4,4,244,10,Can't Lose Them,Purchased
C1922,Aarav Saxena,Female,42,Panipat,Haryana,2023-03-19,,,,,,,,,No Purchase,No Purchase
C1923,Riya Malhotra,Other,32,Vadodara,Gujarat,2025-03-04,193,13,669773.12,2,5,5,255,12,Can't Lose Them,Purchased
C1924,Shivam Chauhan,Female,62,Chennai,Tamil Nadu,2025-02-11,,,,,,,,,No Purchase,No Purchase
C1925,Arjun Mishra,Male,35,Mumbai,Maharashtra,2024-09-12,,,,,,,,,No Purchase,No Purchase
C1926,Manish Mehta,Male,36,Mumbai,Maharashtra,2025-03-01,89,7,127930.92,3,3,2,332,8,Potential Loyalists,Purchased
C1927,Riya Bansal,Female,37,Thane,Maharashtra,2023-10-22,103,7,278470.27,3,3,4,334,10,Loyal Customers,Purchased
C1928,Rohit Verma,Male,61,Panipat,Haryana,2023-09-02,29,6,96428.13000000002,4,3,2,432,9,Potential Loyalists,Purchased
C1929,Rohit Chauhan,Male,62,Surat,Gujarat,2025-10-09,251,3,275499.45,1,2,4,124,7,At Risk,Purchased
C1930,Sakshi Mehta,Female,38,Kolkata,West Bengal,2025-11-10,44,12,435735.45,4,4,5,445,13,Champions,Purchased
C1931,Deepak Sharma,Female,65,New Delhi,Delhi,2025-07-22,134,2,11973.230000000001,2,1,1,211,4,Hibernating,Purchased
C1932,Divya Sharma,Male,54,Delhi,Delhi,2023-02-27,20,11,293765.08999999997,5,4,4,544,13,Champions,Purchased
C1933,Pooja Srivastava,Male,58,Bengaluru,Karnataka,2024-08-23,37,3,108608.48999999999,4,2,2,422,8,New Customers,Purchased
C1934,Nisha Joshi,Female,61,Durgapur,West Bengal,2025-03-16,5,11,532077.03,5,4,5,545,14,Champions,Purchased
C1935,Ankit Bansal,Female,33,Siliguri,West Bengal,2023-02-10,121,4,42369.92,2,2,1,221,5,Hibernating,Purchased
C1936,Shivam Bansal,Female,44,Mumbai,Maharashtra,2025-11-26,87,11,349638.93,3,4,4,344,11,Loyal Customers,Purchased
C1937,Kavya Jain,Male,31,Gwalior,Madhya Pradesh,2025-05-11,671,1,7473.6,1,1,1,111,3,Hibernating,Purchased
C1938,Neha Bansal,Male,32,Agra,Uttar Pradesh,2023-12-05,345,3,59884.630000000005,1,2,2,122,5,Hibernating,Purchased
C1939,Nikhil Tiwari,Male,40,Panipat,Haryana,2024-07-08,8,29,639041.11,5,5,5,555,15,Champions,Purchased
C1940,Deepak Gupta,Male,20,Noida,Uttar Pradesh,2025-09-26,294,1,268.42,1,1,1,111,3,Hibernating,Purchased
C1941,Sneha Bansal,Female,28,Nagpur,Maharashtra,2025-07-23,147,11,496620.67,2,4,5,245,11,Can't Lose Them,Purchased
C1942,Shreya Mishra,Male,56,Faridabad,Haryana,2025-06-23,15,29,1162663.85,5,5,5,555,15,Champions,Purchased
C1943,Aarav Mishra,Male,25,Nashik,Maharashtra,2025-12-13,115,10,322150.6,2,4,4,244,10,Can't Lose Them,Purchased
C1944,Pooja Jain,Female,47,Bengaluru,Karnataka,2025-03-25,,,,,,,,,No Purchase,No Purchase
C1945,Rakesh Srivastava,Male,54,Mangaluru,Karnataka,2025-10-21,558,1,1320.23,1,1,1,111,3,Hibernating,Purchased
C1946,Vikas Sharma,Male,30,Aurangabad,Maharashtra,2025-11-10,2,8,260370.61,5,4,4,544,13,Champions,Purchased
C1947,Arjun Jain,Female,39,Durgapur,West Bengal,2023-01-22,34,8,88323.86,4,4,2,442,10,At Risk,Purchased
C1948,Sameer Malhotra,Male,60,Gurugram,Haryana,2024-12-17,17,16,613741.29,5,5,5,555,15,Champions,Purchased
C1949,Kavya Kumar,Female,58,Panipat,Haryana,2024-01-01,21,16,394373.43,5,5,4,554,14,Champions,Purchased
C1950,Meera Bansal,Male,62,Delhi,Delhi,2024-06-25,104,4,116786.67000000001,3,2,2,322,7,Potential Loyalists,Purchased
C1951,Aditya Tiwari,Male,48,Chennai,Tamil Nadu,2023-07-03,105,8,216917.14,3,4,3,343,10,Loyal Customers,Purchased
C1952,Sakshi Singh,Female,60,Mumbai,Maharashtra,2025-01-09,317,4,115665.86,1,2,2,122,5,Hibernating,Purchased
C1953,Tanya Gupta,Male,37,Aurangabad,Maharashtra,2025-07-03,242,8,190281.36,1,4,3,143,8,At Risk,Purchased
C1954,Karan Chauhan,Female,46,Pune,Maharashtra,2024-03-26,168,1,9654.08,2,1,1,211,4,Hibernating,Purchased
C1955,Rahul Gupta,Male,50,Indore,Madhya Pradesh,2025-02-03,169,4,48034.54,2,2,1,221,5,Hibernating,Purchased
C1956,Rahul Singh,Female,64,Faridabad,Haryana,2023-12-22,424,2,75590.81,1,1,2,112,4,Hibernating,Purchased
C1957,Manish Chauhan,Male,35,Siliguri,West Bengal,2025-03-31,30,11,314230.92,4,4,4,444,12,Champions,Purchased
C1958,Kavya Srivastava,Female,59,Madurai,Tamil Nadu,2023-04-01,15,11,330333.04,5,4,4,544,13,Champions,Purchased
C1959,Riya Malhotra,Female,42,Madurai,Tamil Nadu,2025-08-21,,,,,,,,,No Purchase,No Purchase
C1960,Sneha Mehta,Male,23,Salem,Tamil Nadu,2024-02-18,67,2,15522.33,3,1,1,311,5,Potential Loyalists,Purchased
C1961,Aditi Tiwari,Male,49,Salem,Tamil Nadu,2024-07-06,2,19,500763.88,5,5,5,555,15,Champions,Purchased
C1962,Priya Malhotra,Female,65,Bengaluru,Karnataka,2025-05-29,14,20,601000.79,5,5,5,555,15,Champions,Purchased
C1963,Rohit Malhotra,Female,39,Noida,Uttar Pradesh,2023-02-02,49,3,70203.25,4,2,2,422,8,New Customers,Purchased
C1964,Mohit Saxena,Male,44,Noida,Uttar Pradesh,2025-11-01,290,3,74376.5,1,2,2,122,5,Hibernating,Purchased
C1965,Divya Malhotra,Female,62,Gaya,Bihar,2024-11-03,78,14,344003.93,3,5,4,354,12,Loyal Customers,Purchased
C1966,Sakshi Shah,Male,62,Coimbatore,Tamil Nadu,2025-12-03,54,13,325274.32,4,5,4,454,13,Champions,Purchased
C1967,Aarav Agarwal,Male,37,Muzaffarpur,Bihar,2024-08-26,251,7,129258.49,1,3,2,132,6,At Risk,Purchased
C1968,Aditi Shah,Female,54,Nagpur,Maharashtra,2023-08-15,1,25,877897.85,5,5,5,555,15,Champions,Purchased
C1969,Shreya Shah,Male,48,Chennai,Tamil Nadu,2024-09-29,339,2,142831.12,1,1,3,113,5,At Risk,Purchased
C1970,Varun Agarwal,Male,49,Aurangabad,Maharashtra,2024-09-17,159,9,115325.45,2,4,2,242,8,At Risk,Purchased
C1971,Manish Jain,Female,52,Pune,Maharashtra,2025-10-05,10,3,64729.92,5,2,2,522,9,New Customers,Purchased
C1972,Isha Saxena,Female,33,Ghaziabad,Uttar Pradesh,2024-09-22,2,5,142213.02,5,3,3,533,11,Loyal Customers,Purchased
C1973,Vivek Jain,Male,32,Prayagraj,Uttar Pradesh,2024-03-20,68,7,88724.79,3,3,2,332,8,Potential Loyalists,Purchased
C1974,Vikas Sharma,Male,19,Gwalior,Madhya Pradesh,2023-07-12,158,4,227478.91,2,2,3,223,7,At Risk,Purchased
C1975,Ayush Yadav,Male,59,Delhi,Delhi,2023-12-23,44,9,192644.32,4,4,3,443,11,Loyal Customers,Purchased
C1976,Neha Verma,Female,31,Ahmedabad,Gujarat,2024-02-09,19,6,147713.7,5,3,3,533,11,Loyal Customers,Purchased
C1977,Rahul Bansal,Male,50,Mangaluru,Karnataka,2024-02-02,3,17,484373.46,5,5,5,555,15,Champions,Purchased
C1978,Pooja Jain,Female,50,Mysuru,Karnataka,2023-01-16,3,2,11352.349999999999,5,1,1,511,7,New Customers,Purchased
C1979,Akash Yadav,Female,51,Madurai,Tamil Nadu,2025-10-28,74,1,887.54,3,1,1,311,5,Potential Loyalists,Purchased
C1980,Vivek Saxena,Female,59,Thane,Maharashtra,2025-07-05,68,4,47686.229999999996,3,2,1,321,6,Potential Loyalists,Purchased
C1981,Ananya Sharma,Male,59,Gaya,Bihar,2023-10-07,111,9,58346.8,3,4,2,342,9,At Risk,Purchased
C1982,Yash Gupta,Male,18,Hyderabad,Telangana,2023-05-31,41,10,304430.81,4,4,4,444,12,Champions,Purchased
C1983,Rohit Saxena,Male,58,Durgapur,West Bengal,2025-07-03,11,20,635615.63,5,5,5,555,15,Champions,Purchased
C1984,Vikas Mehta,Male,27,Mangaluru,Karnataka,2025-07-05,168,5,91087.69,2,3,2,232,7,At Risk,Purchased
C1985,Neha Bansal,Male,48,Ghaziabad,Uttar Pradesh,2025-09-09,,,,,,,,,No Purchase,No Purchase
C1986,Shreya Saxena,Female,50,Indore,Madhya Pradesh,2024-08-22,437,1,2498.06,1,1,1,111,3,Hibernating,Purchased
C1987,Rahul Tiwari,Male,20,Delhi,Delhi,2025-03-16,292,1,547.03,1,1,1,111,3,Hibernating,Purchased
C1988,Varun Singh,Male,31,Kanpur,Uttar Pradesh,2025-03-09,,,,,,,,,No Purchase,No Purchase
C1989,Kavya Bansal,Female,61,New Delhi,Delhi,2023-08-24,86,8,170537.44,3,4,3,343,10,Loyal Customers,Purchased
C1990,Ananya Kapoor,Other,24,Warangal,Telangana,2024-07-27,14,18,1054270.08,5,5,5,555,15,Champions,Purchased
C1991,Meera Verma,Male,29,Surat,Gujarat,2023-10-13,33,3,141935.33000000002,4,2,3,423,9,New Customers,Purchased
C1992,Riya Tiwari,Female,21,Kolkata,West Bengal,2025-04-05,28,6,245688.38,4,3,4,434,11,Loyal Customers,Purchased
C1993,Simran Jain,Female,26,Warangal,Telangana,2025-11-29,146,3,179511.64,2,2,3,223,7,At Risk,Purchased
C1994,Aarav Srivastava,Male,48,Aurangabad,Maharashtra,2023-03-25,105,15,370372.17,3,5,4,354,12,Loyal Customers,Purchased
C1995,Simran Joshi,Female,58,Indore,Madhya Pradesh,2023-03-25,55,2,12216.52,4,1,1,411,6,New Customers,Purchased
C1996,Sanjay Shah,Male,46,Mysuru,Karnataka,2023-10-17,64,20,913264.47,3,5,5,355,13,Loyal Customers,Purchased
C1997,Aarav Gupta,Male,31,Ahmedabad,Gujarat,2023-05-09,63,4,221978.61000000002,3,2,3,323,8,Potential Loyalists,Purchased
C1998,Arjun Tiwari,Male,59,Noida,Uttar Pradesh,2023-01-10,680,1,16794.66,1,1,1,111,3,Hibernating,Purchased
C1999,Aditi Mehta,Male,35,Gaya,Bihar,2025-12-07,83,2,20880.98,3,1,1,311,5,Potential Loyalists,Purchased
C2000,Mohit Sharma,Female,33,Pune,Maharashtra,2024-09-29,199,3,26107.92,2,2,1,221,5,Hibernating,Purchased
C2001,Rakesh Sharma,Female,42,Prayagraj,Uttar Pradesh,2025-04-30,4,21,531391.33,5,5,5,555,15,Champions,Purchased
C2002,Ankit Bansal,Male,24,Bengaluru,Karnataka,2024-09-11,24,3,74240.77,5,2,2,522,9,New Customers,Purchased
C2003,Vikas Gupta,Female,35,Varanasi,Uttar Pradesh,2025-03-28,14,21,513038.35,5,5,5,555,15,Champions,Purchased
C2004,Simran Mehta,Male,56,Agra,Uttar Pradesh,2025-01-21,108,12,468594.45999999996,3,4,5,345,12,Loyal Customers,Purchased
C2005,Nikhil Malhotra,Male,47,Vadodara,Gujarat,2023-06-25,230,6,49803.35,2,3,1,231,6,At Risk,Purchased
C2006,Meera Yadav,Female,65,Bengaluru,Karnataka,2023-06-14,15,16,404974.61,5,5,4,554,14,Champions,Purchased
C2007,Kavya Mehta,Male,55,Bhopal,Madhya Pradesh,2024-06-19,9,7,529336.4099999999,5,3,5,535,13,Loyal Customers,Purchased
C2008,Sameer Verma,Female,35,Delhi,Delhi,2024-02-11,323,3,379969.29000000004,1,2,4,124,7,At Risk,Purchased
C2009,Isha Tiwari,Male,54,Siliguri,West Bengal,2025-07-09,,,,,,,,,No Purchase,No Purchase
C2010,Rahul Srivastava,Female,59,Hubballi,Karnataka,2023-12-02,64,8,436756.58999999997,3,4,5,345,12,Loyal Customers,Purchased
C2011,Meera Yadav,Male,48,Udaipur,Rajasthan,2023-12-27,62,3,32156.27,3,2,1,321,6,Potential Loyalists,Purchased
C2012,Kavya Shah,Male,54,Surat,Gujarat,2024-08-02,,,,,,,,,No Purchase,No Purchase
C2013,Vikas Shah,Female,42,Bengaluru,Karnataka,2023-07-31,181,3,22737.800000000003,2,2,1,221,5,Hibernating,Purchased
C2014,Kavya Chauhan,Female,61,Patna,Bihar,2025-07-29,262,2,32767.93,1,1,1,111,3,Hibernating,Purchased
C2015,Rohit Agarwal,Male,29,New Delhi,Delhi,2023-01-12,116,4,100046.18,2,2,2,222,6,Hibernating,Purchased
C2016,Aarav Mehta,Female,38,Nagpur,Maharashtra,2025-07-17,68,5,152753.05,3,3,3,333,9,Loyal Customers,Purchased
C2017,Sameer Tiwari,Male,30,Kota,Rajasthan,2024-11-12,11,5,57515.909999999996,5,3,2,532,10,Potential Loyalists,Purchased
C2018,Isha Gupta,Male,22,Panipat,Haryana,2025-08-30,41,1,30618.32,4,1,1,411,6,New Customers,Purchased
C2019,Aditya Mehta,Male,47,Lucknow,Uttar Pradesh,2023-11-18,83,5,100544.61,3,3,2,332,8,Potential Loyalists,Purchased
C2020,Aditi Kumar,Female,23,Mangaluru,Karnataka,2025-09-12,4,9,438275.58999999997,5,4,5,545,14,Champions,Purchased
C2021,Priya Joshi,Female,28,Faridabad,Haryana,2025-08-03,38,11,179297.05,4,4,3,443,11,Loyal Customers,Purchased
C2022,Isha Agarwal,Female,54,Kolkata,West Bengal,2024-05-15,532,1,28512.46,1,1,1,111,3,Hibernating,Purchased
C2023,Suresh Chauhan,Female,29,Gaya,Bihar,2023-11-07,58,6,180957.43,3,3,3,333,9,Loyal Customers,Purchased
C2024,Priya Jain,Male,59,Madurai,Tamil Nadu,2023-08-04,650,1,44942.68,1,1,1,111,3,Hibernating,Purchased
C2025,Mohit Kumar,Male,20,Jaipur,Rajasthan,2023-06-15,62,4,231436.55,3,2,3,323,8,Potential Loyalists,Purchased
C2026,Akash Saxena,Male,39,New Delhi,Delhi,2024-09-30,100,4,231390.31000000003,3,2,3,323,8,Potential Loyalists,Purchased
C2027,Aditi Saxena,Female,21,Gwalior,Madhya Pradesh,2025-11-17,66,2,100460.86,3,1,2,312,6,Potential Loyalists,Purchased
C2028,Isha Malhotra,Male,20,New Delhi,Delhi,2024-09-11,77,7,180632.82,3,3,3,333,9,Loyal Customers,Purchased
C2029,Tanya Kapoor,Female,55,Siliguri,West Bengal,2025-11-22,122,5,35909.130000000005,2,3,1,231,6,At Risk,Purchased
C2030,Suresh Yadav,Female,21,Bengaluru,Karnataka,2025-04-07,50,6,105792.13,4,3,2,432,9,Potential Loyalists,Purchased
C2031,Sakshi Joshi,Female,60,Ahmedabad,Gujarat,2025-01-20,3,12,487383.48,5,4,5,545,14,Champions,Purchased
C2032,Nisha Sharma,Male,46,Durgapur,West Bengal,2025-03-04,575,1,354124.04,1,1,4,114,6,At Risk,Purchased
C2033,Rakesh Gupta,Male,41,Madurai,Tamil Nadu,2025-10-13,27,9,399148.01,4,4,4,444,12,Champions,Purchased
C2034,Tanya Tiwari,Female,62,Indore,Madhya Pradesh,2025-07-28,33,7,124731.92,4,3,2,432,9,Potential Loyalists,Purchased
C2035,Aarav Kapoor,Female,36,Mysuru,Karnataka,2023-06-27,26,4,25205.699999999997,4,2,1,421,7,New Customers,Purchased
C2036,Sanjay Verma,Male,37,Jaipur,Rajasthan,2024-10-02,223,4,71610.81,2,2,2,222,6,Hibernating,Purchased
C2037,Vivek Kumar,Female,37,New Delhi,Delhi,2024-05-19,170,3,18299.9,2,2,1,221,5,Hibernating,Purchased
C2038,Isha Tiwari,Female,49,Bengaluru,Karnataka,2025-08-20,162,5,180994.5,2,3,3,233,8,At Risk,Purchased
C2039,Suresh Kumar,Male,58,Mangaluru,Karnataka,2023-08-12,324,1,519.19,1,1,1,111,3,Hibernating,Purchased
C2040,Arjun Yadav,Female,44,Agra,Uttar Pradesh,2025-06-16,80,6,184243.81,3,3,3,333,9,Loyal Customers,Purchased
C2041,Akash Gupta,Male,31,Varanasi,Uttar Pradesh,2024-06-08,26,10,496101.1,4,4,5,445,13,Champions,Purchased
C2042,Rohit Sharma,Female,60,Jodhpur,Rajasthan,2025-10-17,56,13,484428.05000000005,4,5,5,455,14,Champions,Purchased
C2043,Kavya Mishra,Male,46,Jodhpur,Rajasthan,2025-05-16,328,3,95376.75,1,2,2,122,5,Hibernating,Purchased
C2044,Tanya Chauhan,Male,57,Jaipur,Rajasthan,2024-01-13,18,28,847622.23,5,5,5,555,15,Champions,Purchased
C2045,Yash Mishra,Male,38,Lucknow,Uttar Pradesh,2025-07-14,285,4,159414.24,1,2,3,123,6,At Risk,Purchased
C2046,Riya Shah,Female,27,New Delhi,Delhi,2023-07-25,3,11,234767.94,5,4,3,543,12,Loyal Customers,Purchased
C2047,Ankit Kapoor,Other,63,Nagpur,Maharashtra,2024-07-08,66,16,570840.84,3,5,5,355,13,Loyal Customers,Purchased
C2048,Rakesh Mehta,Male,50,Durgapur,West Bengal,2024-03-02,24,2,16804.43,5,1,1,511,7,New Customers,Purchased
C2049,Rakesh Kapoor,Male,32,Gurugram,Haryana,2023-05-18,74,9,454538.41,3,4,5,345,12,Loyal Customers,Purchased
C2050,Suresh Malhotra,Male,58,Pune,Maharashtra,2025-12-24,57,5,229018.79,4,3,3,433,10,Loyal Customers,Purchased
C2051,Meera Joshi,Male,18,Kota,Rajasthan,2023-02-12,48,11,440762.81,4,4,5,445,13,Champions,Purchased
C2052,Mohit Joshi,Female,62,Ghaziabad,Uttar Pradesh,2024-10-07,119,6,203141.05,2,3,3,233,8,At Risk,Purchased
C2053,Karan Bansal,Male,45,Aurangabad,Maharashtra,2023-11-21,88,3,10747.49,3,2,1,321,6,Potential Loyalists,Purchased
C2054,Rohit Kapoor,Female,46,Kanpur,Uttar Pradesh,2023-08-20,42,21,346665.42,4,5,4,454,13,Champions,Purchased
C2055,Divya Bansal,Female,18,Mumbai,Maharashtra,2024-03-01,19,3,18970.78,5,2,1,521,8,New Customers,Purchased
C2056,Vivek Kumar,Male,26,Jaipur,Rajasthan,2024-12-31,154,2,26710.55,2,1,1,211,4,Hibernating,Purchased
C2057,Mohit Malhotra,Female,52,Indore,Madhya Pradesh,2023-12-20,,,,,,,,,No Purchase,No Purchase
C2058,Ankit Kapoor,Other,44,Aurangabad,Maharashtra,2025-03-01,32,17,351507.22000000003,4,5,4,454,13,Champions,Purchased
C2059,Pooja Yadav,Female,24,Salem,Tamil Nadu,2024-05-05,71,12,521757.7,3,4,5,345,12,Loyal Customers,Purchased
C2060,Rakesh Srivastava,Female,49,Kota,Rajasthan,2025-05-09,30,8,217722.71,4,4,3,443,11,Loyal Customers,Purchased
C2061,Simran Mishra,Male,53,Muzaffarpur,Bihar,2024-05-01,340,1,195799.76,1,1,3,113,5,At Risk,Purchased
C2062,Nisha Verma,Male,31,Surat,Gujarat,2024-02-05,109,7,220846.79,3,3,3,333,9,Loyal Customers,Purchased
C2063,Tanya Srivastava,Female,51,Nagpur,Maharashtra,2024-07-09,575,1,826.82,1,1,1,111,3,Hibernating,Purchased
C2064,Ayush Verma,Male,64,Rajkot,Gujarat,2025-01-21,8,23,914200.04,5,5,5,555,15,Champions,Purchased
C2065,Rohit Jain,Female,41,Delhi,Delhi,2024-05-23,162,5,45506.77,2,3,1,231,6,At Risk,Purchased
C2066,Pooja Agarwal,Female,29,Gaya,Bihar,2025-09-19,143,1,138850.61,2,1,3,213,6,At Risk,Purchased
C2067,Shivam Srivastava,Male,64,Hubballi,Karnataka,2024-07-19,244,7,823284.15,1,3,5,135,9,At Risk,Purchased
C2068,Rakesh Patel,Male,61,Jodhpur,Rajasthan,2023-11-21,71,8,206247.94,3,4,3,343,10,Loyal Customers,Purchased
C2069,Yash Malhotra,Male,39,Kanpur,Uttar Pradesh,2023-01-31,79,7,60855.46,3,3,2,332,8,Potential Loyalists,Purchased
C2070,Deepak Bansal,Female,38,Hubballi,Karnataka,2024-03-05,,,,,,,,,No Purchase,No Purchase
C2071,Mohit Joshi,Male,58,Faridabad,Haryana,2023-03-01,68,12,562117.22,3,4,5,345,12,Loyal Customers,Purchased
C2072,Sneha Tiwari,Male,18,Rajkot,Gujarat,2023-02-09,284,2,254614.18000000002,1,1,4,114,6,At Risk,Purchased
C2073,Komal Saxena,Female,32,Mysuru,Karnataka,2024-02-11,,,,,,,,,No Purchase,No Purchase
C2074,Rahul Jain,Female,44,Indore,Madhya Pradesh,2023-11-14,1,6,423461.07,5,3,5,535,13,Loyal Customers,Purchased
C2075,Nisha Chauhan,Female,49,Gurugram,Haryana,2025-08-27,143,4,62504.42,2,2,2,222,6,Hibernating,Purchased
C2076,Divya Shah,Female,48,Delhi,Delhi,2025-03-10,32,3,92716.57,4,2,2,422,8,New Customers,Purchased
C2077,Shreya Sharma,Male,35,Coimbatore,Tamil Nadu,2025-05-15,328,6,117185.13,1,3,2,132,6,At Risk,Purchased
C2078,Sanjay Yadav,Other,59,Coimbatore,Tamil Nadu,2024-08-20,18,15,656324.08,5,5,5,555,15,Champions,Purchased
C2079,Kavya Joshi,Female,49,Vadodara,Gujarat,2023-05-01,120,4,94627.59,2,2,2,222,6,Hibernating,Purchased
C2080,Aarav Gupta,Male,43,New Delhi,Delhi,2025-07-20,31,9,386696.61,4,4,4,444,12,Champions,Purchased
C2081,Pooja Mehta,Male,63,Mumbai,Maharashtra,2024-06-25,69,4,30671.01,3,2,1,321,6,Potential Loyalists,Purchased
C2082,Ananya Agarwal,Male,22,Gwalior,Madhya Pradesh,2024-04-14,539,3,48943.29000000001,1,2,1,121,4,Hibernating,Purchased
C2083,Manish Shah,Female,52,Bhopal,Madhya Pradesh,2024-10-24,14,2,12448.92,5,1,1,511,7,New Customers,Purchased
C2084,Manish Sharma,Female,62,Faridabad,Haryana,2023-06-29,21,11,557592.33,5,4,5,545,14,Champions,Purchased
C2085,Riya Saxena,Female,49,Patna,Bihar,2024-06-10,23,14,535105.9800000001,5,5,5,555,15,Champions,Purchased
C2086,Sakshi Agarwal,Female,45,Siliguri,West Bengal,2024-10-25,,,,,,,,,No Purchase,No Purchase
C2087,Priya Kumar,Male,35,Siliguri,West Bengal,2025-02-02,26,10,183962.22,4,4,3,443,11,Loyal Customers,Purchased
C2088,Isha Jain,Female,31,Siliguri,West Bengal,2024-07-01,27,11,169930.6,4,4,3,443,11,Loyal Customers,Purchased
C2089,Sakshi Patel,Female,44,Chennai,Tamil Nadu,2025-12-28,172,1,160645.68,2,1,3,213,6,At Risk,Purchased
C2090,Tanya Joshi,Female,61,Mangaluru,Karnataka,2025-12-20,22,14,458725.36,5,5,5,555,15,Champions,Purchased
C2091,Aarav Shah,Male,40,Nashik,Maharashtra,2023-04-16,145,1,599.2900000000001,2,1,1,211,4,Hibernating,Purchased
C2092,Sakshi Sharma,Female,23,Jodhpur,Rajasthan,2023-04-01,5,11,855599.49,5,4,5,545,14,Champions,Purchased
C2093,Neha Srivastava,Female,41,Mumbai,Maharashtra,2024-07-18,,,,,,,,,No Purchase,No Purchase
C2094,Mohit Patel,Male,22,Aurangabad,Maharashtra,2025-06-25,365,3,314034.52,1,2,4,124,7,At Risk,Purchased
C2095,Divya Singh,Female,62,Vadodara,Gujarat,2024-07-15,37,15,1044804.64,4,5,5,455,14,Champions,Purchased
C2096,Manish Bansal,Male,43,Mangaluru,Karnataka,2023-08-26,59,9,201450.16999999998,3,4,3,343,10,Loyal Customers,Purchased
C2097,Aditya Malhotra,Male,28,Thane,Maharashtra,2024-09-07,76,3,100454.91000000002,3,2,2,322,7,Potential Loyalists,Purchased
C2098,Yash Joshi,Female,47,Warangal,Telangana,2025-10-29,7,13,231591.66,5,5,3,553,13,Loyal Customers,Purchased
C2099,Shivam Jain,Male,43,Gurugram,Haryana,2023-07-02,86,8,708970.2,3,4,5,345,12,Loyal Customers,Purchased
C2100,Akash Jain,Female,42,Nagpur,Maharashtra,2024-05-02,102,14,366652.61,3,5,4,354,12,Loyal Customers,Purchased
C2101,Ankit Shah,Female,46,Ghaziabad,Uttar Pradesh,2024-11-30,200,4,174804.40999999997,2,2,3,223,7,At Risk,Purchased
C2102,Varun Singh,Male,62,New Delhi,Delhi,2024-03-06,252,3,24586.06,1,2,1,121,4,Hibernating,Purchased
C2103,Divya Yadav,Male,59,Warangal,Telangana,2023-02-18,206,1,44231.4,2,1,1,211,4,Hibernating,Purchased
C2104,Mohit Chauhan,Male,30,Hyderabad,Telangana,2025-01-03,295,4,146916.94,1,2,3,123,6,At Risk,Purchased
C2105,Pooja Malhotra,Male,29,Kanpur,Uttar Pradesh,2025-03-22,97,3,149458.0,3,2,3,323,8,Potential Loyalists,Purchased
C2106,Sanjay Jain,Female,65,Siliguri,West Bengal,2024-12-18,329,2,44171.350000000006,1,1,1,111,3,Hibernating,Purchased
C2107,Tanya Verma,Male,48,Varanasi,Uttar Pradesh,2024-12-27,,,,,,,,,No Purchase,No Purchase
C2108,Aditi Kapoor,Female,18,Bengaluru,Karnataka,2024-12-20,15,5,108708.34,5,3,2,532,10,Potential Loyalists,Purchased
C2109,Shivam Yadav,Male,43,Patna,Bihar,2023-12-28,412,1,1388.58,1,1,1,111,3,Hibernating,Purchased
C2110,Ankit Gupta,Male,23,Nashik,Maharashtra,2023-01-19,280,3,18865.04,1,2,1,121,4,Hibernating,Purchased
C2111,Karan Gupta,Female,19,Lucknow,Uttar Pradesh,2025-12-18,,,,,,,,,No Purchase,No Purchase
C2112,Deepak Kapoor,Male,26,Hubballi,Karnataka,2023-08-12,211,4,39197.42,2,2,1,221,5,Hibernating,Purchased
C2113,Sneha Joshi,Female,30,Rajkot,Gujarat,2025-06-26,53,9,170049.27,4,4,3,443,11,Loyal Customers,Purchased
C2114,Ankit Singh,Female,21,Indore,Madhya Pradesh,2024-08-15,27,1,8304.0,4,1,1,411,6,New Customers,Purchased
C2115,Sameer Kumar,Female,58,Gaya,Bihar,2024-08-13,29,6,60067.17,4,3,2,432,9,Potential Loyalists,Purchased
C2116,Tanya Joshi,Male,39,Kanpur,Uttar Pradesh,2023-01-23,184,4,288853.61,2,2,4,224,8,At Risk,Purchased
C2117,Varun Mehta,Male,44,Kanpur,Uttar Pradesh,2025-12-20,493,1,30047.31,1,1,1,111,3,Hibernating,Purchased
C2118,Neha Malhotra,Other,59,Warangal,Telangana,2024-08-01,,,,,,,,,No Purchase,No Purchase
C2119,Yash Gupta,Male,58,Pune,Maharashtra,2025-06-27,1,12,544113.12,5,4,5,545,14,Champions,Purchased
C2120,Ankit Kapoor,Female,57,Gurugram,Haryana,2025-05-01,178,3,135311.66,2,2,3,223,7,At Risk,Purchased
C2121,Amit Tiwari,Female,27,Jodhpur,Rajasthan,2023-06-01,17,22,622710.55,5,5,5,555,15,Champions,Purchased
C2122,Deepak Joshi,Female,53,Ghaziabad,Uttar Pradesh,2025-11-03,3,10,163810.91,5,4,3,543,12,Loyal Customers,Purchased
C2123,Arjun Gupta,Female,65,Hyderabad,Telangana,2024-10-09,19,7,213393.5,5,3,3,533,11,Loyal Customers,Purchased
C2124,Sanjay Malhotra,Other,18,Nagpur,Maharashtra,2023-07-22,185,2,17678.29,2,1,1,211,4,Hibernating,Purchased
C2125,Shreya Mishra,Male,59,Mangaluru,Karnataka,2024-09-28,302,6,342843.76,1,3,4,134,8,At Risk,Purchased
C2126,Vivek Sharma,Female,59,Chennai,Tamil Nadu,2024-11-05,22,15,503702.80000000005,5,5,5,555,15,Champions,Purchased
C2127,Ankit Mishra,Female,58,Coimbatore,Tamil Nadu,2024-12-15,9,6,147471.6,5,3,3,533,11,Loyal Customers,Purchased
C2128,Sameer Tiwari,Male,37,Jaipur,Rajasthan,2023-12-19,36,2,36661.240000000005,4,1,1,411,6,New Customers,Purchased
C2129,Karan Jain,Female,27,Kota,Rajasthan,2025-10-27,25,7,79590.17,4,3,2,432,9,Potential Loyalists,Purchased
C2130,Yash Srivastava,Male,53,Muzaffarpur,Bihar,2023-09-17,46,20,540138.52,4,5,5,455,14,Champions,Purchased
C2131,Isha Shah,Male,47,Muzaffarpur,Bihar,2024-06-22,37,9,172523.57,4,4,3,443,11,Loyal Customers,Purchased
C2132,Meera Shah,Female,52,Chennai,Tamil Nadu,2025-07-07,160,8,258760.12999999998,2,4,4,244,10,Can't Lose Them,Purchased
C2133,Neha Sharma,Female,30,Varanasi,Uttar Pradesh,2023-03-26,142,11,508952.99,2,4,5,245,11,Can't Lose Them,Purchased
C2134,Rakesh Joshi,Male,26,Siliguri,West Bengal,2024-03-17,25,14,685942.67,4,5,5,455,14,Champions,Purchased
C2135,Pooja Kumar,Female,61,Muzaffarpur,Bihar,2024-06-08,33,6,128869.34999999999,4,3,2,432,9,Potential Loyalists,Purchased
C2136,Akash Patel,Male,42,New Delhi,Delhi,2025-04-26,61,4,69567.34,3,2,2,322,7,Potential Loyalists,Purchased
C2137,Sanjay Yadav,Male,58,Mangaluru,Karnataka,2025-05-12,35,15,359381.77,4,5,4,454,13,Champions,Purchased
C2138,Suresh Agarwal,Male,62,Bengaluru,Karnataka,2025-05-22,356,4,52950.30000000001,1,2,2,122,5,Hibernating,Purchased
C2139,Aarav Shah,Female,40,Agra,Uttar Pradesh,2024-01-28,48,31,637948.27,4,5,5,455,14,Champions,Purchased
C2140,Deepak Sharma,Male,30,Kota,Rajasthan,2024-06-22,65,2,17016.489999999998,3,1,1,311,5,Potential Loyalists,Purchased
C2141,Arjun Yadav,Male,61,New Delhi,Delhi,2023-01-30,66,4,170527.51,3,2,3,323,8,Potential Loyalists,Purchased
C2142,Rahul Chauhan,Female,52,Hyderabad,Telangana,2025-06-19,6,7,259041.66999999998,5,3,4,534,12,Loyal Customers,Purchased
C2143,Divya Singh,Male,49,Warangal,Telangana,2023-11-29,201,2,61686.15,2,1,2,212,5,Hibernating,Purchased
C2144,Deepak Mishra,Male,63,Hyderabad,Telangana,2024-05-26,61,12,659740.42,3,4,5,345,12,Loyal Customers,Purchased
C2145,Divya Mishra,Male,29,Mangaluru,Karnataka,2025-01-16,15,14,140159.66999999998,5,5,3,553,13,Loyal Customers,Purchased
C2146,Tanya Agarwal,Female,35,Delhi,Delhi,2025-04-30,706,1,1562.3,1,1,1,111,3,Hibernating,Purchased
C2147,Sanjay Malhotra,Female,19,Siliguri,West Bengal,2023-04-05,,,,,,,,,No Purchase,No Purchase
C2148,Arjun Verma,Female,36,Warangal,Telangana,2025-04-20,21,2,58219.5,5,1,2,512,8,New Customers,Purchased
C2149,Nikhil Patel,Male,39,Salem,Tamil Nadu,2024-02-16,,,,,,,,,No Purchase,No Purchase
C2150,Aarav Joshi,Male,39,Gurugram,Haryana,2024-04-02,11,3,10179.67,5,2,1,521,8,New Customers,Purchased
C2151,Manish Mishra,Female,25,Noida,Uttar Pradesh,2023-05-26,69,9,177508.52000000002,3,4,3,343,10,Loyal Customers,Purchased
C2152,Sameer Tiwari,Male,56,Gurugram,Haryana,2025-02-23,55,7,179504.22,4,3,3,433,10,Loyal Customers,Purchased
C2153,Ankit Chauhan,Male,41,Noida,Uttar Pradesh,2024-06-05,25,4,93376.54999999999,4,2,2,422,8,New Customers,Purchased
C2154,Nikhil Kumar,Male,39,Ghaziabad,Uttar Pradesh,2023-04-24,14,5,198458.38,5,3,3,533,11,Loyal Customers,Purchased
C2155,Divya Mishra,Male,59,Madurai,Tamil Nadu,2023-06-04,501,2,16731.43,1,1,1,111,3,Hibernating,Purchased
C2156,Manish Verma,Male,41,Varanasi,Uttar Pradesh,2025-03-01,15,7,230218.3,5,3,3,533,11,Loyal Customers,Purchased
C2157,Ayush Gupta,Female,60,Lucknow,Uttar Pradesh,2023-04-30,42,5,164880.33000000002,4,3,3,433,10,Loyal Customers,Purchased
C2158,Shivam Patel,Male,28,Prayagraj,Uttar Pradesh,2024-07-24,694,2,36066.6,1,1,1,111,3,Hibernating,Purchased
C2159,Aditi Mehta,Female,58,Mangaluru,Karnataka,2025-02-03,56,3,36332.1,4,2,1,421,7,New Customers,Purchased
C2160,Yash Jain,Male,65,Durgapur,West Bengal,2025-09-25,3,6,185772.68,5,3,3,533,11,Loyal Customers,Purchased
C2161,Manish Yadav,Female,54,Agra,Uttar Pradesh,2023-06-23,26,8,172181.87,4,4,3,443,11,Loyal Customers,Purchased
C2162,Neha Yadav,Female,60,Udaipur,Rajasthan,2023-11-20,100,10,438410.57,3,4,5,345,12,Loyal Customers,Purchased
C2163,Rakesh Chauhan,Female,53,Warangal,Telangana,2023-06-19,631,1,23567.31,1,1,1,111,3,Hibernating,Purchased
C2164,Meera Tiwari,Male,46,Nagpur,Maharashtra,2025-08-21,,,,,,,,,No Purchase,No Purchase
C2165,Ankit Singh,Female,54,Varanasi,Uttar Pradesh,2024-10-10,77,18,516636.67,3,5,5,355,13,Loyal Customers,Purchased
C2166,Priya Malhotra,Male,64,Gurugram,Haryana,2025-12-12,220,5,148859.01,2,3,3,233,8,At Risk,Purchased
C2167,Nikhil Patel,Female,47,Warangal,Telangana,2023-02-17,31,8,290824.12,4,4,4,444,12,Champions,Purchased
C2168,Priya Malhotra,Female,50,Madurai,Tamil Nadu,2025-02-11,,,,,,,,,No Purchase,No Purchase
C2169,Kavya Mehta,Female,21,Warangal,Telangana,2023-02-06,137,8,218184.2,2,4,3,243,9,At Risk,Purchased
C2170,Isha Srivastava,Female,64,Prayagraj,Uttar Pradesh,2023-04-30,20,5,264301.01,5,3,4,534,12,Loyal Customers,Purchased
C2171,Amit Singh,Female,55,Mysuru,Karnataka,2024-04-17,14,17,523676.68,5,5,5,555,15,Champions,Purchased
C2172,Aditi Mishra,Female,25,Durgapur,West Bengal,2024-02-06,68,16,750857.05,3,5,5,355,13,Loyal Customers,Purchased
C2173,Sameer Chauhan,Male,31,Pune,Maharashtra,2024-02-04,169,8,189805.68000000002,2,4,3,243,9,At Risk,Purchased
C2174,Pooja Gupta,Male,28,Siliguri,West Bengal,2023-03-16,112,5,229367.27000000002,3,3,3,333,9,Loyal Customers,Purchased
C2175,Mohit Kumar,Female,33,Chennai,Tamil Nadu,2024-08-19,12,5,478233.96,5,3,5,535,13,Loyal Customers,Purchased
C2176,Pooja Kapoor,Other,60,Kolkata,West Bengal,2024-01-09,258,3,11959.92,1,2,1,121,4,Hibernating,Purchased
C2177,Aditi Bansal,Female,40,Mangaluru,Karnataka,2025-12-23,28,11,228354.0,4,4,3,443,11,Loyal Customers,Purchased
C2178,Isha Malhotra,Male,38,New Delhi,Delhi,2025-05-14,21,18,462335.41000000003,5,5,5,555,15,Champions,Purchased
C2179,Vivek Bansal,Female,55,Aurangabad,Maharashtra,2024-04-21,396,3,132743.88,1,2,3,123,6,At Risk,Purchased
C2180,Shivam Malhotra,Male,35,Nashik,Maharashtra,2025-04-18,489,1,59.760000000000005,1,1,1,111,3,Hibernating,Purchased
C2181,Deepak Kumar,Male,60,Siliguri,West Bengal,2024-09-22,94,11,221990.94,3,4,3,343,10,Loyal Customers,Purchased
C2182,Neha Joshi,Male,54,Kanpur,Uttar Pradesh,2024-06-26,112,3,90383.06,3,2,2,322,7,Potential Loyalists,Purchased
C2183,Sameer Bansal,Male,30,Varanasi,Uttar Pradesh,2025-10-03,26,3,105793.31,4,2,2,422,8,New Customers,Purchased
C2184,Manish Srivastava,Female,48,Thane,Maharashtra,2024-10-05,72,19,706938.75,3,5,5,355,13,Loyal Customers,Purchased
C2185,Nisha Verma,Male,41,Pune,Maharashtra,2024-06-13,72,6,219888.56,3,3,3,333,9,Loyal Customers,Purchased
C2186,Suresh Kumar,Male,34,Warangal,Telangana,2024-09-12,532,3,92112.9,1,2,2,122,5,Hibernating,Purchased
C2187,Nikhil Bansal,Female,61,Mangaluru,Karnataka,2025-05-05,101,5,157981.63999999998,3,3,3,333,9,Loyal Customers,Purchased
C2188,Varun Yadav,Male,37,Patna,Bihar,2025-03-22,172,1,780.67,2,1,1,211,4,Hibernating,Purchased
C2189,Ayush Sharma,Male,23,Ghaziabad,Uttar Pradesh,2024-08-23,64,9,619029.58,3,4,5,345,12,Loyal Customers,Purchased
C2190,Amit Saxena,Male,37,Udaipur,Rajasthan,2023-07-13,35,30,896318.45,4,5,5,455,14,Champions,Purchased
C2191,Vikas Shah,Male,42,Bengaluru,Karnataka,2024-11-28,619,1,91851.36,1,1,2,112,4,Hibernating,Purchased
C2192,Rohit Mishra,Female,24,Mangaluru,Karnataka,2024-04-16,183,3,233278.47,2,2,3,223,7,At Risk,Purchased
C2193,Deepak Sharma,Male,53,Panipat,Haryana,2025-10-18,14,9,158492.34999999998,5,4,3,543,12,Loyal Customers,Purchased
C2194,Shivam Sharma,Male,29,Muzaffarpur,Bihar,2025-09-21,,,,,,,,,No Purchase,No Purchase
C2195,Ananya Bansal,Male,22,Gurugram,Haryana,2023-01-01,,,,,,,,,No Purchase,No Purchase
C2196,Sakshi Patel,Male,43,Nagpur,Maharashtra,2025-12-30,68,13,232640.82,3,5,3,353,11,Loyal Customers,Purchased
C2197,Divya Kumar,Male,25,Pune,Maharashtra,2025-09-13,16,3,52505.149999999994,5,2,2,522,9,New Customers,Purchased
C2198,Pooja Agarwal,Male,55,Udaipur,Rajasthan,2025-09-20,137,5,183064.91999999998,2,3,3,233,8,At Risk,Purchased
C2199,Riya Gupta,Male,21,Nashik,Maharashtra,2024-06-28,17,6,67804.1,5,3,2,532,10,Potential Loyalists,Purchased
C2200,Isha Kumar,Male,38,Siliguri,West Bengal,2023-10-24,23,4,161861.22,5,2,3,523,10,New Customers,Purchased
C2201,Nikhil Yadav,Female,20,Rajkot,Gujarat,2024-10-26,10,4,155906.27000000002,5,2,3,523,10,New Customers,Purchased
C2202,Divya Shah,Male,36,Madurai,Tamil Nadu,2025-08-24,,,,,,,,,No Purchase,No Purchase
C2203,Priya Verma,Male,62,Hyderabad,Telangana,2024-05-07,105,1,1378.02,3,1,1,311,5,Potential Loyalists,Purchased
C2204,Shreya Mishra,Female,49,Kolkata,West Bengal,2025-12-14,500,2,35603.64,1,1,1,111,3,Hibernating,Purchased
C2205,Meera Patel,Male,43,Kanpur,Uttar Pradesh,2023-10-13,292,3,216369.67,1,2,3,123,6,At Risk,Purchased
C2206,Arjun Jain,Female,25,Ghaziabad,Uttar Pradesh,2025-07-23,274,2,9743.88,1,1,1,111,3,Hibernating,Purchased
C2207,Sakshi Kumar,Male,33,Surat,Gujarat,2023-03-14,76,7,104779.44,3,3,2,332,8,Potential Loyalists,Purchased
C2208,Rohit Sharma,Male,36,Salem,Tamil Nadu,2025-07-08,96,14,501109.99,3,5,5,355,13,Loyal Customers,Purchased
C2209,Sameer Sharma,Female,45,Nashik,Maharashtra,2025-10-31,219,8,190991.5,2,4,3,243,9,At Risk,Purchased
C2210,Deepak Agarwal,Male,27,Mangaluru,Karnataka,2025-02-08,92,7,464405.47,3,3,5,335,11,Loyal Customers,Purchased
C2211,Sameer Kapoor,Male,65,Siliguri,West Bengal,2024-11-14,147,3,244135.5,2,2,4,224,8,At Risk,Purchased
C2212,Pooja Kumar,Female,49,Warangal,Telangana,2024-03-26,233,6,366862.99,2,3,4,234,9,At Risk,Purchased
C2213,Neha Bansal,Female,32,Ahmedabad,Gujarat,2025-08-14,201,5,208068.74,2,3,3,233,8,At Risk,Purchased
C2214,Amit Kapoor,Male,23,New Delhi,Delhi,2023-05-19,628,2,43860.82,1,1,1,111,3,Hibernating,Purchased
C2215,Neha Sharma,Female,46,Nagpur,Maharashtra,2023-11-15,88,1,154922.22,3,1,3,313,7,Potential Loyalists,Purchased
C2216,Shreya Sharma,Male,39,Madurai,Tamil Nadu,2023-05-24,,,,,,,,,No Purchase,No Purchase
C2217,Mohit Gupta,Female,50,Delhi,Delhi,2023-11-01,88,9,524334.4299999999,3,4,5,345,12,Loyal Customers,Purchased
C2218,Sakshi Singh,Male,46,Surat,Gujarat,2024-07-27,6,12,201436.59999999998,5,4,3,543,12,Loyal Customers,Purchased
C2219,Amit Shah,Female,48,Jodhpur,Rajasthan,2024-01-03,252,3,39576.380000000005,1,2,1,121,4,Hibernating,Purchased
C2220,Aditya Sharma,Male,58,Varanasi,Uttar Pradesh,2024-04-05,100,2,35390.83,3,1,1,311,5,Potential Loyalists,Purchased
C2221,Pooja Saxena,Female,43,Varanasi,Uttar Pradesh,2023-09-10,24,7,390508.03,5,3,4,534,12,Loyal Customers,Purchased
C2222,Kavya Patel,Male,52,Mumbai,Maharashtra,2024-01-22,283,1,727.62,1,1,1,111,3,Hibernating,Purchased
C2223,Yash Kapoor,Female,35,Faridabad,Haryana,2024-06-29,45,3,28870.870000000003,4,2,1,421,7,New Customers,Purchased
C2224,Kavya Bansal,Female,63,Udaipur,Rajasthan,2023-08-23,73,4,133394.05,3,2,3,323,8,Potential Loyalists,Purchased
C2225,Shreya Shah,Female,37,Thane,Maharashtra,2025-10-22,96,7,190366.21,3,3,3,333,9,Loyal Customers,Purchased
C2226,Nisha Tiwari,Other,50,Gurugram,Haryana,2025-09-09,7,9,191913.21,5,4,3,543,12,Loyal Customers,Purchased
C2227,Ankit Chauhan,Male,65,Hubballi,Karnataka,2025-08-17,19,4,36817.03999999999,5,2,1,521,8,New Customers,Purchased
C2228,Shreya Agarwal,Female,34,Mangaluru,Karnataka,2023-01-02,65,14,357314.02,3,5,4,354,12,Loyal Customers,Purchased
C2229,Ananya Kumar,Male,22,Bhopal,Madhya Pradesh,2024-06-26,,,,,,,,,No Purchase,No Purchase
C2230,Tanya Agarwal,Female,29,Varanasi,Uttar Pradesh,2025-05-20,39,8,343054.79,4,4,4,444,12,Champions,Purchased
C2231,Ananya Verma,Female,29,Aurangabad,Maharashtra,2024-01-17,196,4,64282.03,2,2,2,222,6,Hibernating,Purchased
C2232,Aarav Shah,Male,20,Ahmedabad,Gujarat,2023-09-11,166,9,262818.15,2,4,4,244,10,Can't Lose Them,Purchased
C2233,Sakshi Agarwal,Male,44,Mumbai,Maharashtra,2024-10-31,171,6,70333.98,2,3,2,232,7,At Risk,Purchased
C2234,Suresh Patel,Female,31,Jodhpur,Rajasthan,2023-01-03,665,1,1113.3500000000001,1,1,1,111,3,Hibernating,Purchased
C2235,Tanya Bansal,Female,22,Mumbai,Maharashtra,2024-11-01,270,5,440876.63,1,3,5,135,9,At Risk,Purchased
C2236,Amit Yadav,Female,24,Prayagraj,Uttar Pradesh,2024-05-09,15,10,284643.3,5,4,4,544,13,Champions,Purchased
C2237,Varun Shah,Female,31,Aurangabad,Maharashtra,2025-01-18,173,5,264328.1,2,3,4,234,9,At Risk,Purchased
C2238,Varun Mishra,Male,35,Mangaluru,Karnataka,2025-01-17,181,4,33811.44,2,2,1,221,5,Hibernating,Purchased
C2239,Aditi Bansal,Female,64,Aurangabad,Maharashtra,2024-08-09,310,4,1888.86,1,2,1,121,4,Hibernating,Purchased
C2240,Vikas Joshi,Female,51,Noida,Uttar Pradesh,2024-10-01,15,7,409713.3400000001,5,3,4,534,12,Loyal Customers,Purchased
C2241,Nikhil Sharma,Female,52,Faridabad,Haryana,2023-01-30,20,17,511713.95999999996,5,5,5,555,15,Champions,Purchased
C2242,Suresh Malhotra,Female,51,New Delhi,Delhi,2025-12-10,368,5,70456.6,1,3,2,132,6,At Risk,Purchased
C2243,Shivam Gupta,Female,56,New Delhi,Delhi,2023-03-25,148,6,172546.84,2,3,3,233,8,At Risk,Purchased
C2244,Suresh Kapoor,Female,33,Kanpur,Uttar Pradesh,2025-12-05,8,28,773796.41,5,5,5,555,15,Champions,Purchased
C2245,Ankit Mehta,Female,22,Delhi,Delhi,2025-12-02,43,12,537295.94,4,4,5,445,13,Champions,Purchased
C2246,Suresh Jain,Female,42,Nashik,Maharashtra,2025-02-25,23,9,454412.89,5,4,5,545,14,Champions,Purchased
C2247,Shreya Malhotra,Female,18,Ahmedabad,Gujarat,2025-03-28,289,2,2818.17,1,1,1,111,3,Hibernating,Purchased
C2248,Vikas Srivastava,Male,28,Nashik,Maharashtra,2023-02-02,129,6,167624.16999999998,2,3,3,233,8,At Risk,Purchased
C2249,Aarav Bansal,Male,54,Panipat,Haryana,2025-11-04,15,24,856841.28,5,5,5,555,15,Champions,Purchased
C2250,Vikas Shah,Female,42,Indore,Madhya Pradesh,2024-08-01,326,4,85669.65,1,2,2,122,5,Hibernating,Purchased
C2251,Rahul Kapoor,Female,51,Ghaziabad,Uttar Pradesh,2024-01-07,120,18,1067567.66,2,5,5,255,12,Can't Lose Them,Purchased
C2252,Pooja Jain,Female,42,Varanasi,Uttar Pradesh,2025-01-03,24,6,174930.12,5,3,3,533,11,Loyal Customers,Purchased
C2253,Vivek Bansal,Female,44,Kanpur,Uttar Pradesh,2024-08-08,41,7,617636.42,4,3,5,435,12,Loyal Customers,Purchased
C2254,Divya Saxena,Male,32,Vadodara,Gujarat,2024-01-31,39,12,319813.39,4,4,4,444,12,Champions,Purchased
C2255,Meera Kumar,Male,28,Varanasi,Uttar Pradesh,2023-12-19,165,3,1424.2,2,2,1,221,5,Hibernating,Purchased
C2256,Simran Verma,Female,30,Panipat,Haryana,2023-05-10,134,8,219789.47999999998,2,4,3,243,9,At Risk,Purchased
C2257,Divya Yadav,Female,56,Kolkata,West Bengal,2025-09-22,46,4,5657.5,4,2,1,421,7,New Customers,Purchased
C2258,Priya Gupta,Male,65,Hyderabad,Telangana,2024-12-30,280,1,2474.1,1,1,1,111,3,Hibernating,Purchased
C2259,Ayush Agarwal,Male,21,Madurai,Tamil Nadu,2023-11-12,26,15,288096.24,4,5,4,454,13,Champions,Purchased
C2260,Divya Gupta,Male,43,Patna,Bihar,2025-03-02,70,7,156415.62,3,3,3,333,9,Loyal Customers,Purchased
C2261,Rakesh Mehta,Male,40,Lucknow,Uttar Pradesh,2025-01-29,25,11,371747.04,4,4,4,444,12,Champions,Purchased
C2262,Aarav Kumar,Female,44,Mysuru,Karnataka,2023-06-03,31,17,422886.18,4,5,5,455,14,Champions,Purchased
C2263,Vivek Yadav,Male,29,Delhi,Delhi,2023-07-11,15,12,261527.92,5,4,4,544,13,Champions,Purchased
C2264,Ayush Malhotra,Male,18,Indore,Madhya Pradesh,2023-09-10,,,,,,,,,No Purchase,No Purchase
C2265,Yash Agarwal,Female,27,Rajkot,Gujarat,2023-04-26,34,7,79529.34,4,3,2,432,9,Potential Loyalists,Purchased
C2266,Suresh Jain,Female,26,Hyderabad,Telangana,2025-06-20,80,3,90574.14,3,2,2,322,7,Potential Loyalists,Purchased
C2267,Ananya Bansal,Female,20,Mumbai,Maharashtra,2023-06-20,,,,,,,,,No Purchase,No Purchase
C2268,Rakesh Chauhan,Male,35,Patna,Bihar,2025-06-07,,,,,,,,,No Purchase,No Purchase
C2269,Ananya Mehta,Male,50,Salem,Tamil Nadu,2024-08-02,176,1,72702.86,2,1,2,212,5,Hibernating,Purchased
C2270,Sameer Singh,Male,64,Chennai,Tamil Nadu,2023-05-08,32,35,1016651.88,4,5,5,455,14,Champions,Purchased
C2271,Tanya Kumar,Female,49,Gaya,Bihar,2025-07-13,84,5,245135.49,3,3,4,334,10,Loyal Customers,Purchased
C2272,Karan Chauhan,Male,26,Delhi,Delhi,2023-07-09,31,9,602271.1000000001,4,4,5,445,13,Champions,Purchased
C2273,Rohit Malhotra,Female,35,Mangaluru,Karnataka,2025-12-30,,,,,,,,,No Purchase,No Purchase
C2274,Priya Bansal,Female,32,Surat,Gujarat,2023-01-16,329,3,142803.04,1,2,3,123,6,At Risk,Purchased
C2275,Amit Malhotra,Female,28,Noida,Uttar Pradesh,2024-11-12,24,2,37686.22,5,1,1,511,7,New Customers,Purchased
C2276,Akash Gupta,Male,65,Delhi,Delhi,2023-12-10,167,9,221048.38,2,4,3,243,9,At Risk,Purchased
C2277,Rahul Jain,Male,49,Nagpur,Maharashtra,2024-08-07,130,4,127324.53,2,2,2,222,6,Hibernating,Purchased
C2278,Ayush Bansal,Female,41,Noida,Uttar Pradesh,2025-07-08,6,28,1078513.66,5,5,5,555,15,Champions,Purchased
C2279,Manish Srivastava,Male,38,Gurugram,Haryana,2025-05-11,12,11,408678.27,5,4,4,544,13,Champions,Purchased
C2280,Aarav Verma,Female,33,Vadodara,Gujarat,2023-11-05,31,15,427707.47000000003,4,5,5,455,14,Champions,Purchased
C2281,Kavya Mehta,Male,38,New Delhi,Delhi,2023-03-11,15,7,288704.26,5,3,4,534,12,Loyal Customers,Purchased
C2282,Nikhil Gupta,Other,48,Mysuru,Karnataka,2023-11-07,127,1,15132.939999999999,2,1,1,211,4,Hibernating,Purchased
C2283,Rohit Chauhan,Female,62,Bengaluru,Karnataka,2025-06-05,2,17,786471.09,5,5,5,555,15,Champions,Purchased
C2284,Arjun Yadav,Male,41,Rajkot,Gujarat,2024-07-18,371,4,222126.46,1,2,3,123,6,At Risk,Purchased
C2285,Priya Kapoor,Female,26,Bhopal,Madhya Pradesh,2025-04-10,42,8,332744.05,4,4,4,444,12,Champions,Purchased
C2286,Arjun Verma,Female,63,Gwalior,Madhya Pradesh,2024-06-25,248,4,199927.09999999998,1,2,3,123,6,At Risk,Purchased
C2287,Isha Joshi,Female,33,Bengaluru,Karnataka,2024-08-02,35,11,474852.92,4,4,5,445,13,Champions,Purchased
C2288,Amit Malhotra,Male,21,New Delhi,Delhi,2023-03-12,141,1,648.04,2,1,1,211,4,Hibernating,Purchased
C2289,Nisha Mishra,Male,44,Mysuru,Karnataka,2023-01-26,292,3,3730.1399999999994,1,2,1,121,4,Hibernating,Purchased
C2290,Ankit Saxena,Female,55,Vadodara,Gujarat,2025-02-09,71,11,315710.93,3,4,4,344,11,Loyal Customers,Purchased
C2291,Vivek Srivastava,Male,30,Hubballi,Karnataka,2023-08-10,79,9,258493.61000000002,3,4,4,344,11,Loyal Customers,Purchased
C2292,Isha Srivastava,Female,31,Jaipur,Rajasthan,2024-01-30,6,11,524349.77,5,4,5,545,14,Champions,Purchased
C2293,Deepak Mishra,Male,31,Salem,Tamil Nadu,2024-02-09,261,3,72398.8,1,2,2,122,5,Hibernating,Purchased
C2294,Rohit Kapoor,Female,56,Delhi,Delhi,2024-11-24,33,8,217383.96000000002,4,4,3,443,11,Loyal Customers,Purchased
C2295,Sakshi Mehta,Male,63,Delhi,Delhi,2025-10-27,,,,,,,,,No Purchase,No Purchase
C2296,Neha Mehta,Female,58,New Delhi,Delhi,2025-04-09,267,5,70934.57,1,3,2,132,6,At Risk,Purchased
C2297,Priya Patel,Male,28,Ghaziabad,Uttar Pradesh,2024-11-30,326,1,19904.129999999997,1,1,1,111,3,Hibernating,Purchased
C2298,Sakshi Joshi,Male,58,Nagpur,Maharashtra,2025-07-03,245,4,72236.95999999999,1,2,2,122,5,Hibernating,Purchased
C2299,Meera Kumar,Male,32,Kolkata,West Bengal,2024-07-12,17,24,920152.8899999999,5,5,5,555,15,Champions,Purchased
C2300,Kavya Jain,Female,59,New Delhi,Delhi,2023-06-09,277,3,42919.73,1,2,1,121,4,Hibernating,Purchased
C2301,Ayush Gupta,Male,65,Aurangabad,Maharashtra,2024-06-18,53,6,81716.04,4,3,2,432,9,Potential Loyalists,Purchased
C2302,Tanya Yadav,Female,52,Rajkot,Gujarat,2025-12-06,85,7,244081.91,3,3,4,334,10,Loyal Customers,Purchased
C2303,Suresh Kumar,Male,63,Kolkata,West Bengal,2025-05-04,118,9,360163.82999999996,2,4,4,244,10,Can't Lose Them,Purchased
C2304,Tanya Verma,Female,24,Nagpur,Maharashtra,2024-01-18,22,8,276187.98,5,4,4,544,13,Champions,Purchased
C2305,Neha Bansal,Female,49,Warangal,Telangana,2023-12-21,69,8,209530.72,3,4,3,343,10,Loyal Customers,Purchased
C2306,Divya Shah,Male,20,Bhopal,Madhya Pradesh,2025-10-02,313,5,74622.49,1,3,2,132,6,At Risk,Purchased
C2307,Vikas Sharma,Male,49,Ahmedabad,Gujarat,2023-04-14,306,3,32431.489999999998,1,2,1,121,4,Hibernating,Purchased
C2308,Aditi Bansal,Male,34,Jodhpur,Rajasthan,2025-01-11,161,3,38358.4,2,2,1,221,5,Hibernating,Purchased
C2309,Karan Tiwari,Female,64,Kanpur,Uttar Pradesh,2025-06-03,,,,,,,,,No Purchase,No Purchase
C2310,Komal Srivastava,Female,41,Indore,Madhya Pradesh,2023-12-27,31,8,435036.24,4,4,5,445,13,Champions,Purchased
C2311,Aditya Saxena,Male,54,Hubballi,Karnataka,2024-12-11,224,6,63980.880000000005,2,3,2,232,7,At Risk,Purchased
C2312,Neha Chauhan,Female,32,Indore,Madhya Pradesh,2023-12-23,17,21,419652.07,5,5,4,554,14,Champions,Purchased
C2313,Meera Mehta,Female,21,Vadodara,Gujarat,2023-01-19,662,1,26375.5,1,1,1,111,3,Hibernating,Purchased
C2314,Aarav Chauhan,Female,53,Ghaziabad,Uttar Pradesh,2024-05-12,25,21,587954.96,4,5,5,455,14,Champions,Purchased
C2315,Sakshi Tiwari,Female,28,Prayagraj,Uttar Pradesh,2025-12-08,514,1,2661.51,1,1,1,111,3,Hibernating,Purchased
C2316,Mohit Mishra,Female,52,Kota,Rajasthan,2023-09-23,35,8,167708.63999999998,4,4,3,443,11,Loyal Customers,Purchased
C2317,Rahul Srivastava,Female,40,Ahmedabad,Gujarat,2023-06-27,37,4,52116.98,4,2,2,422,8,New Customers,Purchased
C2318,Riya Bansal,Female,64,Noida,Uttar Pradesh,2025-10-06,14,1,15840.25,5,1,1,511,7,New Customers,Purchased
C2319,Divya Bansal,Male,34,Durgapur,West Bengal,2025-09-23,,,,,,,,,No Purchase,No Purchase
C2320,Suresh Srivastava,Female,37,Panipat,Haryana,2025-07-16,32,2,143809.41,4,1,3,413,8,New Customers,Purchased
C2321,Akash Agarwal,Other,53,Madurai,Tamil Nadu,2025-12-05,112,10,495664.58999999997,3,4,5,345,12,Loyal Customers,Purchased
C2322,Amit Jain,Female,55,Mysuru,Karnataka,2025-12-21,206,17,418815.68,2,5,4,254,11,Can't Lose Them,Purchased
C2323,Varun Joshi,Male,24,Agra,Uttar Pradesh,2025-10-02,,,,,,,,,No Purchase,No Purchase
C2324,Varun Kapoor,Female,53,Hyderabad,Telangana,2025-11-22,10,5,152692.62,5,3,3,533,11,Loyal Customers,Purchased
C2325,Aditya Srivastava,Male,41,New Delhi,Delhi,2025-03-26,,,,,,,,,No Purchase,No Purchase
C2326,Sakshi Srivastava,Female,65,Faridabad,Haryana,2023-12-11,672,1,99916.82,1,1,2,112,4,Hibernating,Purchased
C2327,Aditi Kapoor,Male,48,New Delhi,Delhi,2024-05-16,9,12,362938.96,5,4,4,544,13,Champions,Purchased
C2328,Rahul Chauhan,Female,55,Ahmedabad,Gujarat,2024-02-21,27,8,167003.59,4,4,3,443,11,Loyal Customers,Purchased
C2329,Rahul Gupta,Male,34,Mumbai,Maharashtra,2024-07-11,191,4,91242.78,2,2,2,222,6,Hibernating,Purchased
C2330,Sneha Chauhan,Male,31,Pune,Maharashtra,2025-02-03,16,14,717894.9199999999,5,5,5,555,15,Champions,Purchased
C2331,Aarav Singh,Male,55,Durgapur,West Bengal,2023-09-22,,,,,,,,,No Purchase,No Purchase
C2332,Shivam Mehta,Male,18,Madurai,Tamil Nadu,2023-01-18,42,5,71739.15,4,3,2,432,9,Potential Loyalists,Purchased
C2333,Riya Singh,Male,45,Salem,Tamil Nadu,2024-10-21,,,,,,,,,No Purchase,No Purchase
C2334,Rohit Mehta,Female,64,Patna,Bihar,2025-12-24,718,1,1896.2,1,1,1,111,3,Hibernating,Purchased
C2335,Yash Agarwal,Female,65,Gaya,Bihar,2025-08-01,67,9,235501.52,3,4,3,343,10,Loyal Customers,Purchased
C2336,Meera Singh,Female,52,Panipat,Haryana,2023-01-12,51,7,105723.62,4,3,2,432,9,Potential Loyalists,Purchased
C2337,Rohit Joshi,Female,41,Nagpur,Maharashtra,2024-10-17,166,5,163313.13,2,3,3,233,8,At Risk,Purchased
C2338,Kavya Kapoor,Male,57,Vadodara,Gujarat,2024-08-04,144,8,100716.53,2,4,2,242,8,At Risk,Purchased
C2339,Komal Gupta,Female,18,Panipat,Haryana,2024-04-10,26,12,271216.93,4,4,4,444,12,Champions,Purchased
C2340,Rohit Malhotra,Female,56,Delhi,Delhi,2025-01-02,204,3,21965.010000000002,2,2,1,221,5,Hibernating,Purchased
C2341,Aarav Gupta,Male,27,Ghaziabad,Uttar Pradesh,2024-04-11,52,15,359213.03,4,5,4,454,13,Champions,Purchased
C2342,Neha Kumar,Female,53,Warangal,Telangana,2025-09-27,56,5,42291.26,4,3,1,431,8,Potential Loyalists,Purchased
C2343,Mohit Kumar,Female,34,Madurai,Tamil Nadu,2025-09-20,12,6,123568.02,5,3,2,532,10,Potential Loyalists,Purchased
C2344,Simran Mehta,Female,54,Rajkot,Gujarat,2024-12-06,713,1,727.62,1,1,1,111,3,Hibernating,Purchased
C2345,Meera Bansal,Female,46,Muzaffarpur,Bihar,2024-05-17,37,2,166526.54,4,1,3,413,8,New Customers,Purchased
C2346,Aarav Mehta,Male,62,Surat,Gujarat,2024-10-15,2,3,171689.98,5,2,3,523,10,New Customers,Purchased
C2347,Shreya Saxena,Female,55,Mangaluru,Karnataka,2025-09-12,7,5,264276.23000000004,5,3,4,534,12,Loyal Customers,Purchased
C2348,Divya Mehta,Male,61,Delhi,Delhi,2023-11-25,320,2,84905.28,1,1,2,112,4,Hibernating,Purchased
C2349,Varun Bansal,Female,25,Bengaluru,Karnataka,2025-08-09,641,1,93179.46,1,1,2,112,4,Hibernating,Purchased
C2350,Deepak Chauhan,Male,36,Agra,Uttar Pradesh,2024-10-09,113,4,62590.0,3,2,2,322,7,Potential Loyalists,Purchased
C2351,Karan Agarwal,Female,38,Warangal,Telangana,2023-03-11,267,3,76589.24000000002,1,2,2,122,5,Hibernating,Purchased
C2352,Deepak Kumar,Male,19,Warangal,Telangana,2025-03-31,34,9,205996.85,4,4,3,443,11,Loyal Customers,Purchased
C2353,Karan Kumar,Male,19,Nashik,Maharashtra,2023-08-10,718,1,22476.49,1,1,1,111,3,Hibernating,Purchased
C2354,Suresh Mehta,Male,19,New Delhi,Delhi,2024-07-18,46,9,175747.19,4,4,3,443,11,Loyal Customers,Purchased
C2355,Neha Shah,Male,54,Panipat,Haryana,2025-11-06,223,3,140911.61,2,2,3,223,7,At Risk,Purchased
C2356,Sameer Gupta,Female,39,Varanasi,Uttar Pradesh,2025-05-03,,,,,,,,,No Purchase,No Purchase
C2357,Kavya Srivastava,Female,54,Coimbatore,Tamil Nadu,2025-02-04,43,20,517014.48,4,5,5,455,14,Champions,Purchased
C2358,Aarav Chauhan,Male,58,Hubballi,Karnataka,2023-03-18,369,1,215.55,1,1,1,111,3,Hibernating,Purchased
C2359,Tanya Yadav,Female,19,Jodhpur,Rajasthan,2025-07-29,138,4,41257.95999999999,2,2,1,221,5,Hibernating,Purchased
C2360,Manish Verma,Female,58,Nagpur,Maharashtra,2024-01-03,434,5,92797.18000000001,1,3,2,132,6,At Risk,Purchased
C2361,Rohit Verma,Male,28,Kota,Rajasthan,2023-02-24,7,15,313493.48,5,5,4,554,14,Champions,Purchased
C2362,Vikas Agarwal,Female,37,Delhi,Delhi,2025-11-16,10,6,195036.68000000002,5,3,3,533,11,Loyal Customers,Purchased
C2363,Tanya Srivastava,Male,64,Vadodara,Gujarat,2023-07-28,45,1,10917.0,4,1,1,411,6,New Customers,Purchased
C2364,Nikhil Mehta,Male,32,Kanpur,Uttar Pradesh,2023-12-21,20,16,592103.63,5,5,5,555,15,Champions,Purchased
C2365,Aarav Singh,Male,63,Hubballi,Karnataka,2023-06-05,1,12,227050.0,5,4,3,543,12,Loyal Customers,Purchased
C2366,Rahul Patel,Male,42,Chennai,Tamil Nadu,2024-11-11,24,3,127775.72,5,2,2,522,9,New Customers,Purchased
C2367,Neha Singh,Female,18,Thane,Maharashtra,2025-08-08,44,1,385.03000000000003,4,1,1,411,6,New Customers,Purchased
C2368,Yash Jain,Female,57,Varanasi,Uttar Pradesh,2024-07-23,90,7,161135.44,3,3,3,333,9,Loyal Customers,Purchased
C2369,Pooja Jain,Male,20,Aurangabad,Maharashtra,2025-08-09,171,3,11582.220000000001,2,2,1,221,5,Hibernating,Purchased
C2370,Priya Joshi,Female,48,New Delhi,Delhi,2025-10-22,,,,,,,,,No Purchase,No Purchase
C2371,Varun Shah,Male,40,Prayagraj,Uttar Pradesh,2025-08-13,38,7,637394.88,4,3,5,435,12,Loyal Customers,Purchased
C2372,Ayush Srivastava,Male,24,Indore,Madhya Pradesh,2023-06-28,16,17,408274.76,5,5,4,554,14,Champions,Purchased
C2373,Kavya Sharma,Female,42,Hubballi,Karnataka,2023-08-14,206,2,64535.770000000004,2,1,2,212,5,Hibernating,Purchased
C2374,Aditi Bansal,Female,35,Hyderabad,Telangana,2023-11-24,73,5,109424.13999999998,3,3,2,332,8,Potential Loyalists,Purchased
C2375,Neha Sharma,Female,22,Gaya,Bihar,2024-11-29,305,3,140696.83000000002,1,2,3,123,6,At Risk,Purchased
C2376,Vivek Mishra,Male,44,Lucknow,Uttar Pradesh,2025-08-02,63,4,428103.26999999996,3,2,5,325,10,Potential Loyalists,Purchased
C2377,Aditya Srivastava,Male,20,Kota,Rajasthan,2023-12-09,11,12,365923.63,5,4,4,544,13,Champions,Purchased
C2378,Aditi Malhotra,Male,43,Panipat,Haryana,2024-12-30,19,7,168967.91,5,3,3,533,11,Loyal Customers,Purchased
C2379,Sameer Gupta,Female,28,Ahmedabad,Gujarat,2023-07-25,55,6,104352.39,4,3,2,432,9,Potential Loyalists,Purchased
C2380,Meera Patel,Male,57,Hubballi,Karnataka,2024-08-17,246,3,136587.22,1,2,3,123,6,At Risk,Purchased
C2381,Arjun Kapoor,Female,63,Mysuru,Karnataka,2025-05-03,310,4,320886.9,1,2,4,124,7,At Risk,Purchased
C2382,Kavya Tiwari,Male,62,Agra,Uttar Pradesh,2024-03-08,131,7,353956.98,2,3,4,234,9,At Risk,Purchased
C2383,Vivek Joshi,Male,63,Chennai,Tamil Nadu,2023-06-28,117,2,92879.51999999999,2,1,2,212,5,Hibernating,Purchased
C2384,Ananya Sharma,Male,22,Patna,Bihar,2024-03-26,24,5,135467.67,5,3,3,533,11,Loyal Customers,Purchased
C2385,Arjun Patel,Female,42,Patna,Bihar,2025-04-14,61,2,54124.09,3,1,2,312,6,Potential Loyalists,Purchased
C2386,Vikas Gupta,Female,28,Agra,Uttar Pradesh,2025-10-20,34,8,191085.3,4,4,3,443,11,Loyal Customers,Purchased
C2387,Sneha Sharma,Other,22,Udaipur,Rajasthan,2024-11-05,19,7,335040.06,5,3,4,534,12,Loyal Customers,Purchased
C2388,Karan Mehta,Female,36,Delhi,Delhi,2025-01-04,55,22,762563.18,4,5,5,455,14,Champions,Purchased
C2389,Yash Bansal,Female,38,Indore,Madhya Pradesh,2024-04-04,72,7,334663.19999999995,3,3,4,334,10,Loyal Customers,Purchased
C2390,Riya Sharma,Male,32,Prayagraj,Uttar Pradesh,2025-10-14,83,5,443330.6,3,3,5,335,11,Loyal Customers,Purchased
C2391,Kavya Bansal,Female,23,Indore,Madhya Pradesh,2025-08-10,26,12,469962.68,4,4,5,445,13,Champions,Purchased
C2392,Amit Kapoor,Female,37,Hyderabad,Telangana,2025-11-30,,,,,,,,,No Purchase,No Purchase
C2393,Sneha Bansal,Female,25,Lucknow,Uttar Pradesh,2025-08-03,184,3,54397.24,2,2,2,222,6,Hibernating,Purchased
C2394,Divya Verma,Male,19,Noida,Uttar Pradesh,2024-08-21,318,1,27189.03,1,1,1,111,3,Hibernating,Purchased
C2395,Deepak Agarwal,Male,39,Warangal,Telangana,2025-11-17,23,13,633681.0399999999,5,5,5,555,15,Champions,Purchased
C2396,Rahul Kumar,Female,21,Ghaziabad,Uttar Pradesh,2024-10-29,43,4,100688.89,4,2,2,422,8,New Customers,Purchased
C2397,Rohit Verma,Male,64,Madurai,Tamil Nadu,2024-10-20,,,,,,,,,No Purchase,No Purchase
C2398,Rohit Mishra,Male,58,Gwalior,Madhya Pradesh,2024-12-19,64,9,89857.67,3,4,2,342,9,At Risk,Purchased
C2399,Tanya Mishra,Male,62,Vadodara,Gujarat,2023-07-23,184,3,201332.34,2,2,3,223,7,At Risk,Purchased
C2400,Ankit Gupta,Female,22,Bengaluru,Karnataka,2025-07-07,111,7,102426.88,3,3,2,332,8,Potential Loyalists,Purchased
C2401,Amit Gupta,Male,40,Mysuru,Karnataka,2024-02-02,72,4,287729.52,3,2,4,324,9,Potential Loyalists,Purchased
C2402,Nikhil Tiwari,Female,57,Prayagraj,Uttar Pradesh,2024-12-22,52,4,157324.66,4,2,3,423,9,New Customers,Purchased
C2403,Deepak Bansal,Female,45,Patna,Bihar,2025-07-13,169,11,397055.44,2,4,4,244,10,Can't Lose Them,Purchased
C2404,Shreya Mishra,Female,32,New Delhi,Delhi,2023-05-06,,,,,,,,,No Purchase,No Purchase
C2405,Meera Tiwari,Male,57,Aurangabad,Maharashtra,2023-11-26,,,,,,,,,No Purchase,No Purchase
C2406,Sneha Verma,Female,32,Mumbai,Maharashtra,2025-10-28,,,,,,,,,No Purchase,No Purchase
C2407,Rakesh Jain,Male,64,Muzaffarpur,Bihar,2024-01-31,39,24,581091.17,4,5,5,455,14,Champions,Purchased
C2408,Amit Saxena,Male,22,Prayagraj,Uttar Pradesh,2024-12-24,289,1,1538.68,1,1,1,111,3,Hibernating,Purchased
C2409,Ankit Jain,Male,51,Faridabad,Haryana,2024-09-06,75,4,144544.9,3,2,3,323,8,Potential Loyalists,Purchased
C2410,Sneha Verma,Male,18,Udaipur,Rajasthan,2025-08-10,5,21,923110.37,5,5,5,555,15,Champions,Purchased
C2411,Ankit Agarwal,Female,61,Hyderabad,Telangana,2024-07-12,28,3,54753.78,4,2,2,422,8,New Customers,Purchased
C2412,Karan Shah,Male,35,Gaya,Bihar,2024-04-10,82,12,422447.4,3,4,5,345,12,Loyal Customers,Purchased
C2413,Karan Joshi,Female,18,Panipat,Haryana,2023-01-18,3,14,429016.38,5,5,5,555,15,Champions,Purchased
C2414,Suresh Jain,Male,58,Gwalior,Madhya Pradesh,2024-06-03,48,7,216624.83000000002,4,3,3,433,10,Loyal Customers,Purchased
C2415,Vikas Jain,Other,64,Agra,Uttar Pradesh,2024-10-02,282,6,57466.149999999994,1,3,2,132,6,At Risk,Purchased
C2416,Tanya Yadav,Female,62,Warangal,Telangana,2025-01-24,144,5,166793.68,2,3,3,233,8,At Risk,Purchased
C2417,Sneha Shah,Male,41,Salem,Tamil Nadu,2025-05-04,,,,,,,,,No Purchase,No Purchase
C2418,Komal Verma,Female,20,Chennai,Tamil Nadu,2025-04-30,195,3,63133.59,2,2,2,222,6,Hibernating,Purchased
C2419,Deepak Srivastava,Male,28,Faridabad,Haryana,2024-05-17,119,13,648344.27,2,5,5,255,12,Can't Lose Them,Purchased
C2420,Rakesh Kapoor,Female,19,Gaya,Bihar,2023-03-27,,,,,,,,,No Purchase,No Purchase
C2421,Pooja Jain,Female,20,Udaipur,Rajasthan,2023-10-06,130,4,62536.689999999995,2,2,2,222,6,Hibernating,Purchased
C2422,Shivam Kapoor,Female,25,Salem,Tamil Nadu,2024-03-22,36,14,362134.68,4,5,4,454,13,Champions,Purchased
C2423,Kavya Sharma,Male,45,Hubballi,Karnataka,2025-12-07,150,3,137131.18,2,2,3,223,7,At Risk,Purchased
C2424,Akash Mishra,Other,54,Delhi,Delhi,2025-04-22,48,5,513478.3900000001,4,3,5,435,12,Loyal Customers,Purchased
C2425,Shreya Jain,Female,46,New Delhi,Delhi,2025-09-06,31,6,94037.78,4,3,2,432,9,Potential Loyalists,Purchased
C2426,Sameer Patel,Female,27,Hubballi,Karnataka,2025-12-22,5,6,270055.8,5,3,4,534,12,Loyal Customers,Purchased
C2427,Karan Kapoor,Male,46,Ghaziabad,Uttar Pradesh,2023-05-26,341,4,6786.62,1,2,1,121,4,Hibernating,Purchased
C2428,Sneha Chauhan,Male,29,Varanasi,Uttar Pradesh,2023-01-13,,,,,,,,,No Purchase,No Purchase
C2429,Yash Agarwal,Female,40,Siliguri,West Bengal,2024-09-20,561,1,1240.2199999999998,1,1,1,111,3,Hibernating,Purchased
C2430,Sneha Agarwal,Female,60,Bengaluru,Karnataka,2023-10-17,396,1,69167.34,1,1,2,112,4,Hibernating,Purchased
C2431,Ankit Joshi,Female,24,Bhopal,Madhya Pradesh,2025-08-09,40,23,1412094.19,4,5,5,455,14,Champions,Purchased
C2432,Yash Yadav,Female,59,Ahmedabad,Gujarat,2024-05-24,237,1,1023.6,2,1,1,211,4,Hibernating,Purchased
C2433,Aarav Kumar,Female,31,Agra,Uttar Pradesh,2023-01-11,62,2,41462.840000000004,3,1,1,311,5,Potential Loyalists,Purchased
C2434,Riya Chauhan,Male,50,Prayagraj,Uttar Pradesh,2023-09-02,21,6,155913.64,5,3,3,533,11,Loyal Customers,Purchased
C2435,Sanjay Saxena,Female,30,Pune,Maharashtra,2024-01-09,158,3,146852.83,2,2,3,223,7,At Risk,Purchased
C2436,Pooja Chauhan,Male,25,Muzaffarpur,Bihar,2023-01-30,242,4,130272.14,1,2,3,123,6,At Risk,Purchased
C2437,Komal Verma,Female,39,Mumbai,Maharashtra,2023-12-14,270,2,21674.77,1,1,1,111,3,Hibernating,Purchased
C2438,Ankit Sharma,Male,36,Chennai,Tamil Nadu,2024-08-13,132,3,82041.14,2,2,2,222,6,Hibernating,Purchased
C2439,Sakshi Jain,Female,42,Gwalior,Madhya Pradesh,2025-09-05,152,4,23669.06,2,2,1,221,5,Hibernating,Purchased
C2440,Manish Tiwari,Female,29,Patna,Bihar,2024-12-12,53,11,216070.24,4,4,3,443,11,Loyal Customers,Purchased
C2441,Shivam Kumar,Female,64,Thane,Maharashtra,2023-04-13,24,4,39447.12,5,2,1,521,8,New Customers,Purchased
C2442,Arjun Kumar,Male,50,Prayagraj,Uttar Pradesh,2024-03-31,172,2,3664.8599999999997,2,1,1,211,4,Hibernating,Purchased
C2443,Manish Singh,Female,58,Kanpur,Uttar Pradesh,2025-04-21,7,24,669591.15,5,5,5,555,15,Champions,Purchased
C2444,Karan Bansal,Male,55,Noida,Uttar Pradesh,2024-02-10,39,21,936780.78,4,5,5,455,14,Champions,Purchased
C2445,Ankit Bansal,Male,52,Pune,Maharashtra,2024-09-08,239,6,289081.64,1,3,4,134,8,At Risk,Purchased
C2446,Priya Malhotra,Female,24,Ahmedabad,Gujarat,2025-12-15,66,7,389843.58,3,3,4,334,10,Loyal Customers,Purchased
C2447,Komal Singh,Female,46,Gwalior,Madhya Pradesh,2023-05-31,139,7,207868.22999999998,2,3,3,233,8,At Risk,Purchased
C2448,Rakesh Kapoor,Male,61,Salem,Tamil Nadu,2024-06-06,68,4,181017.38,3,2,3,323,8,Potential Loyalists,Purchased
C2449,Neha Jain,Female,22,Rajkot,Gujarat,2024-10-29,65,7,159960.87,3,3,3,333,9,Loyal Customers,Purchased
C2450,Nisha Gupta,Male,40,Thane,Maharashtra,2025-05-23,,,,,,,,,No Purchase,No Purchase
C2451,Isha Yadav,Female,26,Warangal,Telangana,2025-07-05,,,,,,,,,No Purchase,No Purchase
C2452,Aarav Shah,Female,56,Rajkot,Gujarat,2023-11-11,57,4,91853.46000000002,4,2,2,422,8,New Customers,Purchased
C2453,Priya Mishra,Female,62,Panipat,Haryana,2024-05-26,359,3,219616.16,1,2,3,123,6,At Risk,Purchased
C2454,Deepak Chauhan,Female,20,Bhopal,Madhya Pradesh,2025-06-28,290,2,62726.67,1,1,2,112,4,Hibernating,Purchased
C2455,Shreya Patel,Female,56,Delhi,Delhi,2025-07-07,118,2,190201.12000000002,2,1,3,213,6,At Risk,Purchased
C2456,Sneha Agarwal,Female,35,Kanpur,Uttar Pradesh,2025-06-20,29,4,278895.3,4,2,4,424,10,New Customers,Purchased
C2457,Divya Malhotra,Male,64,Nagpur,Maharashtra,2025-01-01,149,3,199315.93,2,2,3,223,7,At Risk,Purchased
C2458,Varun Malhotra,Male,18,Hubballi,Karnataka,2023-10-21,60,9,737616.24,3,4,5,345,12,Loyal Customers,Purchased
C2459,Rohit Sharma,Female,27,Indore,Madhya Pradesh,2024-02-08,9,3,110229.0,5,2,2,522,9,New Customers,Purchased
C2460,Sanjay Joshi,Male,52,New Delhi,Delhi,2024-12-19,70,8,200235.93,3,4,3,343,10,Loyal Customers,Purchased
C2461,Nikhil Verma,Female,55,Kolkata,West Bengal,2023-10-06,,,,,,,,,No Purchase,No Purchase
C2462,Aditya Agarwal,Male,21,Coimbatore,Tamil Nadu,2025-01-16,726,1,979.92,1,1,1,111,3,Hibernating,Purchased
C2463,Karan Kapoor,Female,25,Nashik,Maharashtra,2024-07-17,173,4,265280.51,2,2,4,224,8,At Risk,Purchased
C2464,Priya Mehta,Male,34,Delhi,Delhi,2024-04-29,359,2,3350.15,1,1,1,111,3,Hibernating,Purchased
C2465,Sanjay Agarwal,Female,19,Jaipur,Rajasthan,2024-01-25,77,17,595293.8,3,5,5,355,13,Loyal Customers,Purchased
C2466,Ayush Gupta,Female,55,Udaipur,Rajasthan,2025-04-27,291,1,624.53,1,1,1,111,3,Hibernating,Purchased
C2467,Komal Shah,Male,50,Hubballi,Karnataka,2024-05-24,200,5,16349.09,2,3,1,231,6,At Risk,Purchased
C2468,Nikhil Mishra,Female,53,Aurangabad,Maharashtra,2023-12-03,10,33,1153066.27,5,5,5,555,15,Champions,Purchased
C2469,Sneha Tiwari,Male,40,Durgapur,West Bengal,2024-02-25,,,,,,,,,No Purchase,No Purchase
C2470,Varun Shah,Female,48,Mumbai,Maharashtra,2024-06-14,45,12,186129.3,4,4,3,443,11,Loyal Customers,Purchased
C2471,Priya Srivastava,Female,45,Bhopal,Madhya Pradesh,2024-11-07,220,3,95992.54000000001,2,2,2,222,6,Hibernating,Purchased
C2472,Ankit Agarwal,Male,51,Aurangabad,Maharashtra,2025-12-20,360,8,321926.47000000003,1,4,4,144,9,Can't Lose Them,Purchased
C2473,Tanya Saxena,Male,39,Ghaziabad,Uttar Pradesh,2024-01-08,47,6,156026.61000000002,4,3,3,433,10,Loyal Customers,Purchased
C2474,Yash Singh,Male,49,Madurai,Tamil Nadu,2023-07-15,26,12,342780.72,4,4,4,444,12,Champions,Purchased
C2475,Arjun Yadav,Male,48,Salem,Tamil Nadu,2025-12-06,30,10,133838.54,4,4,3,443,11,Loyal Customers,Purchased
C2476,Varun Singh,Female,48,Madurai,Tamil Nadu,2023-06-11,45,14,405404.12,4,5,4,454,13,Champions,Purchased
C2477,Amit Sharma,Male,59,Bengaluru,Karnataka,2025-09-16,203,2,12196.49,2,1,1,211,4,Hibernating,Purchased
C2478,Deepak Tiwari,Female,34,Muzaffarpur,Bihar,2023-06-05,105,3,97289.41,3,2,2,322,7,Potential Loyalists,Purchased
C2479,Sneha Kapoor,Female,60,Chennai,Tamil Nadu,2024-02-03,34,9,530470.79,4,4,5,445,13,Champions,Purchased
C2480,Kavya Joshi,Female,19,Mysuru,Karnataka,2025-12-28,48,3,39810.77,4,2,1,421,7,New Customers,Purchased
C2481,Vikas Shah,Female,41,Bengaluru,Karnataka,2023-06-25,92,7,19393.589999999997,3,3,1,331,7,Potential Loyalists,Purchased
C2482,Ankit Mehta,Male,39,Prayagraj,Uttar Pradesh,2024-10-29,36,2,41835.84,4,1,1,411,6,New Customers,Purchased
C2483,Manish Joshi,Female,59,Ahmedabad,Gujarat,2023-07-28,139,4,235516.46000000002,2,2,3,223,7,At Risk,Purchased
C2484,Komal Saxena,Female,20,Nashik,Maharashtra,2023-01-27,365,7,148349.99000000002,1,3,3,133,7,At Risk,Purchased
C2485,Priya Mehta,Female,28,Rajkot,Gujarat,2025-01-30,,,,,,,,,No Purchase,No Purchase
C2486,Aditya Kapoor,Male,40,Prayagraj,Uttar Pradesh,2025-11-16,160,14,312754.98000000004,2,5,4,254,11,Can't Lose Them,Purchased
C2487,Rahul Yadav,Male,57,Patna,Bihar,2025-04-11,16,22,828104.13,5,5,5,555,15,Champions,Purchased
C2488,Rakesh Chauhan,Other,40,Hubballi,Karnataka,2025-11-21,2,23,912877.5099999999,5,5,5,555,15,Champions,Purchased
C2489,Akash Sharma,Female,48,Faridabad,Haryana,2024-07-31,53,8,167617.29,4,4,3,443,11,Loyal Customers,Purchased
C2490,Ananya Agarwal,Male,26,Mangaluru,Karnataka,2024-11-03,52,6,117258.34999999999,4,3,2,432,9,Potential Loyalists,Purchased
C2491,Ayush Srivastava,Female,63,Agra,Uttar Pradesh,2025-12-12,9,10,214162.63,5,4,3,543,12,Loyal Customers,Purchased
C2492,Rakesh Gupta,Male,55,Hyderabad,Telangana,2024-07-05,54,5,84048.38,4,3,2,432,9,Potential Loyalists,Purchased
C2493,Yash Kumar,Female,20,Jaipur,Rajasthan,2023-02-12,206,9,150417.49,2,4,3,243,9,At Risk,Purchased
C2494,Vikas Agarwal,Male,51,Hyderabad,Telangana,2023-09-19,1,11,708600.0,5,4,5,545,14,Champions,Purchased
C2495,Aditi Jain,Male,24,Hubballi,Karnataka,2024-11-10,,,,,,,,,No Purchase,No Purchase
C2496,Vivek Tiwari,Male,44,Rajkot,Gujarat,2025-07-27,44,8,432876.36,4,4,5,445,13,Champions,Purchased
C2497,Ananya Saxena,Male,52,Faridabad,Haryana,2024-10-26,29,9,266349.27999999997,4,4,4,444,12,Champions,Purchased
C2498,Kavya Patel,Male,62,Rajkot,Gujarat,2024-03-20,343,3,177383.25,1,2,3,123,6,At Risk,Purchased
C2499,Ananya Chauhan,Male,21,New Delhi,Delhi,2023-12-18,212,1,49761.75,2,1,1,211,4,Hibernating,Purchased
C2500,Vikas Joshi,Male,31,Kota,Rajasthan,2025-01-18,9,19,1176821.24,5,5,5,555,15,Champions,Purchased
C2501,Suresh Srivastava,Female,51,Jaipur,Rajasthan,2025-09-11,118,20,508703.91000000003,2,5,5,255,12,Can't Lose Them,Purchased
C2502,Arjun Verma,Female,30,Patna,Bihar,2023-11-01,57,2,6427.03,4,1,1,411,6,New Customers,Purchased
C2503,Aditi Patel,Female,52,Delhi,Delhi,2024-08-28,,,,,,,,,No Purchase,No Purchase
C2504,Priya Sharma,Male,26,Mysuru,Karnataka,2024-04-13,108,11,501681.16000000003,3,4,5,345,12,Loyal Customers,Purchased
C2505,Shivam Sharma,Male,25,Hyderabad,Telangana,2023-09-27,85,4,115170.53,3,2,2,322,7,Potential Loyalists,Purchased
C2506,Vikas Kapoor,Female,44,Salem,Tamil Nadu,2024-03-19,345,1,111962.68000000001,1,1,2,112,4,Hibernating,Purchased
C2507,Vivek Kumar,Female,51,Kolkata,West Bengal,2023-04-07,36,9,161778.52,4,4,3,443,11,Loyal Customers,Purchased
C2508,Ankit Shah,Female,27,Hubballi,Karnataka,2024-08-03,328,6,32573.470000000005,1,3,1,131,5,At Risk,Purchased
C2509,Ankit Malhotra,Female,59,Pune,Maharashtra,2023-04-28,155,3,75572.78,2,2,2,222,6,Hibernating,Purchased
C2510,Shivam Sharma,Female,59,Kolkata,West Bengal,2024-06-03,1,13,370009.21,5,5,4,554,14,Champions,Purchased
C2511,Shreya Jain,Female,21,Kanpur,Uttar Pradesh,2025-09-09,47,5,218405.63,4,3,3,433,10,Loyal Customers,Purchased
C2512,Yash Malhotra,Male,32,Nashik,Maharashtra,2023-06-09,107,6,278460.99,3,3,4,334,10,Loyal Customers,Purchased
C2513,Akash Srivastava,Female,44,Ahmedabad,Gujarat,2023-10-02,52,3,11319.46,4,2,1,421,7,New Customers,Purchased
C2514,Akash Yadav,Female,41,Kolkata,West Bengal,2025-02-28,214,7,277050.59,2,3,4,234,9,At Risk,Purchased
C2515,Divya Chauhan,Female,30,Panipat,Haryana,2025-09-20,266,10,338028.42,1,4,4,144,9,Can't Lose Them,Purchased
C2516,Ayush Saxena,Male,43,Nagpur,Maharashtra,2025-11-12,,,,,,,,,No Purchase,No Purchase
C2517,Divya Malhotra,Male,64,Agra,Uttar Pradesh,2023-05-12,395,5,115068.69,1,3,2,132,6,At Risk,Purchased
C2518,Amit Agarwal,Male,32,Patna,Bihar,2023-09-19,67,9,369588.99,3,4,4,344,11,Loyal Customers,Purchased
C2519,Sameer Kapoor,Male,28,Noida,Uttar Pradesh,2025-12-13,,,,,,,,,No Purchase,No Purchase
C2520,Ankit Saxena,Female,53,Mumbai,Maharashtra,2024-07-07,32,12,485393.55,4,4,5,445,13,Champions,Purchased
C2521,Rahul Mishra,Female,45,Delhi,Delhi,2025-07-01,27,9,771714.71,4,4,5,445,13,Champions,Purchased
C2522,Karan Chauhan,Male,51,Chennai,Tamil Nadu,2023-01-16,214,2,79872.84999999999,2,1,2,212,5,Hibernating,Purchased
C2523,Sameer Tiwari,Female,49,Gurugram,Haryana,2023-05-08,15,4,87556.28,5,2,2,522,9,New Customers,Purchased
C2524,Nisha Patel,Male,54,Durgapur,West Bengal,2023-08-12,57,2,52709.25000000001,4,1,2,412,7,New Customers,Purchased
C2525,Yash Kapoor,Female,53,Jodhpur,Rajasthan,2023-04-05,78,1,27622.72,3,1,1,311,5,Potential Loyalists,Purchased
C2526,Divya Shah,Male,47,Thane,Maharashtra,2025-09-02,106,4,7774.64,3,2,1,321,6,Potential Loyalists,Purchased
C2527,Divya Bansal,Female,39,New Delhi,Delhi,2025-05-29,91,9,270197.70999999996,3,4,4,344,11,Loyal Customers,Purchased
C2528,Aditi Saxena,Female,40,Hubballi,Karnataka,2024-03-03,70,16,945920.69,3,5,5,355,13,Loyal Customers,Purchased
C2529,Komal Sharma,Female,30,Prayagraj,Uttar Pradesh,2023-03-27,121,2,32613.02,2,1,1,211,4,Hibernating,Purchased
C2530,Sanjay Singh,Female,39,Nagpur,Maharashtra,2023-04-27,283,4,83116.74999999999,1,2,2,122,5,Hibernating,Purchased
C2531,Mohit Mishra,Male,47,Delhi,Delhi,2023-10-15,47,7,374721.22000000003,4,3,4,434,11,Loyal Customers,Purchased
C2532,Rahul Tiwari,Female,52,Kanpur,Uttar Pradesh,2025-03-07,11,6,102214.09,5,3,2,532,10,Potential Loyalists,Purchased
C2533,Pooja Agarwal,Male,55,Salem,Tamil Nadu,2025-05-27,87,7,97881.23000000001,3,3,2,332,8,Potential Loyalists,Purchased
C2534,Amit Srivastava,Male,36,Jodhpur,Rajasthan,2024-08-13,4,4,55478.1,5,2,2,522,9,New Customers,Purchased
C2535,Manish Patel,Female,53,Prayagraj,Uttar Pradesh,2025-09-20,2,9,521315.65,5,4,5,545,14,Champions,Purchased
C2536,Amit Yadav,Female,38,Madurai,Tamil Nadu,2025-10-13,181,5,250190.1,2,3,4,234,9,At Risk,Purchased
C2537,Rohit Tiwari,Female,35,Warangal,Telangana,2025-04-20,13,7,170691.03999999998,5,3,3,533,11,Loyal Customers,Purchased
C2538,Meera Mehta,Male,25,Siliguri,West Bengal,2023-03-28,,,,,,,,,No Purchase,No Purchase
C2539,Simran Agarwal,Female,30,Warangal,Telangana,2025-09-01,600,1,413.93,1,1,1,111,3,Hibernating,Purchased
C2540,Kavya Sharma,Male,50,Mangaluru,Karnataka,2025-09-21,17,27,666588.21,5,5,5,555,15,Champions,Purchased
C2541,Rakesh Kumar,Female,28,Warangal,Telangana,2024-09-05,52,3,98164.14,4,2,2,422,8,New Customers,Purchased
C2542,Divya Kumar,Female,21,Thane,Maharashtra,2024-10-18,35,14,452735.01999999996,4,5,5,455,14,Champions,Purchased
C2543,Sneha Agarwal,Female,31,New Delhi,Delhi,2025-05-03,573,2,126002.44,1,1,2,112,4,Hibernating,Purchased
C2544,Sneha Joshi,Female,65,Aurangabad,Maharashtra,2024-10-10,35,6,139154.75,4,3,3,433,10,Loyal Customers,Purchased
C2545,Aarav Mishra,Female,25,Hubballi,Karnataka,2024-01-12,,,,,,,,,No Purchase,No Purchase
C2546,Aarav Singh,Male,24,Bengaluru,Karnataka,2025-02-02,,,,,,,,,No Purchase,No Purchase
C2547,Pooja Yadav,Other,37,Aurangabad,Maharashtra,2025-05-09,127,13,163621.08000000002,2,5,3,253,10,At Risk,Purchased
C2548,Amit Jain,Female,36,Siliguri,West Bengal,2023-06-04,291,1,118237.44,1,1,2,112,4,Hibernating,Purchased
C2549,Pooja Chauhan,Male,62,New Delhi,Delhi,2025-01-14,187,4,22831.339999999997,2,2,1,221,5,Hibernating,Purchased
C2550,Shivam Agarwal,Male,29,Pune,Maharashtra,2023-07-09,86,16,463182.63,3,5,5,355,13,Loyal Customers,Purchased
C2551,Pooja Singh,Male,38,Kanpur,Uttar Pradesh,2024-09-21,62,10,257819.75,3,4,4,344,11,Loyal Customers,Purchased
C2552,Neha Mehta,Female,31,Bengaluru,Karnataka,2023-04-29,138,4,58074.979999999996,2,2,2,222,6,Hibernating,Purchased
C2553,Aarav Tiwari,Female,29,Delhi,Delhi,2025-12-22,189,6,353878.63,2,3,4,234,9,At Risk,Purchased
C2554,Rahul Bansal,Female,33,Delhi,Delhi,2025-01-01,40,18,380753.43,4,5,4,454,13,Champions,Purchased
C2555,Kavya Saxena,Male,30,Thane,Maharashtra,2024-05-29,71,4,111984.45999999999,3,2,2,322,7,Potential Loyalists,Purchased
C2556,Mohit Tiwari,Male,52,Siliguri,West Bengal,2024-07-05,50,12,464752.74,4,4,5,445,13,Champions,Purchased
C2557,Rahul Joshi,Female,55,Bhopal,Madhya Pradesh,2024-11-09,2,15,717712.74,5,5,5,555,15,Champions,Purchased
C2558,Divya Chauhan,Male,26,Madurai,Tamil Nadu,2023-05-17,13,9,384366.0,5,4,4,544,13,Champions,Purchased
C2559,Deepak Sharma,Male,41,Kota,Rajasthan,2024-07-12,84,9,178401.13,3,4,3,343,10,Loyal Customers,Purchased
C2560,Nisha Saxena,Male,30,Gurugram,Haryana,2025-02-22,7,2,201631.49000000002,5,1,3,513,9,New Customers,Purchased
C2561,Rakesh Srivastava,Male,59,Gaya,Bihar,2023-10-13,51,2,27555.06,4,1,1,411,6,New Customers,Purchased
C2562,Rohit Tiwari,Male,22,Rajkot,Gujarat,2024-06-08,41,9,234541.02000000002,4,4,3,443,11,Loyal Customers,Purchased
C2563,Priya Patel,Female,37,Panipat,Haryana,2023-12-28,47,19,786967.82,4,5,5,455,14,Champions,Purchased
C2564,Deepak Bansal,Male,33,Gwalior,Madhya Pradesh,2023-06-26,235,11,532456.64,2,4,5,245,11,Can't Lose Them,Purchased
C2565,Manish Gupta,Male,35,Hyderabad,Telangana,2025-12-07,87,4,178968.56,3,2,3,323,8,Potential Loyalists,Purchased
C2566,Mohit Joshi,Female,63,Mysuru,Karnataka,2024-10-11,21,30,645130.92,5,5,5,555,15,Champions,Purchased
C2567,Karan Agarwal,Female,43,Noida,Uttar Pradesh,2024-03-05,,,,,,,,,No Purchase,No Purchase
C2568,Meera Mehta,Female,36,Ghaziabad,Uttar Pradesh,2024-01-06,63,10,136659.99,3,4,3,343,10,Loyal Customers,Purchased
C2569,Sneha Malhotra,Female,56,Mangaluru,Karnataka,2025-01-13,121,13,634615.79,2,5,5,255,12,Can't Lose Them,Purchased
C2570,Arjun Mishra,Female,55,Chennai,Tamil Nadu,2023-04-29,256,5,112593.39000000001,1,3,2,132,6,At Risk,Purchased
C2571,Sanjay Verma,Female,24,Bengaluru,Karnataka,2024-09-12,191,6,371643.88,2,3,4,234,9,At Risk,Purchased
C2572,Akash Mishra,Female,40,Vadodara,Gujarat,2023-09-10,,,,,,,,,No Purchase,No Purchase
C2573,Shreya Malhotra,Female,37,Salem,Tamil Nadu,2025-09-01,62,9,371735.67,3,4,4,344,11,Loyal Customers,Purchased
C2574,Arjun Malhotra,Female,39,Warangal,Telangana,2025-05-08,696,1,5430.92,1,1,1,111,3,Hibernating,Purchased
C2575,Deepak Kapoor,Male,34,Ghaziabad,Uttar Pradesh,2025-04-09,190,6,220387.37,2,3,3,233,8,At Risk,Purchased
C2576,Rohit Kumar,Male,57,Thane,Maharashtra,2023-06-09,323,1,10381.42,1,1,1,111,3,Hibernating,Purchased
C2577,Mohit Saxena,Male,65,Warangal,Telangana,2023-03-30,34,11,335047.62,4,4,4,444,12,Champions,Purchased
C2578,Nisha Malhotra,Male,19,Panipat,Haryana,2024-05-16,24,7,175435.22,5,3,3,533,11,Loyal Customers,Purchased
C2579,Suresh Sharma,Male,59,Muzaffarpur,Bihar,2024-01-25,20,8,176355.99,5,4,3,543,12,Loyal Customers,Purchased
C2580,Komal Mishra,Female,59,Faridabad,Haryana,2025-03-04,7,12,407515.07,5,4,4,544,13,Champions,Purchased
C2581,Vikas Patel,Female,35,Panipat,Haryana,2025-02-18,171,12,344147.36,2,4,4,244,10,Can't Lose Them,Purchased
C2582,Sakshi Agarwal,Male,41,Delhi,Delhi,2024-03-10,296,1,21243.62,1,1,1,111,3,Hibernating,Purchased
C2583,Ankit Kumar,Male,22,Bengaluru,Karnataka,2023-06-26,31,11,557017.33,4,4,5,445,13,Champions,Purchased
C2584,Simran Verma,Male,34,Thane,Maharashtra,2023-12-22,28,8,139574.33,4,4,3,443,11,Loyal Customers,Purchased
C2585,Simran Sharma,Female,29,Surat,Gujarat,2024-07-05,119,2,85684.15000000001,2,1,2,212,5,Hibernating,Purchased
C2586,Aarav Singh,Male,61,Indore,Madhya Pradesh,2023-10-05,256,3,52944.979999999996,1,2,2,122,5,Hibernating,Purchased
C2587,Riya Yadav,Male,23,New Delhi,Delhi,2023-12-14,463,2,25761.93,1,1,1,111,3,Hibernating,Purchased
C2588,Sakshi Saxena,Male,34,Chennai,Tamil Nadu,2023-09-21,51,23,566562.63,4,5,5,455,14,Champions,Purchased
C2589,Aditi Shah,Female,41,Delhi,Delhi,2023-03-12,109,3,52950.880000000005,3,2,2,322,7,Potential Loyalists,Purchased
C2590,Suresh Jain,Male,64,Thane,Maharashtra,2024-10-20,96,1,435.45,3,1,1,311,5,Potential Loyalists,Purchased
C2591,Komal Malhotra,Female,57,Mumbai,Maharashtra,2025-12-27,334,3,114804.0,1,2,2,122,5,Hibernating,Purchased
C2592,Aditi Shah,Female,62,Varanasi,Uttar Pradesh,2025-11-08,52,5,155547.15,4,3,3,433,10,Loyal Customers,Purchased
C2593,Neha Kumar,Female,32,Bhopal,Madhya Pradesh,2025-10-14,309,2,622.52,1,1,1,111,3,Hibernating,Purchased
C2594,Tanya Verma,Female,30,Mangaluru,Karnataka,2024-12-22,91,7,73961.63,3,3,2,332,8,Potential Loyalists,Purchased
C2595,Amit Verma,Male,45,Warangal,Telangana,2025-03-29,4,7,339617.4,5,3,4,534,12,Loyal Customers,Purchased
C2596,Vivek Mehta,Male,34,Kota,Rajasthan,2023-03-12,62,2,86519.23999999999,3,1,2,312,6,Potential Loyalists,Purchased
C2597,Vivek Patel,Female,18,Nashik,Maharashtra,2023-08-09,324,2,64681.23,1,1,2,112,4,Hibernating,Purchased
C2598,Ananya Agarwal,Male,56,Nashik,Maharashtra,2025-02-12,66,21,956503.63,3,5,5,355,13,Loyal Customers,Purchased
C2599,Deepak Mehta,Female,22,Warangal,Telangana,2025-12-18,1,11,205782.16,5,4,3,543,12,Loyal Customers,Purchased
C2600,Karan Chauhan,Female,27,Nagpur,Maharashtra,2025-09-21,76,6,363412.6,3,3,4,334,10,Loyal Customers,Purchased
C2601,Neha Mishra,Male,63,Gwalior,Madhya Pradesh,2024-11-21,446,1,112381.84,1,1,2,112,4,Hibernating,Purchased
C2602,Aditya Shah,Male,53,Kanpur,Uttar Pradesh,2023-04-30,74,18,569845.9199999999,3,5,5,355,13,Loyal Customers,Purchased
C2603,Ayush Patel,Female,48,Kota,Rajasthan,2025-11-23,63,3,133524.87,3,2,3,323,8,Potential Loyalists,Purchased
C2604,Karan Kapoor,Other,24,Warangal,Telangana,2023-12-15,17,13,487177.04000000004,5,5,5,555,15,Champions,Purchased
C2605,Rohit Kapoor,Female,30,Thane,Maharashtra,2023-02-16,,,,,,,,,No Purchase,No Purchase
C2606,Komal Kapoor,Male,27,Thane,Maharashtra,2025-04-21,172,1,25590.33,2,1,1,211,4,Hibernating,Purchased
C2607,Meera Verma,Female,48,Muzaffarpur,Bihar,2023-07-09,,,,,,,,,No Purchase,No Purchase
C2608,Riya Jain,Male,42,Nashik,Maharashtra,2023-11-27,22,13,426828.06,5,5,5,555,15,Champions,Purchased
C2609,Manish Saxena,Male,35,Mangaluru,Karnataka,2025-01-11,19,10,434571.95999999996,5,4,5,545,14,Champions,Purchased
C2610,Rakesh Agarwal,Female,53,Mangaluru,Karnataka,2025-11-23,339,3,39315.58,1,2,1,121,4,Hibernating,Purchased
C2611,Shreya Chauhan,Female,55,Nagpur,Maharashtra,2025-09-20,552,2,2030.84,1,1,1,111,3,Hibernating,Purchased
C2612,Aarav Agarwal,Male,53,Durgapur,West Bengal,2023-07-12,18,17,507887.93,5,5,5,555,15,Champions,Purchased
C2613,Suresh Patel,Female,23,Durgapur,West Bengal,2025-06-04,26,4,58048.659999999996,4,2,2,422,8,New Customers,Purchased
C2614,Vikas Patel,Male,47,Delhi,Delhi,2023-12-14,16,2,36167.16,5,1,1,511,7,New Customers,Purchased
C2615,Akash Jain,Male,28,Warangal,Telangana,2023-03-27,4,6,188154.81,5,3,3,533,11,Loyal Customers,Purchased
C2616,Nikhil Saxena,Male,31,Thane,Maharashtra,2024-10-06,51,8,289471.1,4,4,4,444,12,Champions,Purchased
C2617,Arjun Gupta,Female,64,Kanpur,Uttar Pradesh,2024-12-20,45,7,54554.4,4,3,2,432,9,Potential Loyalists,Purchased
C2618,Arjun Mehta,Male,37,Ahmedabad,Gujarat,2025-12-30,82,3,60939.68999999999,3,2,2,322,7,Potential Loyalists,Purchased
C2619,Aditya Joshi,Female,55,Gaya,Bihar,2024-06-16,81,4,249972.6,3,2,4,324,9,Potential Loyalists,Purchased
C2620,Vivek Srivastava,Male,29,Prayagraj,Uttar Pradesh,2025-05-25,109,4,98346.43000000001,3,2,2,322,7,Potential Loyalists,Purchased
C2621,Sameer Joshi,Male,64,Thane,Maharashtra,2024-08-08,138,7,115295.75,2,3,2,232,7,At Risk,Purchased
C2622,Isha Chauhan,Male,31,Madurai,Tamil Nadu,2025-10-08,139,9,159521.22,2,4,3,243,9,At Risk,Purchased
C2623,Vikas Srivastava,Male,26,Warangal,Telangana,2024-06-17,417,1,80301.4,1,1,2,112,4,Hibernating,Purchased
C2624,Aditya Mishra,Female,33,Noida,Uttar Pradesh,2025-01-09,175,8,553168.1100000001,2,4,5,245,11,Can't Lose Them,Purchased
C2625,Arjun Srivastava,Female,26,Mangaluru,Karnataka,2025-11-20,104,8,507324.08,3,4,5,345,12,Loyal Customers,Purchased
C2626,Pooja Chauhan,Female,46,Durgapur,West Bengal,2025-08-18,35,17,267565.46,4,5,4,454,13,Champions,Purchased
C2627,Shreya Yadav,Male,24,Delhi,Delhi,2024-03-15,64,8,171318.75,3,4,3,343,10,Loyal Customers,Purchased
C2628,Mohit Joshi,Female,27,Thane,Maharashtra,2024-07-09,135,11,159979.12999999998,2,4,3,243,9,At Risk,Purchased
C2629,Neha Yadav,Female,51,Nagpur,Maharashtra,2024-10-11,18,4,20118.289999999997,5,2,1,521,8,New Customers,Purchased
C2630,Divya Joshi,Male,20,Mangaluru,Karnataka,2023-05-16,102,6,192094.44999999998,3,3,3,333,9,Loyal Customers,Purchased
C2631,Aditi Singh,Female,39,Mangaluru,Karnataka,2023-09-13,11,13,359464.74,5,5,4,554,14,Champions,Purchased
C2632,Aditi Kapoor,Female,51,Panipat,Haryana,2025-02-15,397,3,93592.28,1,2,2,122,5,Hibernating,Purchased
C2633,Aditi Jain,Female,39,Jaipur,Rajasthan,2023-03-20,128,5,83743.23,2,3,2,232,7,At Risk,Purchased
C2634,Ananya Mehta,Female,19,Jodhpur,Rajasthan,2024-10-20,22,10,427281.26999999996,5,4,5,545,14,Champions,Purchased
C2635,Aditi Sharma,Female,25,Gaya,Bihar,2024-06-14,,,,,,,,,No Purchase,No Purchase
C2636,Nikhil Malhotra,Male,64,Bengaluru,Karnataka,2024-06-15,13,6,130098.15000000001,5,3,3,533,11,Loyal Customers,Purchased
C2637,Ananya Patel,Female,55,Mysuru,Karnataka,2025-07-15,222,13,391494.51,2,5,4,254,11,Can't Lose Them,Purchased
C2638,Vivek Joshi,Female,34,Bhopal,Madhya Pradesh,2023-10-29,21,21,470750.18,5,5,5,555,15,Champions,Purchased
C2639,Varun Mishra,Male,59,Pune,Maharashtra,2025-05-15,29,9,83378.79000000001,4,4,2,442,10,At Risk,Purchased
C2640,Komal Kumar,Female,18,Siliguri,West Bengal,2025-05-08,158,4,74355.84,2,2,2,222,6,Hibernating,Purchased
C2641,Sameer Jain,Female,20,Siliguri,West Bengal,2025-12-22,595,1,561.0200000000001,1,1,1,111,3,Hibernating,Purchased
C2642,Aditi Tiwari,Male,60,Varanasi,Uttar Pradesh,2025-06-17,,,,,,,,,No Purchase,No Purchase
C2643,Sneha Verma,Female,50,Mysuru,Karnataka,2024-07-09,230,7,84853.02,2,3,2,232,7,At Risk,Purchased
C2644,Akash Malhotra,Female,46,Aurangabad,Maharashtra,2024-02-03,258,1,60276.07,1,1,2,112,4,Hibernating,Purchased
C2645,Riya Sharma,Female,34,Nagpur,Maharashtra,2025-05-05,11,21,643891.03,5,5,5,555,15,Champions,Purchased
C2646,Aditya Kapoor,Female,57,Mangaluru,Karnataka,2025-10-12,69,7,97195.92,3,3,2,332,8,Potential Loyalists,Purchased
C2647,Pooja Verma,Male,47,Mumbai,Maharashtra,2023-11-04,215,7,130982.04000000001,2,3,3,233,8,At Risk,Purchased
C2648,Karan Patel,Female,38,Hyderabad,Telangana,2024-02-09,51,7,202747.47,4,3,3,433,10,Loyal Customers,Purchased
C2649,Akash Agarwal,Female,36,Bhopal,Madhya Pradesh,2024-06-28,259,3,50235.75,1,2,1,121,4,Hibernating,Purchased
C2650,Divya Kumar,Female,35,Hyderabad,Telangana,2023-04-28,314,6,126778.65999999999,1,3,2,132,6,At Risk,Purchased
C2651,Arjun Mishra,Male,45,Nagpur,Maharashtra,2023-12-11,184,8,173776.4,2,4,3,243,9,At Risk,Purchased
C2652,Neha Agarwal,Male,49,Mumbai,Maharashtra,2023-07-02,,,,,,,,,No Purchase,No Purchase
C2653,Shreya Shah,Female,56,Nagpur,Maharashtra,2025-04-25,34,2,3612.7999999999997,4,1,1,411,6,New Customers,Purchased
C2654,Deepak Chauhan,Male,37,Varanasi,Uttar Pradesh,2024-06-25,46,4,159381.95,4,2,3,423,9,New Customers,Purchased
C2655,Suresh Patel,Male,30,Gwalior,Madhya Pradesh,2024-10-23,35,12,240446.75,4,5,4,454,13,Champions,Purchased
C2656,Aditi Tiwari,Female,44,Bengaluru,Karnataka,2023-03-29,20,16,524518.4,5,5,5,555,15,Champions,Purchased
C2657,Suresh Patel,Female,46,Nagpur,Maharashtra,2024-09-19,31,9,177993.62,4,4,3,443,11,Loyal Customers,Purchased
C2658,Ayush Kumar,Female,31,Faridabad,Haryana,2025-02-25,27,8,253020.07,4,4,4,444,12,Champions,Purchased
C2659,Kavya Verma,Female,21,Mangaluru,Karnataka,2025-01-24,171,22,656315.22,2,5,5,255,12,Can't Lose Them,Purchased
C2660,Divya Jain,Female,33,Prayagraj,Uttar Pradesh,2025-05-20,78,14,857406.24,3,5,5,355,13,Loyal Customers,Purchased
C2661,Aditi Mishra,Female,21,Nagpur,Maharashtra,2023-05-05,18,30,639761.29,5,5,5,555,15,Champions,Purchased
C2662,Ankit Srivastava,Female,21,Vadodara,Gujarat,2024-08-24,,,,,,,,,No Purchase,No Purchase
C2663,Aarav Malhotra,Female,64,Warangal,Telangana,2024-06-12,28,4,62639.88,4,2,2,422,8,New Customers,Purchased
C2664,Aditya Mehta,Female,55,Pune,Maharashtra,2025-09-05,322,3,18809.190000000002,1,2,1,121,4,Hibernating,Purchased
C2665,Neha Patel,Male,19,Gwalior,Madhya Pradesh,2025-01-26,,,,,,,,,No Purchase,No Purchase
C2666,Divya Agarwal,Male,34,Gurugram,Haryana,2025-11-10,76,8,255780.24999999997,3,4,4,344,11,Loyal Customers,Purchased
C2667,Komal Joshi,Female,30,Faridabad,Haryana,2023-01-28,13,28,758164.29,5,5,5,555,15,Champions,Purchased
C2668,Nisha Kumar,Female,64,Nashik,Maharashtra,2024-05-05,279,1,10134.26,1,1,1,111,3,Hibernating,Purchased
C2669,Rakesh Gupta,Female,39,Varanasi,Uttar Pradesh,2025-02-09,1,34,1655037.26,5,5,5,555,15,Champions,Purchased
C2670,Sneha Mishra,Female,30,Faridabad,Haryana,2023-04-08,53,9,666255.63,4,4,5,445,13,Champions,Purchased
C2671,Kavya Gupta,Female,48,New Delhi,Delhi,2024-12-14,21,15,386650.36,5,5,4,554,14,Champions,Purchased
C2672,Neha Malhotra,Male,40,Ahmedabad,Gujarat,2023-09-11,139,12,453393.64,2,5,5,255,12,Can't Lose Them,Purchased
C2673,Nikhil Sharma,Female,26,Durgapur,West Bengal,2023-03-23,64,8,254249.99,3,4,4,344,11,Loyal Customers,Purchased
C2674,Karan Gupta,Female,32,Ghaziabad,Uttar Pradesh,2024-12-21,4,6,111528.47,5,3,2,532,10,Potential Loyalists,Purchased
C2675,Nikhil Tiwari,Male,24,Warangal,Telangana,2024-04-11,,,,,,,,,No Purchase,No Purchase
C2676,Tanya Chauhan,Male,51,Bhopal,Madhya Pradesh,2024-03-20,25,1,71.11,4,1,1,411,6,New Customers,Purchased
C2677,Ananya Patel,Female,64,Durgapur,West Bengal,2023-12-23,4,8,33560.0,5,4,1,541,10,At Risk,Purchased
C2678,Aditi Patel,Female,56,Mysuru,Karnataka,2025-01-20,230,3,37815.41,2,2,1,221,5,Hibernating,Purchased
C2679,Sakshi Bansal,Male,36,Gurugram,Haryana,2024-11-08,384,1,493.08,1,1,1,111,3,Hibernating,Purchased
C2680,Meera Sharma,Male,41,Chennai,Tamil Nadu,2024-12-31,22,4,87347.07999999999,5,2,2,522,9,New Customers,Purchased
C2681,Pooja Jain,Male,20,Kolkata,West Bengal,2025-05-12,192,5,91800.45,2,3,2,232,7,At Risk,Purchased
C2682,Sameer Singh,Female,35,Hyderabad,Telangana,2024-10-24,44,14,636823.4800000001,4,5,5,455,14,Champions,Purchased
C2683,Sameer Jain,Female,19,Durgapur,West Bengal,2023-03-23,217,4,30155.810000000005,2,2,1,221,5,Hibernating,Purchased
C2684,Suresh Chauhan,Male,53,Pune,Maharashtra,2023-06-22,78,7,266701.5,3,3,4,334,10,Loyal Customers,Purchased
C2685,Isha Bansal,Female,61,Varanasi,Uttar Pradesh,2025-12-21,586,3,45131.71,1,2,1,121,4,Hibernating,Purchased
C2686,Arjun Chauhan,Male,27,Pune,Maharashtra,2023-11-10,137,2,15205.67,2,1,1,211,4,Hibernating,Purchased
C2687,Priya Kapoor,Male,50,Madurai,Tamil Nadu,2024-04-13,32,12,705672.22,4,5,5,455,14,Champions,Purchased
C2688,Vikas Joshi,Male,46,Madurai,Tamil Nadu,2024-02-18,112,8,594435.2,3,4,5,345,12,Loyal Customers,Purchased
C2689,Neha Bansal,Female,38,Ahmedabad,Gujarat,2025-12-20,173,4,140486.74,2,2,3,223,7,At Risk,Purchased
C2690,Priya Malhotra,Female,53,Mysuru,Karnataka,2025-06-21,16,8,456787.29,5,4,5,545,14,Champions,Purchased
C2691,Sameer Patel,Male,50,Hyderabad,Telangana,2024-06-13,188,17,545756.76,2,5,5,255,12,Can't Lose Them,Purchased
C2692,Ananya Yadav,Female,30,Gwalior,Madhya Pradesh,2025-01-17,53,12,322292.73,4,5,4,454,13,Champions,Purchased
C2693,Komal Shah,Female,56,Thane,Maharashtra,2024-08-26,265,3,94237.22,1,2,2,122,5,Hibernating,Purchased
C2694,Sanjay Yadav,Female,49,Durgapur,West Bengal,2024-12-07,27,20,806370.11,4,5,5,455,14,Champions,Purchased
C2695,Sneha Patel,Female,32,Kota,Rajasthan,2025-11-10,29,14,422249.54,4,5,5,455,14,Champions,Purchased
C2696,Divya Kumar,Female,53,Chennai,Tamil Nadu,2025-01-05,84,6,172742.47,3,3,3,333,9,Loyal Customers,Purchased
C2697,Neha Mehta,Male,48,Thane,Maharashtra,2023-05-04,14,3,27002.13,5,2,1,521,8,New Customers,Purchased
C2698,Kavya Verma,Male,23,Hyderabad,Telangana,2024-07-05,420,2,111885.32999999999,1,1,2,112,4,Hibernating,Purchased
C2699,Karan Yadav,Female,25,Muzaffarpur,Bihar,2025-06-16,3,6,167946.77,5,3,3,533,11,Loyal Customers,Purchased
C2700,Suresh Patel,Female,33,Durgapur,West Bengal,2023-02-13,16,17,413372.32,5,5,4,554,14,Champions,Purchased
C2701,Pooja Gupta,Female,20,Gwalior,Madhya Pradesh,2024-01-26,380,5,125415.73,1,3,2,132,6,At Risk,Purchased
C2702,Riya Chauhan,Female,37,Muzaffarpur,Bihar,2023-08-09,34,20,493516.51,4,5,5,455,14,Champions,Purchased
C2703,Suresh Jain,Female,40,Delhi,Delhi,2025-02-28,225,8,254832.19,2,4,4,244,10,Can't Lose Them,Purchased
C2704,Manish Agarwal,Female,55,Rajkot,Gujarat,2023-06-03,26,4,313070.08999999997,4,2,4,424,10,New Customers,Purchased
C2705,Aditi Sharma,Female,26,Bengaluru,Karnataka,2024-11-14,23,15,239911.5,5,5,4,554,14,Champions,Purchased
C2706,Vikas Saxena,Male,45,Patna,Bihar,2023-03-12,95,6,259307.9,3,3,4,334,10,Loyal Customers,Purchased
C2707,Tanya Joshi,Female,49,Ghaziabad,Uttar Pradesh,2025-10-08,67,1,461.98,3,1,1,311,5,Potential Loyalists,Purchased
C2708,Komal Jain,Female,39,Mysuru,Karnataka,2023-12-16,4,12,107244.28,5,5,2,552,12,At Risk,Purchased
C2709,Karan Verma,Male,61,Faridabad,Haryana,2024-03-22,28,4,67299.18,4,2,2,422,8,New Customers,Purchased
C2710,Isha Kapoor,Male,33,Mumbai,Maharashtra,2025-05-12,131,5,331856.94,2,3,4,234,9,At Risk,Purchased
C2711,Aarav Tiwari,Female,37,Warangal,Telangana,2024-02-20,56,3,93559.08,4,2,2,422,8,New Customers,Purchased
C2712,Varun Agarwal,Female,18,Delhi,Delhi,2023-05-07,8,4,94081.19,5,2,2,522,9,New Customers,Purchased
C2713,Sneha Kumar,Male,37,Muzaffarpur,Bihar,2025-09-17,37,13,417326.18,4,5,4,454,13,Champions,Purchased
C2714,Nisha Kumar,Male,18,Faridabad,Haryana,2023-05-03,708,1,24030.12,1,1,1,111,3,Hibernating,Purchased
C2715,Ananya Sharma,Male,65,Delhi,Delhi,2024-06-28,38,3,76051.77,4,2,2,422,8,New Customers,Purchased
C2716,Vikas Kapoor,Male,29,Siliguri,West Bengal,2023-05-17,16,3,120774.65999999999,5,2,2,522,9,New Customers,Purchased
C2717,Simran Chauhan,Female,56,New Delhi,Delhi,2025-02-03,29,5,185966.24,4,3,3,433,10,Loyal Customers,Purchased
C2718,Tanya Chauhan,Female,23,Vadodara,Gujarat,2023-10-23,123,9,260348.24,2,4,4,244,10,Can't Lose Them,Purchased
C2719,Aarav Bansal,Female,31,Kota,Rajasthan,2025-10-17,646,1,27460.93,1,1,1,111,3,Hibernating,Purchased
C2720,Sneha Gupta,Male,23,Hyderabad,Telangana,2023-08-10,37,7,140619.6,4,3,3,433,10,Loyal Customers,Purchased
C2721,Arjun Chauhan,Male,35,Agra,Uttar Pradesh,2025-01-03,1,20,1064395.1,5,5,5,555,15,Champions,Purchased
C2722,Simran Mishra,Male,46,Nashik,Maharashtra,2023-01-16,1,6,164182.05,5,3,3,533,11,Loyal Customers,Purchased
C2723,Akash Mishra,Female,38,Siliguri,West Bengal,2023-05-04,132,7,160025.85,2,3,3,233,8,At Risk,Purchased
C2724,Aarav Malhotra,Female,47,Ahmedabad,Gujarat,2023-10-30,82,6,276368.93,3,3,4,334,10,Loyal Customers,Purchased
C2725,Neha Sharma,Male,56,Coimbatore,Tamil Nadu,2025-08-25,61,5,59654.17,3,3,2,332,8,Potential Loyalists,Purchased
C2726,Aditya Saxena,Female,20,Varanasi,Uttar Pradesh,2025-12-26,86,11,329381.36,3,4,4,344,11,Loyal Customers,Purchased
C2727,Rakesh Chauhan,Male,38,Delhi,Delhi,2024-11-02,68,8,736414.83,3,4,5,345,12,Loyal Customers,Purchased
C2728,Aarav Bansal,Male,46,Panipat,Haryana,2024-01-04,10,5,182859.52000000002,5,3,3,533,11,Loyal Customers,Purchased
C2729,Vikas Bansal,Female,43,Ghaziabad,Uttar Pradesh,2023-12-08,4,12,370824.49,5,5,4,554,14,Champions,Purchased
C2730,Karan Agarwal,Male,24,Mangaluru,Karnataka,2023-08-20,49,15,500060.79,4,5,5,455,14,Champions,Purchased
C2731,Komal Singh,Female,27,Bhopal,Madhya Pradesh,2024-01-08,,,,,,,,,No Purchase,No Purchase
C2732,Sanjay Bansal,Male,36,Kanpur,Uttar Pradesh,2024-06-26,329,5,23972.3,1,3,1,131,5,At Risk,Purchased
C2733,Vikas Mehta,Female,49,Siliguri,West Bengal,2025-01-20,10,3,67494.82,5,2,2,522,9,New Customers,Purchased
C2734,Varun Tiwari,Male,65,Thane,Maharashtra,2023-09-09,379,1,34306.06,1,1,1,111,3,Hibernating,Purchased
C2735,Varun Kumar,Male,35,Faridabad,Haryana,2023-02-09,78,2,174431.91999999998,3,1,3,313,7,Potential Loyalists,Purchased
C2736,Isha Mishra,Male,43,Durgapur,West Bengal,2024-09-04,396,2,2864.23,1,1,1,111,3,Hibernating,Purchased
C2737,Meera Agarwal,Female,32,Gurugram,Haryana,2023-09-23,53,8,563909.41,4,4,5,445,13,Champions,Purchased
C2738,Divya Malhotra,Female,19,Mumbai,Maharashtra,2024-03-14,7,11,540877.62,5,4,5,545,14,Champions,Purchased
C2739,Ananya Bansal,Female,37,Chennai,Tamil Nadu,2025-02-18,655,1,64915.07,1,1,2,112,4,Hibernating,Purchased
C2740,Shivam Chauhan,Male,34,Kolkata,West Bengal,2025-09-09,121,13,725194.91,2,5,5,255,12,Can't Lose Them,Purchased
C2741,Aarav Yadav,Male,25,Nashik,Maharashtra,2024-08-08,59,9,276258.72,3,4,4,344,11,Loyal Customers,Purchased
C2742,Simran Patel,Male,50,Nashik,Maharashtra,2025-10-13,2,8,103019.22,5,4,2,542,11,At Risk,Purchased
C2743,Rohit Sharma,Female,30,Agra,Uttar Pradesh,2023-10-22,271,4,167736.8,1,2,3,123,6,At Risk,Purchased
C2744,Varun Yadav,Male,28,Patna,Bihar,2025-02-19,241,6,121370.76999999999,1,3,2,132,6,At Risk,Purchased
C2745,Tanya Agarwal,Male,36,Siliguri,West Bengal,2025-12-08,121,6,149823.72,2,3,3,233,8,At Risk,Purchased
C2746,Deepak Mehta,Female,64,Ahmedabad,Gujarat,2023-08-25,140,4,53075.94,2,2,2,222,6,Hibernating,Purchased
C2747,Priya Patel,Female,48,Siliguri,West Bengal,2025-03-19,12,6,205665.59999999998,5,3,3,533,11,Loyal Customers,Purchased
C2748,Komal Agarwal,Male,38,Chennai,Tamil Nadu,2024-06-02,289,2,44867.270000000004,1,1,1,111,3,Hibernating,Purchased
C2749,Neha Joshi,Male,57,Bengaluru,Karnataka,2025-08-22,,,,,,,,,No Purchase,No Purchase
C2750,Ayush Saxena,Male,19,Bengaluru,Karnataka,2023-12-01,123,4,293963.66,2,2,4,224,8,At Risk,Purchased
C2751,Isha Verma,Female,34,Jaipur,Rajasthan,2025-11-17,138,15,253372.63,2,5,4,254,11,Can't Lose Them,Purchased
C2752,Aarav Mishra,Male,43,Nagpur,Maharashtra,2025-05-24,10,7,214731.66,5,3,3,533,11,Loyal Customers,Purchased
C2753,Sakshi Kapoor,Female,41,Faridabad,Haryana,2025-02-11,257,2,10097.48,1,1,1,111,3,Hibernating,Purchased
C2754,Simran Bansal,Male,50,Warangal,Telangana,2023-02-01,33,11,499191.70999999996,4,4,5,445,13,Champions,Purchased
C2755,Manish Saxena,Female,51,New Delhi,Delhi,2023-04-01,70,6,351907.85,3,3,4,334,10,Loyal Customers,Purchased
C2756,Deepak Verma,Female,39,Ahmedabad,Gujarat,2024-12-26,419,2,28113.93,1,1,1,111,3,Hibernating,Purchased
C2757,Mohit Shah,Male,62,Noida,Uttar Pradesh,2024-06-08,22,8,239071.93,5,4,3,543,12,Loyal Customers,Purchased
C2758,Divya Tiwari,Male,62,Muzaffarpur,Bihar,2023-12-20,199,6,96465.64,2,3,2,232,7,At Risk,Purchased
C2759,Karan Agarwal,Male,40,Gwalior,Madhya Pradesh,2025-07-10,45,11,338897.88,4,4,4,444,12,Champions,Purchased
C2760,Sameer Jain,Female,61,Indore,Madhya Pradesh,2024-06-10,52,7,172624.97999999998,4,3,3,433,10,Loyal Customers,Purchased
C2761,Nikhil Chauhan,Female,48,New Delhi,Delhi,2024-05-17,37,2,75096.85999999999,4,1,2,412,7,New Customers,Purchased
C2762,Nisha Kumar,Female,24,Pune,Maharashtra,2023-12-20,399,1,13192.28,1,1,1,111,3,Hibernating,Purchased
C2763,Suresh Kapoor,Male,23,Pune,Maharashtra,2025-12-10,,,,,,,,,No Purchase,No Purchase
C2764,Divya Srivastava,Male,21,Lucknow,Uttar Pradesh,2024-02-04,371,3,45234.92,1,2,1,121,4,Hibernating,Purchased
C2765,Neha Gupta,Female,28,Agra,Uttar Pradesh,2023-10-12,419,4,156289.9,1,2,3,123,6,At Risk,Purchased
C2766,Ayush Kapoor,Female,32,Prayagraj,Uttar Pradesh,2025-01-08,576,1,2394.5499999999997,1,1,1,111,3,Hibernating,Purchased
C2767,Divya Patel,Female,21,Muzaffarpur,Bihar,2023-02-07,15,11,435894.77,5,4,5,545,14,Champions,Purchased
C2768,Suresh Srivastava,Female,47,Ghaziabad,Uttar Pradesh,2024-10-14,110,6,172421.38,3,3,3,333,9,Loyal Customers,Purchased
C2769,Priya Tiwari,Female,37,Kanpur,Uttar Pradesh,2024-09-10,12,9,237823.46000000002,5,4,3,543,12,Loyal Customers,Purchased
C2770,Manish Srivastava,Female,46,Hyderabad,Telangana,2023-09-25,125,10,361982.98,2,4,4,244,10,Can't Lose Them,Purchased
C2771,Karan Singh,Female,42,Surat,Gujarat,2025-04-22,64,8,164740.41,3,4,3,343,10,Loyal Customers,Purchased
C2772,Suresh Bansal,Female,31,Kolkata,West Bengal,2023-02-17,127,6,229015.49,2,3,3,233,8,At Risk,Purchased
C2773,Komal Tiwari,Female,47,Surat,Gujarat,2025-12-10,27,5,156789.32,4,3,3,433,10,Loyal Customers,Purchased
C2774,Ananya Joshi,Other,63,Gurugram,Haryana,2025-07-26,12,7,211881.43,5,3,3,533,11,Loyal Customers,Purchased
C2775,Sneha Joshi,Male,33,Surat,Gujarat,2023-07-12,10,3,27811.45,5,2,1,521,8,New Customers,Purchased
C2776,Aarav Sharma,Female,32,Chennai,Tamil Nadu,2024-06-23,16,12,328173.77999999997,5,5,4,554,14,Champions,Purchased
C2777,Shivam Srivastava,Female,42,Durgapur,West Bengal,2023-08-04,16,24,735444.5,5,5,5,555,15,Champions,Purchased
C2778,Deepak Sharma,Male,56,Hubballi,Karnataka,2024-11-08,136,9,328070.69999999995,2,4,4,244,10,Can't Lose Them,Purchased
C2779,Nikhil Mishra,Female,43,Delhi,Delhi,2024-01-21,47,10,114804.62,4,4,2,442,10,At Risk,Purchased
C2780,Aditya Tiwari,Male,57,Bengaluru,Karnataka,2024-06-18,33,11,255302.49,4,4,4,444,12,Champions,Purchased
C2781,Rohit Tiwari,Male,21,Mumbai,Maharashtra,2025-11-13,82,13,375326.82999999996,3,5,4,354,12,Loyal Customers,Purchased
C2782,Isha Chauhan,Male,22,Warangal,Telangana,2024-11-08,162,5,152482.87,2,3,3,233,8,At Risk,Purchased
C2783,Nisha Patel,Female,37,Aurangabad,Maharashtra,2025-08-07,27,24,648224.6599999999,4,5,5,455,14,Champions,Purchased
C2784,Akash Gupta,Female,29,Varanasi,Uttar Pradesh,2024-11-17,578,1,2076.0,1,1,1,111,3,Hibernating,Purchased
C2785,Deepak Patel,Female,19,Pune,Maharashtra,2024-06-03,5,7,135501.22999999998,5,3,3,533,11,Loyal Customers,Purchased
C2786,Deepak Kumar,Male,28,Faridabad,Haryana,2023-01-17,253,4,199474.46,1,2,3,123,6,At Risk,Purchased
C2787,Sameer Srivastava,Female,31,Delhi,Delhi,2023-04-08,5,11,266142.4,5,4,4,544,13,Champions,Purchased
C2788,Akash Mehta,Male,62,Kota,Rajasthan,2024-08-06,252,3,2325.14,1,2,1,121,4,Hibernating,Purchased
C2789,Tanya Jain,Male,55,Faridabad,Haryana,2024-07-05,43,20,1205419.18,4,5,5,455,14,Champions,Purchased
C2790,Deepak Singh,Male,34,Noida,Uttar Pradesh,2024-07-03,59,25,874252.89,3,5,5,355,13,Loyal Customers,Purchased
C2791,Komal Jain,Female,63,Durgapur,West Bengal,2025-07-14,78,12,295713.48,3,5,4,354,12,Loyal Customers,Purchased
C2792,Ananya Srivastava,Male,58,Delhi,Delhi,2023-04-15,62,12,449278.27999999997,3,5,5,355,13,Loyal Customers,Purchased
C2793,Vivek Kapoor,Female,30,Pune,Maharashtra,2024-12-22,162,4,86385.82,2,2,2,222,6,Hibernating,Purchased
C2794,Amit Singh,Female,40,Jaipur,Rajasthan,2025-03-27,661,2,34429.1,1,1,1,111,3,Hibernating,Purchased
C2795,Divya Gupta,Male,62,Indore,Madhya Pradesh,2024-12-08,508,1,185183.32,1,1,3,113,5,At Risk,Purchased
C2796,Riya Agarwal,Female,39,Delhi,Delhi,2023-09-16,5,13,270209.7,5,5,4,554,14,Champions,Purchased
C2797,Varun Kumar,Male,35,Surat,Gujarat,2024-03-20,104,4,83008.0,3,2,2,322,7,Potential Loyalists,Purchased
C2798,Suresh Tiwari,Male,61,Nashik,Maharashtra,2023-03-01,15,13,376362.38,5,5,4,554,14,Champions,Purchased
C2799,Arjun Malhotra,Male,49,Salem,Tamil Nadu,2023-07-13,333,2,37404.64,1,1,1,111,3,Hibernating,Purchased
C2800,Rahul Singh,Female,39,Ahmedabad,Gujarat,2025-05-29,78,10,422107.95000000007,3,4,5,345,12,Loyal Customers,Purchased
C2801,Kavya Bansal,Female,59,Ahmedabad,Gujarat,2024-11-07,44,4,156895.61,4,2,3,423,9,New Customers,Purchased
C2802,Ankit Agarwal,Female,53,Rajkot,Gujarat,2025-08-05,94,6,133190.27000000002,3,3,3,333,9,Loyal Customers,Purchased
C2803,Ananya Verma,Female,34,Agra,Uttar Pradesh,2025-01-27,14,10,329738.55000000005,5,4,4,544,13,Champions,Purchased
C2804,Yash Mehta,Male,38,Jaipur,Rajasthan,2023-09-21,10,6,84122.45,5,3,2,532,10,Potential Loyalists,Purchased
C2805,Nisha Sharma,Female,20,Udaipur,Rajasthan,2025-06-09,516,1,8034.67,1,1,1,111,3,Hibernating,Purchased
C2806,Vikas Patel,Male,22,Jaipur,Rajasthan,2025-01-22,157,7,167277.32,2,3,3,233,8,At Risk,Purchased
C2807,Riya Saxena,Male,63,Prayagraj,Uttar Pradesh,2023-07-29,123,3,1101.46,2,2,1,221,5,Hibernating,Purchased
C2808,Rohit Tiwari,Other,20,Hubballi,Karnataka,2023-01-06,537,1,865.9300000000001,1,1,1,111,3,Hibernating,Purchased
C2809,Rohit Mishra,Male,58,Hubballi,Karnataka,2025-04-16,41,12,485225.98,4,5,5,455,14,Champions,Purchased
C2810,Rakesh Joshi,Male,27,Agra,Uttar Pradesh,2025-02-28,220,5,199691.75999999998,2,3,3,233,8,At Risk,Purchased
C2811,Varun Verma,Male,43,Pune,Maharashtra,2023-04-09,355,2,63309.07,1,1,2,112,4,Hibernating,Purchased
C2812,Shivam Mehta,Male,52,Hubballi,Karnataka,2024-05-23,289,4,103573.3,1,2,2,122,5,Hibernating,Purchased
C2813,Ananya Yadav,Female,65,Siliguri,West Bengal,2025-09-27,58,12,687982.22,3,5,5,355,13,Loyal Customers,Purchased
C2814,Rakesh Mehta,Male,35,Nashik,Maharashtra,2025-05-17,54,1,127626.60999999999,4,1,2,412,7,New Customers,Purchased
C2815,Varun Gupta,Female,62,Hyderabad,Telangana,2025-06-13,53,11,222117.49,4,4,3,443,11,Loyal Customers,Purchased
C2816,Divya Tiwari,Male,39,Madurai,Tamil Nadu,2024-03-06,4,1,26193.559999999998,5,1,1,511,7,New Customers,Purchased
C2817,Nikhil Srivastava,Female,59,Siliguri,West Bengal,2023-05-13,153,7,504766.39,2,3,5,235,10,At Risk,Purchased
C2818,Vivek Mishra,Female,22,Mysuru,Karnataka,2024-01-20,28,10,209197.91999999998,4,4,3,443,11,Loyal Customers,Purchased
C2819,Komal Bansal,Female,30,Salem,Tamil Nadu,2025-01-22,37,3,52019.170000000006,4,2,2,422,8,New Customers,Purchased
C2820,Arjun Singh,Female,47,Ahmedabad,Gujarat,2025-07-09,159,1,1230.94,2,1,1,211,4,Hibernating,Purchased
C2821,Arjun Kapoor,Female,51,Gwalior,Madhya Pradesh,2024-12-06,100,8,280820.14,3,4,4,344,11,Loyal Customers,Purchased
C2822,Arjun Yadav,Female,56,Salem,Tamil Nadu,2023-02-12,115,3,217152.25,2,2,3,223,7,At Risk,Purchased
C2823,Nisha Kumar,Female,35,Madurai,Tamil Nadu,2024-10-08,102,17,1069091.1099999999,3,5,5,355,13,Loyal Customers,Purchased
C2824,Meera Malhotra,Male,47,Ahmedabad,Gujarat,2023-07-24,,,,,,,,,No Purchase,No Purchase
C2825,Tanya Patel,Male,47,Siliguri,West Bengal,2024-10-29,67,18,724741.35,3,5,5,355,13,Loyal Customers,Purchased
C2826,Suresh Shah,Female,65,Agra,Uttar Pradesh,2024-03-27,134,21,767963.22,2,5,5,255,12,Can't Lose Them,Purchased
C2827,Pooja Shah,Male,23,Madurai,Tamil Nadu,2024-08-06,48,10,161469.66,4,4,3,443,11,Loyal Customers,Purchased
C2828,Tanya Singh,Male,18,Coimbatore,Tamil Nadu,2024-10-14,188,9,140559.41,2,4,3,243,9,At Risk,Purchased
C2829,Rahul Singh,Female,45,Bhopal,Madhya Pradesh,2024-11-29,,,,,,,,,No Purchase,No Purchase
C2830,Simran Joshi,Male,18,Coimbatore,Tamil Nadu,2023-01-06,36,3,51596.15,4,2,2,422,8,New Customers,Purchased
C2831,Aditi Joshi,Male,27,Mangaluru,Karnataka,2025-11-23,1,13,746707.4199999999,5,5,5,555,15,Champions,Purchased
C2832,Nisha Sharma,Female,42,Gaya,Bihar,2024-09-21,34,14,216313.16,4,5,3,453,12,Loyal Customers,Purchased
C2833,Aditya Agarwal,Male,30,Mangaluru,Karnataka,2024-07-09,188,3,8682.06,2,2,1,221,5,Hibernating,Purchased
C2834,Aarav Joshi,Male,30,Thane,Maharashtra,2024-02-19,10,14,513675.51,5,5,5,555,15,Champions,Purchased
C2835,Neha Malhotra,Male,34,Aurangabad,Maharashtra,2023-04-25,202,2,49765.78,2,1,1,211,4,Hibernating,Purchased
C2836,Ayush Saxena,Male,50,Prayagraj,Uttar Pradesh,2024-11-20,314,3,36542.17,1,2,1,121,4,Hibernating,Purchased
C2837,Nikhil Jain,Male,35,Prayagraj,Uttar Pradesh,2024-02-02,300,6,115244.68,1,3,2,132,6,At Risk,Purchased
C2838,Vivek Shah,Female,56,Hubballi,Karnataka,2024-12-21,103,5,457844.72,3,3,5,335,11,Loyal Customers,Purchased
C2839,Aarav Mehta,Male,25,Kolkata,West Bengal,2024-04-27,29,5,314198.67,4,3,4,434,11,Loyal Customers,Purchased
C2840,Sanjay Mishra,Male,22,Kolkata,West Bengal,2023-02-04,341,1,148578.12,1,1,3,113,5,At Risk,Purchased
C2841,Deepak Singh,Female,25,Agra,Uttar Pradesh,2024-08-30,143,9,171430.84,2,4,3,243,9,At Risk,Purchased
C2842,Yash Sharma,Male,62,Surat,Gujarat,2025-07-14,327,1,588.19,1,1,1,111,3,Hibernating,Purchased
C2843,Sakshi Saxena,Male,31,Varanasi,Uttar Pradesh,2024-05-21,60,4,254914.22999999998,3,2,4,324,9,Potential Loyalists,Purchased
C2844,Mohit Verma,Male,19,Indore,Madhya Pradesh,2024-12-13,199,3,92628.46,2,2,2,222,6,Hibernating,Purchased
C2845,Sneha Joshi,Male,33,Mumbai,Maharashtra,2023-05-10,247,7,324436.27999999997,1,3,4,134,8,At Risk,Purchased
C2846,Aarav Mehta,Male,51,Vadodara,Gujarat,2024-03-21,252,2,91673.78,1,1,2,112,4,Hibernating,Purchased
C2847,Aarav Agarwal,Male,35,Delhi,Delhi,2025-05-18,2,14,556344.52,5,5,5,555,15,Champions,Purchased
C2848,Manish Saxena,Female,36,Jodhpur,Rajasthan,2024-04-08,3,7,370593.89999999997,5,3,4,534,12,Loyal Customers,Purchased
C2849,Aditya Malhotra,Female,22,Mysuru,Karnataka,2025-08-27,15,11,396160.87,5,4,4,544,13,Champions,Purchased
C2850,Suresh Sharma,Female,50,Siliguri,West Bengal,2024-03-24,307,6,102485.08,1,3,2,132,6,At Risk,Purchased
C2851,Akash Bansal,Male,28,Nagpur,Maharashtra,2025-06-07,40,8,334506.66000000003,4,4,4,444,12,Champions,Purchased
C2852,Nisha Shah,Female,22,Indore,Madhya Pradesh,2024-12-05,35,17,357031.74,4,5,4,454,13,Champions,Purchased
C2853,Shreya Mishra,Female,52,Madurai,Tamil Nadu,2025-11-03,63,7,153424.74,3,3,3,333,9,Loyal Customers,Purchased
C2854,Shreya Kapoor,Male,62,Durgapur,West Bengal,2024-08-06,4,16,518214.65,5,5,5,555,15,Champions,Purchased
C2855,Isha Malhotra,Female,47,Panipat,Haryana,2024-05-27,170,14,499857.97000000003,2,5,5,255,12,Can't Lose Them,Purchased
C2856,Ayush Mishra,Female,62,Muzaffarpur,Bihar,2024-01-23,67,8,237940.04,3,4,3,343,10,Loyal Customers,Purchased
C2857,Vikas Chauhan,Male,37,Nashik,Maharashtra,2024-12-15,,,,,,,,,No Purchase,No Purchase
C2858,Akash Joshi,Female,42,Aurangabad,Maharashtra,2025-12-09,48,12,712078.26,4,5,5,455,14,Champions,Purchased
C2859,Rohit Joshi,Male,35,Pune,Maharashtra,2023-07-04,231,6,122695.05,2,3,2,232,7,At Risk,Purchased
C2860,Vikas Singh,Male,42,Mumbai,Maharashtra,2025-10-22,35,12,331864.47,4,5,4,454,13,Champions,Purchased
C2861,Suresh Yadav,Male,60,Ahmedabad,Gujarat,2025-12-05,243,5,30144.88,1,3,1,131,5,At Risk,Purchased
C2862,Ayush Jain,Male,48,Muzaffarpur,Bihar,2025-04-22,79,4,269117.32,3,2,4,324,9,Potential Loyalists,Purchased
C2863,Aditi Joshi,Female,19,Gaya,Bihar,2024-09-27,12,4,134713.13,5,2,3,523,10,New Customers,Purchased
C2864,Rohit Shah,Female,45,Chennai,Tamil Nadu,2025-08-02,97,5,20611.789999999997,3,3,1,331,7,Potential Loyalists,Purchased
C2865,Aditi Bansal,Male,36,Rajkot,Gujarat,2023-10-14,322,4,77998.66,1,2,2,122,5,Hibernating,Purchased
C2866,Aditi Yadav,Female,44,Gurugram,Haryana,2024-11-25,126,9,516531.05999999994,2,4,5,245,11,Can't Lose Them,Purchased
C2867,Neha Kapoor,Female,44,Bhopal,Madhya Pradesh,2025-05-31,9,12,317194.52999999997,5,5,4,554,14,Champions,Purchased
C2868,Nikhil Saxena,Female,46,Pune,Maharashtra,2024-10-04,344,3,1379.68,1,2,1,121,4,Hibernating,Purchased
C2869,Komal Bansal,Female,59,Chennai,Tamil Nadu,2024-02-27,21,16,603558.25,5,5,5,555,15,Champions,Purchased
C2870,Aditi Bansal,Female,59,Hyderabad,Telangana,2025-11-05,192,3,315210.20999999996,2,2,4,224,8,At Risk,Purchased
C2871,Divya Srivastava,Female,64,New Delhi,Delhi,2025-01-07,22,19,563053.03,5,5,5,555,15,Champions,Purchased
C2872,Aditya Singh,Male,47,Mangaluru,Karnataka,2025-04-23,,,,,,,,,No Purchase,No Purchase
C2873,Amit Malhotra,Female,31,Patna,Bihar,2024-11-13,43,3,102707.09,4,2,2,422,8,New Customers,Purchased
C2874,Arjun Chauhan,Male,27,Patna,Bihar,2025-08-18,228,8,180400.81,2,4,3,243,9,At Risk,Purchased
C2875,Riya Mehta,Male,58,Bhopal,Madhya Pradesh,2024-06-07,138,8,299442.8,2,4,4,244,10,Can't Lose Them,Purchased
C2876,Ankit Verma,Male,61,Hyderabad,Telangana,2024-08-21,121,6,228231.24999999997,2,3,3,233,8,At Risk,Purchased
C2877,Rohit Chauhan,Male,19,Nashik,Maharashtra,2025-05-30,513,1,1641.0900000000001,1,1,1,111,3,Hibernating,Purchased
C2878,Aarav Gupta,Female,28,Delhi,Delhi,2024-07-20,45,5,97812.06,4,3,2,432,9,Potential Loyalists,Purchased
C2879,Arjun Mishra,Female,50,Salem,Tamil Nadu,2023-09-26,1,11,186012.13,5,4,3,543,12,Loyal Customers,Purchased
C2880,Arjun Gupta,Female,25,Rajkot,Gujarat,2025-04-09,46,18,501411.51999999996,4,5,5,455,14,Champions,Purchased
C2881,Ankit Patel,Female,20,Chennai,Tamil Nadu,2024-02-16,95,5,190173.32,3,3,3,333,9,Loyal Customers,Purchased
C2882,Mohit Jain,Male,65,Vadodara,Gujarat,2023-04-25,141,5,92439.1,2,3,2,232,7,At Risk,Purchased
C2883,Tanya Patel,Female,22,Mangaluru,Karnataka,2024-02-13,149,5,59423.130000000005,2,3,2,232,7,At Risk,Purchased
C2884,Pooja Tiwari,Male,28,Siliguri,West Bengal,2023-03-01,96,16,502627.77,3,5,5,355,13,Loyal Customers,Purchased
C2885,Aditi Patel,Male,65,Delhi,Delhi,2025-08-19,170,8,198031.04,2,4,3,243,9,At Risk,Purchased
C2886,Suresh Shah,Female,22,New Delhi,Delhi,2025-12-13,44,7,91221.06,4,3,2,432,9,Potential Loyalists,Purchased
C2887,Ankit Srivastava,Female,56,Kanpur,Uttar Pradesh,2023-10-19,108,7,295940.31,3,3,4,334,10,Loyal Customers,Purchased
C2888,Meera Saxena,Male,44,Thane,Maharashtra,2025-09-30,5,8,307804.05000000005,5,4,4,544,13,Champions,Purchased
C2889,Isha Verma,Male,43,Panipat,Haryana,2025-02-18,177,1,904.9,2,1,1,211,4,Hibernating,Purchased
C2890,Aditya Sharma,Male,57,Bengaluru,Karnataka,2025-11-12,8,10,183130.38999999998,5,4,3,543,12,Loyal Customers,Purchased
C2891,Mohit Joshi,Female,19,Nagpur,Maharashtra,2023-06-28,53,7,596255.44,4,3,5,435,12,Loyal Customers,Purchased
C2892,Nikhil Saxena,Male,20,Kolkata,West Bengal,2023-03-10,168,4,111426.97,2,2,2,222,6,Hibernating,Purchased
C2893,Karan Mehta,Male,27,Chennai,Tamil Nadu,2025-10-04,302,7,49839.82999999999,1,3,1,131,5,At Risk,Purchased
C2894,Arjun Verma,Female,41,Noida,Uttar Pradesh,2023-10-22,3,38,1545893.92,5,5,5,555,15,Champions,Purchased
C2895,Ayush Kapoor,Female,64,Delhi,Delhi,2024-10-14,51,2,76811.36,4,1,2,412,7,New Customers,Purchased
C2896,Divya Malhotra,Male,21,Thane,Maharashtra,2025-09-14,11,7,46061.42,5,3,1,531,9,Potential Loyalists,Purchased
C2897,Meera Mehta,Female,38,Udaipur,Rajasthan,2024-01-11,25,10,369172.41,4,4,4,444,12,Champions,Purchased
C2898,Ankit Srivastava,Male,38,Nagpur,Maharashtra,2023-04-08,115,2,94159.04000000001,2,1,2,212,5,Hibernating,Purchased
C2899,Aarav Bansal,Male,27,Prayagraj,Uttar Pradesh,2025-05-16,1,16,280078.76,5,5,4,554,14,Champions,Purchased
C2900,Tanya Malhotra,Female,34,Varanasi,Uttar Pradesh,2024-05-09,12,8,300444.56,5,4,4,544,13,Champions,Purchased
C2901,Deepak Malhotra,Male,27,Rajkot,Gujarat,2023-01-25,120,6,156901.3,2,3,3,233,8,At Risk,Purchased
C2902,Sanjay Malhotra,Male,24,Kanpur,Uttar Pradesh,2024-01-09,28,4,211095.46,4,2,3,423,9,New Customers,Purchased
C2903,Nisha Shah,Female,43,Gurugram,Haryana,2024-08-03,315,6,106704.02,1,3,2,132,6,At Risk,Purchased
C2904,Shivam Patel,Female,62,Agra,Uttar Pradesh,2025-08-21,73,5,169258.40000000002,3,3,3,333,9,Loyal Customers,Purchased
C2905,Varun Kapoor,Female,37,Vadodara,Gujarat,2023-09-05,294,1,22724.61,1,1,1,111,3,Hibernating,Purchased
C2906,Manish Joshi,Female,48,Mysuru,Karnataka,2024-07-21,19,12,418550.74,5,5,4,554,14,Champions,Purchased
C2907,Varun Patel,Male,50,Hubballi,Karnataka,2023-11-14,23,4,321256.52999999997,5,2,4,524,11,New Customers,Purchased
C2908,Sneha Kumar,Female,58,Noida,Uttar Pradesh,2023-10-16,25,5,201652.76,4,3,3,433,10,Loyal Customers,Purchased
C2909,Neha Kapoor,Male,57,Warangal,Telangana,2024-07-28,428,5,53950.92,1,3,2,132,6,At Risk,Purchased
C2910,Simran Joshi,Female,61,Faridabad,Haryana,2024-12-27,,,,,,,,,No Purchase,No Purchase
C2911,Shivam Mishra,Male,57,Lucknow,Uttar Pradesh,2023-05-04,,,,,,,,,No Purchase,No Purchase
C2912,Sneha Agarwal,Male,62,Nashik,Maharashtra,2023-03-25,17,2,5836.8099999999995,5,1,1,511,7,New Customers,Purchased
C2913,Akash Verma,Male,64,Gwalior,Madhya Pradesh,2025-03-11,57,10,195176.07,4,4,3,443,11,Loyal Customers,Purchased
C2914,Sameer Chauhan,Female,53,Madurai,Tamil Nadu,2023-11-18,38,13,359531.81,4,5,4,454,13,Champions,Purchased
C2915,Priya Srivastava,Male,41,Noida,Uttar Pradesh,2024-11-08,,,,,,,,,No Purchase,No Purchase
C2916,Vikas Mehta,Female,32,Mumbai,Maharashtra,2023-03-26,93,11,445111.35000000003,3,4,5,345,12,Loyal Customers,Purchased
C2917,Vivek Jain,Female,45,Jodhpur,Rajasthan,2024-10-19,24,5,220385.42,5,3,3,533,11,Loyal Customers,Purchased
C2918,Nisha Kapoor,Female,57,Durgapur,West Bengal,2025-09-22,55,4,56848.19,4,2,2,422,8,New Customers,Purchased
C2919,Sanjay Shah,Male,54,Surat,Gujarat,2024-04-24,37,12,151708.59,4,5,3,453,12,Loyal Customers,Purchased
C2920,Nisha Chauhan,Male,42,Patna,Bihar,2024-09-24,37,21,479893.01,4,5,5,455,14,Champions,Purchased
C2921,Akash Singh,Female,21,Salem,Tamil Nadu,2023-11-19,84,5,244605.44,3,3,4,334,10,Loyal Customers,Purchased
C2922,Priya Sharma,Female,31,New Delhi,Delhi,2023-11-10,136,4,13390.849999999999,2,2,1,221,5,Hibernating,Purchased
C2923,Meera Mehta,Male,45,Bengaluru,Karnataka,2023-03-13,118,4,57557.32,2,2,2,222,6,Hibernating,Purchased
C2924,Nikhil Verma,Female,36,New Delhi,Delhi,2024-06-08,,,,,,,,,No Purchase,No Purchase
C2925,Kavya Joshi,Male,39,Aurangabad,Maharashtra,2025-11-03,174,5,49089.94,2,3,1,231,6,At Risk,Purchased
C2926,Tanya Bansal,Male,32,Agra,Uttar Pradesh,2023-05-08,245,2,37150.67,1,1,1,111,3,Hibernating,Purchased
C2927,Riya Kumar,Male,21,New Delhi,Delhi,2024-04-01,56,9,188888.44,4,4,3,443,11,Loyal Customers,Purchased
C2928,Isha Jain,Male,40,Kolkata,West Bengal,2025-07-05,30,1,1789.78,4,1,1,411,6,New Customers,Purchased
C2929,Isha Malhotra,Male,39,Ghaziabad,Uttar Pradesh,2024-06-27,14,8,262494.97,5,4,4,544,13,Champions,Purchased
C2930,Mohit Saxena,Female,55,Mangaluru,Karnataka,2025-04-12,65,1,1486.3200000000002,3,1,1,311,5,Potential Loyalists,Purchased
C2931,Karan Patel,Male,23,Jaipur,Rajasthan,2024-02-16,74,9,215325.72,3,4,3,343,10,Loyal Customers,Purchased
C2932,Sneha Verma,Female,41,Ahmedabad,Gujarat,2024-10-21,25,6,567430.97,4,3,5,435,12,Loyal Customers,Purchased
C2933,Varun Mehta,Female,58,Kolkata,West Bengal,2025-12-17,2,10,54100.46,5,4,2,542,11,At Risk,Purchased
C2934,Sanjay Patel,Female,30,Warangal,Telangana,2024-10-16,180,1,78396.04,2,1,2,212,5,Hibernating,Purchased
C2935,Komal Bansal,Male,33,Kolkata,West Bengal,2025-05-21,102,1,13099.25,3,1,1,311,5,Potential Loyalists,Purchased
C2936,Deepak Mehta,Female,22,Kanpur,Uttar Pradesh,2025-01-29,272,6,104252.70999999999,1,3,2,132,6,At Risk,Purchased
C2937,Rakesh Yadav,Male,45,Mysuru,Karnataka,2023-04-15,61,8,421418.07,3,4,4,344,11,Loyal Customers,Purchased
C2938,Riya Bansal,Female,59,Vadodara,Gujarat,2023-06-25,72,4,159690.61000000002,3,2,3,323,8,Potential Loyalists,Purchased
C2939,Karan Shah,Male,41,Nashik,Maharashtra,2024-10-27,462,2,40895.880000000005,1,1,1,111,3,Hibernating,Purchased
C2940,Rohit Gupta,Female,38,Prayagraj,Uttar Pradesh,2024-01-17,551,1,10942.1,1,1,1,111,3,Hibernating,Purchased
C2941,Deepak Mehta,Male,53,Pune,Maharashtra,2024-06-14,205,5,117261.93,2,3,2,232,7,At Risk,Purchased
C2942,Deepak Tiwari,Female,39,Mysuru,Karnataka,2025-05-18,,,,,,,,,No Purchase,No Purchase
C2943,Rahul Kapoor,Male,37,Mysuru,Karnataka,2025-12-20,612,2,22114.64,1,1,1,111,3,Hibernating,Purchased
C2944,Neha Yadav,Male,54,Mumbai,Maharashtra,2025-12-28,403,1,6378.32,1,1,1,111,3,Hibernating,Purchased
C2945,Priya Kapoor,Female,31,Warangal,Telangana,2023-03-29,47,4,131542.49,4,2,3,423,9,New Customers,Purchased
C2946,Neha Yadav,Male,58,Bhopal,Madhya Pradesh,2025-03-26,227,4,117412.95,2,2,2,222,6,Hibernating,Purchased
C2947,Arjun Shah,Female,30,Nagpur,Maharashtra,2025-03-05,14,5,228854.01999999996,5,3,3,533,11,Loyal Customers,Purchased
C2948,Shreya Shah,Female,42,Gwalior,Madhya Pradesh,2025-08-05,697,1,125153.51999999999,1,1,2,112,4,Hibernating,Purchased
C2949,Karan Verma,Female,30,Lucknow,Uttar Pradesh,2024-04-12,18,8,221231.93,5,4,3,543,12,Loyal Customers,Purchased
C2950,Neha Mishra,Female,48,Gwalior,Madhya Pradesh,2024-07-04,270,2,13836.76,1,1,1,111,3,Hibernating,Purchased
C2951,Divya Tiwari,Female,38,Muzaffarpur,Bihar,2024-05-09,21,15,834463.3500000001,5,5,5,555,15,Champions,Purchased
C2952,Meera Yadav,Female,29,Lucknow,Uttar Pradesh,2024-02-14,331,4,412206.12,1,2,4,124,7,At Risk,Purchased
C2953,Sameer Saxena,Male,53,Durgapur,West Bengal,2023-09-28,96,11,345687.8,3,4,4,344,11,Loyal Customers,Purchased
C2954,Pooja Malhotra,Female,62,Muzaffarpur,Bihar,2024-12-05,10,3,103851.57999999999,5,2,2,522,9,New Customers,Purchased
C2955,Amit Shah,Female,19,Bhopal,Madhya Pradesh,2023-01-19,36,17,796642.32,4,5,5,455,14,Champions,Purchased
C2956,Akash Kumar,Male,45,Gaya,Bihar,2025-03-31,19,3,45792.0,5,2,1,521,8,New Customers,Purchased
C2957,Sakshi Verma,Male,52,Salem,Tamil Nadu,2025-07-10,13,10,501227.14,5,4,5,545,14,Champions,Purchased
C2958,Aditi Gupta,Male,52,Lucknow,Uttar Pradesh,2023-09-07,102,17,368261.2,3,5,4,354,12,Loyal Customers,Purchased
C2959,Varun Mehta,Female,28,Gurugram,Haryana,2023-08-22,,,,,,,,,No Purchase,No Purchase
C2960,Neha Chauhan,Male,23,Vadodara,Gujarat,2024-07-05,83,15,803102.99,3,5,5,355,13,Loyal Customers,Purchased
C2961,Neha Srivastava,Female,42,Rajkot,Gujarat,2025-07-15,71,16,618473.46,3,5,5,355,13,Loyal Customers,Purchased
C2962,Meera Sharma,Female,48,Mangaluru,Karnataka,2023-05-05,45,10,405554.77999999997,4,4,4,444,12,Champions,Purchased
C2963,Ananya Yadav,Female,31,Ahmedabad,Gujarat,2024-04-17,92,15,415989.32999999996,3,5,4,354,12,Loyal Customers,Purchased
C2964,Deepak Gupta,Male,35,Agra,Uttar Pradesh,2023-08-25,7,22,1068002.15,5,5,5,555,15,Champions,Purchased
C2965,Neha Chauhan,Female,43,Kolkata,West Bengal,2025-07-21,88,8,238186.69999999998,3,4,3,343,10,Loyal Customers,Purchased
C2966,Divya Verma,Female,39,Prayagraj,Uttar Pradesh,2025-08-23,87,2,8546.48,3,1,1,311,5,Potential Loyalists,Purchased
C2967,Aditya Verma,Male,41,Siliguri,West Bengal,2023-04-03,181,5,82846.21,2,3,2,232,7,At Risk,Purchased
C2968,Yash Joshi,Male,50,Faridabad,Haryana,2023-06-08,86,4,66932.31,3,2,2,322,7,Potential Loyalists,Purchased
C2969,Komal Mehta,Male,65,Mangaluru,Karnataka,2023-06-22,,,,,,,,,No Purchase,No Purchase
C2970,Sakshi Verma,Female,56,Madurai,Tamil Nadu,2025-06-07,39,5,111858.94,4,3,2,432,9,Potential Loyalists,Purchased
C2971,Rohit Malhotra,Male,18,Delhi,Delhi,2025-09-13,61,7,284498.47,3,3,4,334,10,Loyal Customers,Purchased
C2972,Aditya Singh,Male,34,Gaya,Bihar,2024-02-12,34,6,182458.25,4,3,3,433,10,Loyal Customers,Purchased
C2973,Ayush Sharma,Male,18,Siliguri,West Bengal,2023-06-22,,,,,,,,,No Purchase,No Purchase
C2974,Vikas Singh,Male,59,New Delhi,Delhi,2024-12-27,18,3,22805.989999999998,5,2,1,521,8,New Customers,Purchased
C2975,Rakesh Agarwal,Male,48,Nagpur,Maharashtra,2025-09-02,4,11,413927.89,5,4,4,544,13,Champions,Purchased
C2976,Kavya Chauhan,Female,28,Nagpur,Maharashtra,2025-09-23,47,5,208257.18,4,3,3,433,10,Loyal Customers,Purchased
C2977,Sneha Shah,Male,58,Mangaluru,Karnataka,2024-05-02,,,,,,,,,No Purchase,No Purchase
C2978,Simran Bansal,Female,45,Gwalior,Madhya Pradesh,2025-05-05,47,9,96513.38,4,4,2,442,10,At Risk,Purchased
C2979,Sanjay Mishra,Male,20,Durgapur,West Bengal,2025-11-12,66,20,896303.1799999999,3,5,5,355,13,Loyal Customers,Purchased
C2980,Aditya Kapoor,Male,25,Nagpur,Maharashtra,2025-06-23,7,8,211619.06,5,4,3,543,12,Loyal Customers,Purchased
C2981,Komal Chauhan,Female,56,Faridabad,Haryana,2024-06-03,105,12,208602.6,3,5,3,353,11,Loyal Customers,Purchased
C2982,Riya Agarwal,Female,31,New Delhi,Delhi,2023-10-13,135,3,19007.989999999998,2,2,1,221,5,Hibernating,Purchased
C2983,Komal Chauhan,Female,43,Faridabad,Haryana,2024-02-12,,,,,,,,,No Purchase,No Purchase
C2984,Ananya Joshi,Male,60,Thane,Maharashtra,2024-02-01,317,2,145020.53,1,1,3,113,5,At Risk,Purchased
C2985,Sameer Kapoor,Female,31,Vadodara,Gujarat,2025-12-17,76,9,182867.28,3,4,3,343,10,Loyal Customers,Purchased
C2986,Aditya Yadav,Female,18,Gwalior,Madhya Pradesh,2025-03-13,50,19,1259976.97,4,5,5,455,14,Champions,Purchased
C2987,Aditya Joshi,Male,22,Nagpur,Maharashtra,2025-07-29,19,10,294183.13,5,4,4,544,13,Champions,Purchased
C2988,Amit Shah,Female,61,Kota,Rajasthan,2025-05-01,30,4,83322.99,4,2,2,422,8,New Customers,Purchased
C2989,Arjun Chauhan,Male,46,Muzaffarpur,Bihar,2024-06-05,139,2,118418.51,2,1,2,212,5,Hibernating,Purchased
C2990,Varun Tiwari,Male,33,Varanasi,Uttar Pradesh,2025-05-15,77,12,539164.86,3,5,5,355,13,Loyal Customers,Purchased
C2991,Sameer Agarwal,Female,21,Noida,Uttar Pradesh,2024-12-01,23,18,456465.84,5,5,5,555,15,Champions,Purchased
C2992,Nisha Tiwari,Female,51,Jodhpur,Rajasthan,2025-03-21,416,3,1134.9299999999998,1,2,1,121,4,Hibernating,Purchased
C2993,Ayush Srivastava,Female,19,Delhi,Delhi,2023-11-26,282,3,33170.44,1,2,1,121,4,Hibernating,Purchased
C2994,Nikhil Mehta,Female,22,Varanasi,Uttar Pradesh,2023-09-11,,,,,,,,,No Purchase,No Purchase
C2995,Shivam Singh,Male,46,Hubballi,Karnataka,2023-07-17,90,3,17293.49,3,2,1,321,6,Potential Loyalists,Purchased
C2996,Arjun Gupta,Female,48,Durgapur,West Bengal,2023-11-13,176,7,169270.81999999998,2,3,3,233,8,At Risk,Purchased
C2997,Vikas Singh,Other,45,Mumbai,Maharashtra,2025-12-07,56,10,195205.97999999998,4,4,3,443,11,Loyal Customers,Purchased
C2998,Sameer Kumar,Male,61,Delhi,Delhi,2025-10-28,197,10,571597.89,2,4,5,245,11,Can't Lose Them,Purchased
C2999,Varun Chauhan,Male,30,Faridabad,Haryana,2023-06-10,132,5,120262.34,2,3,2,232,7,At Risk,Purchased
C3000,Nikhil Verma,Female,44,Salem,Tamil Nadu,2024-08-29,30,2,378.29,4,1,1,411,6,New Customers,Purchased
C3001,Nisha Malhotra,Male,32,Faridabad,Haryana,2025-10-26,10,12,314199.51999999996,5,5,4,554,14,Champions,Purchased
C3002,Suresh Joshi,Female,35,Mysuru,Karnataka,2025-04-06,49,12,286719.43,4,5,4,454,13,Champions,Purchased
C3003,Sakshi Joshi,Male,25,Patna,Bihar,2024-11-01,9,17,658449.31,5,5,5,555,15,Champions,Purchased
C3004,Divya Verma,Female,56,Jaipur,Rajasthan,2024-10-18,11,17,765230.08,5,5,5,555,15,Champions,Purchased
C3005,Komal Mehta,Female,51,Varanasi,Uttar Pradesh,2023-12-24,259,1,3936.2000000000003,1,1,1,111,3,Hibernating,Purchased
C3006,Ankit Joshi,Female,52,Faridabad,Haryana,2025-10-09,14,18,376046.23,5,5,4,554,14,Champions,Purchased
C3007,Pooja Mehta,Female,24,Madurai,Tamil Nadu,2023-04-01,81,8,248731.51,3,4,4,344,11,Loyal Customers,Purchased
C3008,Shreya Gupta,Male,23,Lucknow,Uttar Pradesh,2025-08-09,78,7,243844.14,3,3,4,334,10,Loyal Customers,Purchased
C3009,Pooja Kapoor,Female,55,Agra,Uttar Pradesh,2025-08-11,8,8,333679.87,5,4,4,544,13,Champions,Purchased
C3010,Amit Singh,Female,49,Jaipur,Rajasthan,2023-10-14,34,26,963202.74,4,5,5,455,14,Champions,Purchased
C3011,Ayush Mehta,Female,19,Lucknow,Uttar Pradesh,2024-07-14,218,3,94582.73999999999,2,2,2,222,6,Hibernating,Purchased
C3012,Isha Jain,Female,49,Nagpur,Maharashtra,2025-08-26,21,11,458132.89,5,4,5,545,14,Champions,Purchased
C3013,Arjun Yadav,Female,65,Varanasi,Uttar Pradesh,2024-06-03,14,10,303875.74,5,4,4,544,13,Champions,Purchased
C3014,Aarav Saxena,Female,54,Mangaluru,Karnataka,2023-11-25,558,1,2160.12,1,1,1,111,3,Hibernating,Purchased
C3015,Pooja Gupta,Female,31,Hubballi,Karnataka,2023-03-18,358,2,101289.1,1,1,2,112,4,Hibernating,Purchased
C3016,Riya Tiwari,Female,33,Salem,Tamil Nadu,2024-04-27,53,2,28895.96,4,1,1,411,6,New Customers,Purchased
C3017,Vivek Srivastava,Female,54,Nagpur,Maharashtra,2023-11-01,252,4,120191.23,1,2,2,122,5,Hibernating,Purchased
C3018,Nikhil Agarwal,Male,37,Prayagraj,Uttar Pradesh,2025-07-21,35,4,64148.06,4,2,2,422,8,New Customers,Purchased
C3019,Manish Mishra,Male,53,Ahmedabad,Gujarat,2025-08-01,8,19,706457.43,5,5,5,555,15,Champions,Purchased
C3020,Rakesh Kumar,Female,64,Delhi,Delhi,2023-12-21,56,6,378407.0,4,3,4,434,11,Loyal Customers,Purchased
C3021,Ankit Tiwari,Male,37,Jodhpur,Rajasthan,2023-08-19,514,2,90286.37000000001,1,1,2,112,4,Hibernating,Purchased
C3022,Yash Joshi,Male,45,Prayagraj,Uttar Pradesh,2023-11-15,20,18,440954.2,5,5,5,555,15,Champions,Purchased
C3023,Ankit Sharma,Male,41,Ghaziabad,Uttar Pradesh,2024-03-16,378,1,606.12,1,1,1,111,3,Hibernating,Purchased
C3024,Vivek Shah,Female,42,Thane,Maharashtra,2025-01-02,124,2,93132.73999999999,2,1,2,212,5,Hibernating,Purchased
C3025,Tanya Singh,Female,21,Hubballi,Karnataka,2023-06-16,5,3,100978.06000000001,5,2,2,522,9,New Customers,Purchased
C3026,Komal Mehta,Female,65,Bengaluru,Karnataka,2025-12-30,94,6,140587.37,3,3,3,333,9,Loyal Customers,Purchased
C3027,Ananya Shah,Female,43,Hyderabad,Telangana,2025-02-05,63,4,149803.55,3,2,3,323,8,Potential Loyalists,Purchased
C3028,Aditi Singh,Female,29,Delhi,Delhi,2023-05-24,570,1,255.35999999999996,1,1,1,111,3,Hibernating,Purchased
C3029,Riya Saxena,Male,45,Madurai,Tamil Nadu,2023-12-11,294,3,171342.37,1,2,3,123,6,At Risk,Purchased
C3030,Ananya Yadav,Male,37,Ahmedabad,Gujarat,2025-02-06,125,8,127101.41,2,4,2,242,8,At Risk,Purchased
C3031,Neha Shah,Male,57,Prayagraj,Uttar Pradesh,2024-07-05,96,7,183697.65,3,3,3,333,9,Loyal Customers,Purchased
C3032,Aarav Joshi,Male,54,Chennai,Tamil Nadu,2024-07-31,18,18,199169.14,5,5,3,553,13,Loyal Customers,Purchased
C3033,Priya Chauhan,Female,36,Delhi,Delhi,2023-02-15,166,4,107833.75,2,2,2,222,6,Hibernating,Purchased
C3034,Manish Patel,Male,52,Bengaluru,Karnataka,2024-03-25,51,11,198903.39,4,4,3,443,11,Loyal Customers,Purchased
C3035,Amit Tiwari,Female,19,Agra,Uttar Pradesh,2024-11-03,62,15,445214.87,3,5,5,355,13,Loyal Customers,Purchased
C3036,Yash Agarwal,Female,64,Warangal,Telangana,2025-04-01,45,2,5708.530000000001,4,1,1,411,6,New Customers,Purchased
C3037,Pooja Srivastava,Male,42,Bhopal,Madhya Pradesh,2024-05-04,19,9,286783.38,5,4,4,544,13,Champions,Purchased
C3038,Kavya Verma,Other,49,Prayagraj,Uttar Pradesh,2024-08-30,247,5,95183.68,1,3,2,132,6,At Risk,Purchased
C3039,Isha Kapoor,Female,48,Vadodara,Gujarat,2023-09-01,,,,,,,,,No Purchase,No Purchase
C3040,Divya Singh,Female,33,Durgapur,West Bengal,2025-05-23,,,,,,,,,No Purchase,No Purchase
C3041,Ayush Chauhan,Female,51,Nagpur,Maharashtra,2025-02-03,2,5,390263.1,5,3,4,534,12,Loyal Customers,Purchased
C3042,Ankit Chauhan,Female,37,Warangal,Telangana,2025-03-25,399,2,166204.09,1,1,3,113,5,At Risk,Purchased
C3043,Kavya Jain,Female,50,Vadodara,Gujarat,2025-01-01,290,3,128929.26000000001,1,2,2,122,5,Hibernating,Purchased
C3044,Priya Shah,Female,22,Gwalior,Madhya Pradesh,2025-12-14,,,,,,,,,No Purchase,No Purchase
C3045,Aditi Mehta,Male,25,Muzaffarpur,Bihar,2025-08-21,492,2,76035.6,1,1,2,112,4,Hibernating,Purchased
C3046,Aditi Yadav,Female,62,Noida,Uttar Pradesh,2025-06-06,145,4,77403.87,2,2,2,222,6,Hibernating,Purchased
C3047,Kavya Malhotra,Female,53,Mangaluru,Karnataka,2024-01-03,68,6,175020.66,3,3,3,333,9,Loyal Customers,Purchased
C3048,Simran Malhotra,Male,24,Salem,Tamil Nadu,2023-03-15,5,8,365268.12,5,4,4,544,13,Champions,Purchased
C3049,Nisha Shah,Male,28,Noida,Uttar Pradesh,2023-01-01,142,13,814952.1900000001,2,5,5,255,12,Can't Lose Them,Purchased
C3050,Rahul Kumar,Male,44,Delhi,Delhi,2025-05-03,2,15,530765.11,5,5,5,555,15,Champions,Purchased
C3051,Tanya Tiwari,Male,18,Patna,Bihar,2025-09-11,43,15,368326.39,4,5,4,454,13,Champions,Purchased
C3052,Isha Kumar,Male,37,Ghaziabad,Uttar Pradesh,2024-12-12,41,21,709973.61,4,5,5,455,14,Champions,Purchased
C3053,Ayush Joshi,Male,33,Hubballi,Karnataka,2025-02-28,,,,,,,,,No Purchase,No Purchase
C3054,Aditi Kumar,Female,24,Gurugram,Haryana,2023-04-09,585,1,205.38,1,1,1,111,3,Hibernating,Purchased
C3055,Sanjay Kumar,Female,32,Delhi,Delhi,2024-09-11,65,1,4973.8,3,1,1,311,5,Potential Loyalists,Purchased
C3056,Akash Sharma,Female,32,Bengaluru,Karnataka,2024-10-25,81,25,714071.83,3,5,5,355,13,Loyal Customers,Purchased
C3057,Sneha Agarwal,Male,21,Gaya,Bihar,2023-06-21,1,7,176724.19999999998,5,3,3,533,11,Loyal Customers,Purchased
C3058,Kavya Joshi,Female,48,Hubballi,Karnataka,2025-04-02,94,3,10004.539999999999,3,2,1,321,6,Potential Loyalists,Purchased
C3059,Ayush Shah,Male,31,Lucknow,Uttar Pradesh,2024-01-03,188,2,31920.92,2,1,1,211,4,Hibernating,Purchased
C3060,Priya Malhotra,Male,19,Lucknow,Uttar Pradesh,2023-08-04,140,5,264949.06,2,3,4,234,9,At Risk,Purchased
C3061,Sameer Malhotra,Female,19,Bhopal,Madhya Pradesh,2025-02-01,70,7,85316.04,3,3,2,332,8,Potential Loyalists,Purchased
C3062,Divya Kumar,Female,64,Nagpur,Maharashtra,2024-04-21,164,8,226451.39,2,4,3,243,9,At Risk,Purchased
C3063,Riya Singh,Other,23,Chennai,Tamil Nadu,2024-08-09,14,3,81602.53,5,2,2,522,9,New Customers,Purchased
C3064,Pooja Joshi,Female,61,Agra,Uttar Pradesh,2024-08-17,120,22,967591.83,2,5,5,255,12,Can't Lose Them,Purchased
C3065,Vivek Malhotra,Female,25,Mysuru,Karnataka,2024-11-12,62,30,548518.51,3,5,5,355,13,Loyal Customers,Purchased
C3066,Aditya Mehta,Female,22,Indore,Madhya Pradesh,2024-03-28,12,31,1288737.66,5,5,5,555,15,Champions,Purchased
C3067,Nisha Verma,Female,44,Coimbatore,Tamil Nadu,2025-06-11,691,1,40150.7,1,1,1,111,3,Hibernating,Purchased
C3068,Shivam Saxena,Male,59,Patna,Bihar,2025-08-17,202,3,215917.61000000002,2,2,3,223,7,At Risk,Purchased
C3069,Manish Singh,Male,21,Aurangabad,Maharashtra,2024-06-13,329,1,23129.13,1,1,1,111,3,Hibernating,Purchased
C3070,Aarav Joshi,Other,33,Salem,Tamil Nadu,2023-07-04,5,23,550352.2,5,5,5,555,15,Champions,Purchased
C3071,Shivam Kumar,Female,54,Faridabad,Haryana,2023-11-02,118,9,350244.48,2,4,4,244,10,Can't Lose Them,Purchased
C3072,Aarav Malhotra,Male,21,Hubballi,Karnataka,2025-04-24,8,11,303790.38,5,4,4,544,13,Champions,Purchased
C3073,Neha Jain,Male,26,Nagpur,Maharashtra,2023-10-09,37,4,26327.149999999998,4,2,1,421,7,New Customers,Purchased
C3074,Karan Kapoor,Male,32,Panipat,Haryana,2025-05-02,124,4,97387.54,2,2,2,222,6,Hibernating,Purchased
C3075,Suresh Singh,Male,56,New Delhi,Delhi,2024-12-26,31,13,693775.76,4,5,5,455,14,Champions,Purchased
C3076,Amit Mehta,Male,56,Coimbatore,Tamil Nadu,2024-05-05,4,7,216625.25,5,3,3,533,11,Loyal Customers,Purchased
C3077,Sameer Kumar,Female,52,Muzaffarpur,Bihar,2023-05-19,17,5,81320.54000000001,5,3,2,532,10,Potential Loyalists,Purchased
C3078,Ayush Malhotra,Male,49,Pune,Maharashtra,2024-08-13,148,10,385860.11,2,4,4,244,10,Can't Lose Them,Purchased
C3079,Pooja Kumar,Male,19,Delhi,Delhi,2025-01-28,76,14,436808.97000000003,3,5,5,355,13,Loyal Customers,Purchased
C3080,Sameer Singh,Male,29,Kanpur,Uttar Pradesh,2023-06-18,94,4,119743.00999999998,3,2,2,322,7,Potential Loyalists,Purchased
C3081,Isha Kapoor,Female,62,Mysuru,Karnataka,2025-06-22,229,5,225715.18,2,3,3,233,8,At Risk,Purchased
C3082,Divya Singh,Male,52,Nagpur,Maharashtra,2023-08-02,,,,,,,,,No Purchase,No Purchase
C3083,Tanya Verma,Male,29,Kota,Rajasthan,2024-03-27,4,14,284363.52,5,5,4,554,14,Champions,Purchased
C3084,Rahul Saxena,Female,51,Mumbai,Maharashtra,2024-08-05,49,3,90163.4,4,2,2,422,8,New Customers,Purchased
C3085,Aditya Saxena,Female,52,Kota,Rajasthan,2025-03-20,215,2,165849.25,2,1,3,213,6,At Risk,Purchased
C3086,Meera Srivastava,Male,53,Thane,Maharashtra,2023-09-04,24,20,755303.58,5,5,5,555,15,Champions,Purchased
C3087,Aarav Mishra,Female,65,Delhi,Delhi,2024-01-03,75,3,145183.07,3,2,3,323,8,Potential Loyalists,Purchased
C3088,Deepak Shah,Male,43,Delhi,Delhi,2025-06-02,249,2,23199.25,1,1,1,111,3,Hibernating,Purchased
C3089,Simran Bansal,Female,20,Durgapur,West Bengal,2023-12-27,77,2,20884.58,3,1,1,311,5,Potential Loyalists,Purchased
C3090,Aditya Kumar,Male,57,Mangaluru,Karnataka,2024-11-05,246,5,59402.18,1,3,2,132,6,At Risk,Purchased
C3091,Varun Kapoor,Female,18,New Delhi,Delhi,2024-03-11,,,,,,,,,No Purchase,No Purchase
C3092,Pooja Singh,Other,48,Faridabad,Haryana,2023-03-03,123,14,382922.63,2,5,4,254,11,Can't Lose Them,Purchased
C3093,Ananya Tiwari,Female,56,Rajkot,Gujarat,2024-07-17,50,11,679199.03,4,4,5,445,13,Champions,Purchased
C3094,Kavya Joshi,Female,24,Nagpur,Maharashtra,2024-01-27,9,7,840013.29,5,3,5,535,13,Loyal Customers,Purchased
C3095,Komal Patel,Male,56,Bhopal,Madhya Pradesh,2023-10-18,45,9,379261.83999999997,4,4,4,444,12,Champions,Purchased
C3096,Divya Patel,Female,56,New Delhi,Delhi,2025-07-28,521,2,44202.52,1,1,1,111,3,Hibernating,Purchased
C3097,Isha Gupta,Male,49,Kanpur,Uttar Pradesh,2025-04-27,,,,,,,,,No Purchase,No Purchase
C3098,Vivek Mishra,Male,33,Coimbatore,Tamil Nadu,2023-10-31,,,,,,,,,No Purchase,No Purchase
C3099,Shreya Kapoor,Female,27,Agra,Uttar Pradesh,2024-07-27,361,2,19180.06,1,1,1,111,3,Hibernating,Purchased
C3100,Riya Shah,Female,51,Nashik,Maharashtra,2023-02-28,57,7,387692.29000000004,4,3,4,434,11,Loyal Customers,Purchased
C3101,Deepak Shah,Female,25,Durgapur,West Bengal,2023-04-13,453,1,28130.64,1,1,1,111,3,Hibernating,Purchased
C3102,Varun Gupta,Female,50,Agra,Uttar Pradesh,2024-08-14,48,8,271256.78,4,4,4,444,12,Champions,Purchased
C3103,Isha Malhotra,Female,26,Hyderabad,Telangana,2025-10-15,129,5,69887.82,2,3,2,232,7,At Risk,Purchased
C3104,Aditya Agarwal,Female,34,Bhopal,Madhya Pradesh,2025-10-12,364,3,36167.29,1,2,1,121,4,Hibernating,Purchased
C3105,Yash Gupta,Female,42,Ahmedabad,Gujarat,2024-05-07,382,2,4361.9,1,1,1,111,3,Hibernating,Purchased
C3106,Rohit Tiwari,Female,25,Durgapur,West Bengal,2025-02-09,21,24,687818.05,5,5,5,555,15,Champions,Purchased
C3107,Nisha Shah,Male,56,Durgapur,West Bengal,2024-06-22,491,1,70556.44,1,1,2,112,4,Hibernating,Purchased
C3108,Ayush Shah,Female,51,Patna,Bihar,2025-09-17,24,26,1274497.51,5,5,5,555,15,Champions,Purchased
C3109,Sakshi Chauhan,Female,18,New Delhi,Delhi,2024-09-15,532,2,39312.36,1,1,1,111,3,Hibernating,Purchased
C3110,Divya Agarwal,Female,58,Mumbai,Maharashtra,2025-09-02,2,26,870454.99,5,5,5,555,15,Champions,Purchased
C3111,Sanjay Tiwari,Male,52,Coimbatore,Tamil Nadu,2024-02-02,,,,,,,,,No Purchase,No Purchase
C3112,Isha Malhotra,Male,58,Chennai,Tamil Nadu,2025-10-16,189,5,463747.43,2,3,5,235,10,At Risk,Purchased
C3113,Simran Joshi,Male,46,Aurangabad,Maharashtra,2025-03-05,24,16,720935.38,5,5,5,555,15,Champions,Purchased
C3114,Nisha Verma,Male,48,Ahmedabad,Gujarat,2025-04-20,9,16,1014710.82,5,5,5,555,15,Champions,Purchased
C3115,Kavya Singh,Female,36,Varanasi,Uttar Pradesh,2023-01-16,4,8,121136.92000000001,5,4,2,542,11,At Risk,Purchased
C3116,Ayush Jain,Male,28,Bhopal,Madhya Pradesh,2025-06-01,129,6,66757.95,2,3,2,232,7,At Risk,Purchased
C3117,Arjun Sharma,Male,29,Pune,Maharashtra,2023-06-27,,,,,,,,,No Purchase,No Purchase
C3118,Shreya Singh,Female,33,Prayagraj,Uttar Pradesh,2025-10-22,15,17,636880.72,5,5,5,555,15,Champions,Purchased
C3119,Arjun Mehta,Male,31,Noida,Uttar Pradesh,2023-07-26,67,11,345387.45,3,4,4,344,11,Loyal Customers,Purchased
C3120,Rakesh Kapoor,Male,54,Aurangabad,Maharashtra,2025-06-23,223,10,494217.64,2,4,5,245,11,Can't Lose Them,Purchased
C3121,Aditi Gupta,Female,43,Thane,Maharashtra,2024-11-26,43,5,272334.49,4,3,4,434,11,Loyal Customers,Purchased
C3122,Suresh Kapoor,Female,37,Varanasi,Uttar Pradesh,2024-03-05,37,36,1399087.3900000001,4,5,5,455,14,Champions,Purchased
C3123,Neha Tiwari,Other,52,Aurangabad,Maharashtra,2025-09-02,,,,,,,,,No Purchase,No Purchase
C3124,Simran Kapoor,Female,53,Nagpur,Maharashtra,2024-03-01,131,5,114387.90999999999,2,3,2,232,7,At Risk,Purchased
C3125,Suresh Bansal,Other,62,New Delhi,Delhi,2023-03-11,34,12,197699.84000000003,4,5,3,453,12,Loyal Customers,Purchased
C3126,Arjun Kapoor,Male,32,New Delhi,Delhi,2023-03-24,,,,,,,,,No Purchase,No Purchase
C3127,Komal Verma,Female,29,Delhi,Delhi,2025-07-22,,,,,,,,,No Purchase,No Purchase
C3128,Aarav Agarwal,Female,18,New Delhi,Delhi,2024-02-26,606,1,39297.72,1,1,1,111,3,Hibernating,Purchased
C3129,Karan Tiwari,Female,25,Prayagraj,Uttar Pradesh,2025-06-16,172,2,103752.51,2,1,2,212,5,Hibernating,Purchased
C3130,Nisha Malhotra,Male,46,Kanpur,Uttar Pradesh,2023-01-22,41,4,201707.67,4,2,3,423,9,New Customers,Purchased
C3131,Aditya Bansal,Male,56,Aurangabad,Maharashtra,2023-03-25,537,2,114712.98999999999,1,1,2,112,4,Hibernating,Purchased
C3132,Suresh Chauhan,Male,46,Durgapur,West Bengal,2025-12-17,149,5,125722.13,2,3,2,232,7,At Risk,Purchased
C3133,Shreya Verma,Female,65,Patna,Bihar,2023-06-06,50,8,435935.80000000005,4,4,5,445,13,Champions,Purchased
C3134,Suresh Mishra,Female,48,Bhopal,Madhya Pradesh,2025-01-22,656,1,158.03,1,1,1,111,3,Hibernating,Purchased
C3135,Meera Joshi,Male,60,Salem,Tamil Nadu,2024-01-19,34,4,271147.11000000004,4,2,4,424,10,New Customers,Purchased
C3136,Manish Sharma,Female,30,Chennai,Tamil Nadu,2024-07-01,82,9,312902.19,3,4,4,344,11,Loyal Customers,Purchased
C3137,Aditya Mehta,Female,33,New Delhi,Delhi,2023-05-06,105,3,63207.9,3,2,2,322,7,Potential Loyalists,Purchased
C3138,Shivam Saxena,Female,56,Kolkata,West Bengal,2023-10-20,199,3,14545.19,2,2,1,221,5,Hibernating,Purchased
C3139,Sanjay Joshi,Male,49,Siliguri,West Bengal,2025-04-10,64,10,160593.82,3,4,3,343,10,Loyal Customers,Purchased
C3140,Vikas Yadav,Female,41,Gurugram,Haryana,2024-08-09,,,,,,,,,No Purchase,No Purchase
C3141,Yash Kapoor,Female,63,Faridabad,Haryana,2024-07-05,204,3,106116.35,2,2,2,222,6,Hibernating,Purchased
C3142,Deepak Kumar,Female,54,Hubballi,Karnataka,2025-10-31,35,12,290834.42,4,5,4,454,13,Champions,Purchased
C3143,Simran Srivastava,Female,32,Kolkata,West Bengal,2024-03-25,142,7,59696.490000000005,2,3,2,232,7,At Risk,Purchased
C3144,Aditya Kumar,Female,47,Hyderabad,Telangana,2025-05-30,64,13,623370.4,3,5,5,355,13,Loyal Customers,Purchased
C3145,Simran Srivastava,Male,37,New Delhi,Delhi,2025-03-04,26,9,62387.21,4,4,2,442,10,At Risk,Purchased
C3146,Varun Patel,Female,37,Indore,Madhya Pradesh,2024-05-19,,,,,,,,,No Purchase,No Purchase
C3147,Rahul Jain,Male,56,Noida,Uttar Pradesh,2023-11-17,127,8,637007.19,2,4,5,245,11,Can't Lose Them,Purchased
C3148,Aditi Shah,Female,50,Patna,Bihar,2024-01-23,76,18,322731.9,3,5,4,354,12,Loyal Customers,Purchased
C3149,Isha Verma,Female,18,Kolkata,West Bengal,2025-08-12,,,,,,,,,No Purchase,No Purchase
C3150,Akash Patel,Female,45,Prayagraj,Uttar Pradesh,2023-12-01,61,14,249109.74,3,5,4,354,12,Loyal Customers,Purchased
C3151,Aditi Saxena,Female,49,Jaipur,Rajasthan,2024-12-17,64,27,1137785.73,3,5,5,355,13,Loyal Customers,Purchased
C3152,Simran Saxena,Male,42,Agra,Uttar Pradesh,2023-05-17,64,10,418276.68,3,4,4,344,11,Loyal Customers,Purchased
C3153,Manish Gupta,Male,32,Durgapur,West Bengal,2024-01-15,55,7,217263.66000000003,4,3,3,433,10,Loyal Customers,Purchased
C3154,Rahul Malhotra,Female,49,Warangal,Telangana,2025-10-20,,,,,,,,,No Purchase,No Purchase
C3155,Aarav Srivastava,Male,63,Vadodara,Gujarat,2024-08-14,136,3,20875.02,2,2,1,221,5,Hibernating,Purchased
C3156,Nisha Saxena,Male,22,Faridabad,Haryana,2025-06-19,,,,,,,,,No Purchase,No Purchase
C3157,Amit Jain,Other,46,Ghaziabad,Uttar Pradesh,2023-10-12,191,6,132429.1,2,3,3,233,8,At Risk,Purchased
C3158,Pooja Sharma,Male,61,Mumbai,Maharashtra,2025-04-13,27,8,437995.92,4,4,5,445,13,Champions,Purchased
C3159,Sneha Tiwari,Male,37,Bengaluru,Karnataka,2025-12-14,,,,,,,,,No Purchase,No Purchase
C3160,Riya Agarwal,Male,34,Prayagraj,Uttar Pradesh,2025-10-10,199,2,14638.42,2,1,1,211,4,Hibernating,Purchased
C3161,Sanjay Agarwal,Female,29,Bengaluru,Karnataka,2024-04-21,113,12,319177.65,3,5,4,354,12,Loyal Customers,Purchased
C3162,Mohit Bansal,Male,28,Pune,Maharashtra,2025-01-16,28,15,413566.24,4,5,4,454,13,Champions,Purchased
C3163,Sakshi Yadav,Female,36,Bengaluru,Karnataka,2025-09-08,141,1,25191.989999999998,2,1,1,211,4,Hibernating,Purchased
C3164,Nikhil Saxena,Female,55,Bengaluru,Karnataka,2025-06-09,9,32,1525087.69,5,5,5,555,15,Champions,Purchased
C3165,Riya Singh,Male,26,Gurugram,Haryana,2025-12-06,16,5,128631.42,5,3,2,532,10,Potential Loyalists,Purchased
C3166,Ankit Kapoor,Male,29,Nashik,Maharashtra,2023-02-04,598,2,1881.8899999999999,1,1,1,111,3,Hibernating,Purchased
C3167,Karan Chauhan,Male,65,Faridabad,Haryana,2024-08-09,111,3,463156.13999999996,3,2,5,325,10,Potential Loyalists,Purchased
C3168,Tanya Chauhan,Female,65,Bengaluru,Karnataka,2025-05-16,,,,,,,,,No Purchase,No Purchase
C3169,Neha Tiwari,Male,28,Delhi,Delhi,2025-03-10,50,17,1031593.01,4,5,5,455,14,Champions,Purchased
C3170,Vivek Srivastava,Male,38,Chennai,Tamil Nadu,2023-06-18,16,6,307087.77,5,3,4,534,12,Loyal Customers,Purchased
C3171,Riya Yadav,Male,37,Mangaluru,Karnataka,2024-09-18,48,2,28754.44,4,1,1,411,6,New Customers,Purchased
C3172,Isha Chauhan,Male,32,Thane,Maharashtra,2023-07-01,10,13,346086.86,5,5,4,554,14,Champions,Purchased
C3173,Rahul Tiwari,Female,25,Madurai,Tamil Nadu,2023-04-11,290,6,204962.08,1,3,3,133,7,At Risk,Purchased
C3174,Rohit Shah,Male,20,Agra,Uttar Pradesh,2023-05-03,80,11,285708.09,3,4,4,344,11,Loyal Customers,Purchased
C3175,Akash Jain,Female,47,New Delhi,Delhi,2025-11-08,,,,,,,,,No Purchase,No Purchase
C3176,Rohit Kumar,Male,20,Ahmedabad,Gujarat,2023-10-25,92,7,177361.55,3,3,3,333,9,Loyal Customers,Purchased
C3177,Ayush Mehta,Female,47,Hubballi,Karnataka,2024-05-15,169,4,50705.619999999995,2,2,1,221,5,Hibernating,Purchased
C3178,Isha Kapoor,Female,22,Hyderabad,Telangana,2023-10-08,,,,,,,,,No Purchase,No Purchase
C3179,Pooja Jain,Male,25,Mumbai,Maharashtra,2025-09-05,26,11,331482.37,4,4,4,444,12,Champions,Purchased
C3180,Ananya Jain,Female,18,Muzaffarpur,Bihar,2025-08-31,18,19,192434.56,5,5,3,553,13,Loyal Customers,Purchased
C3181,Riya Mehta,Female,37,Warangal,Telangana,2024-12-18,,,,,,,,,No Purchase,No Purchase
C3182,Karan Sharma,Female,33,Patna,Bihar,2025-06-26,264,3,1020.28,1,2,1,121,4,Hibernating,Purchased
C3183,Komal Chauhan,Female,33,Hyderabad,Telangana,2023-04-26,281,8,189901.5,1,4,3,143,8,At Risk,Purchased
C3184,Rakesh Yadav,Female,32,Noida,Uttar Pradesh,2025-12-30,6,2,24147.05,5,1,1,511,7,New Customers,Purchased
C3185,Sameer Kumar,Male,63,Chennai,Tamil Nadu,2024-04-01,671,2,37969.02,1,1,1,111,3,Hibernating,Purchased
C3186,Rakesh Sharma,Female,38,Nashik,Maharashtra,2024-03-14,62,12,474063.51,3,5,5,355,13,Loyal Customers,Purchased
C3187,Pooja Srivastava,Male,56,Hyderabad,Telangana,2023-08-03,14,35,816878.53,5,5,5,555,15,Champions,Purchased
C3188,Suresh Srivastava,Female,29,Vadodara,Gujarat,2025-08-18,5,15,394649.38,5,5,4,554,14,Champions,Purchased
C3189,Priya Singh,Female,41,Pune,Maharashtra,2023-07-05,,,,,,,,,No Purchase,No Purchase
C3190,Aarav Gupta,Female,21,Gwalior,Madhya Pradesh,2025-07-28,,,,,,,,,No Purchase,No Purchase
C3191,Akash Jain,Female,30,Prayagraj,Uttar Pradesh,2025-02-22,120,1,90898.45,2,1,2,212,5,Hibernating,Purchased
C3192,Akash Gupta,Male,21,Surat,Gujarat,2025-04-25,77,10,205364.41,3,4,3,343,10,Loyal Customers,Purchased
C3193,Nikhil Kapoor,Female,18,Siliguri,West Bengal,2023-02-02,108,13,227232.8,3,5,3,353,11,Loyal Customers,Purchased
C3194,Shivam Singh,Male,26,Noida,Uttar Pradesh,2025-03-19,235,2,26627.83,2,1,1,211,4,Hibernating,Purchased
C3195,Rakesh Shah,Female,25,Ahmedabad,Gujarat,2025-11-23,631,1,223.44,1,1,1,111,3,Hibernating,Purchased
C3196,Meera Agarwal,Female,33,Warangal,Telangana,2024-03-07,245,5,98086.93000000001,1,3,2,132,6,At Risk,Purchased
C3197,Yash Patel,Male,53,Noida,Uttar Pradesh,2024-05-07,,,,,,,,,No Purchase,No Purchase
C3198,Isha Jain,Female,25,Madurai,Tamil Nadu,2023-05-03,234,2,51569.17,2,1,2,212,5,Hibernating,Purchased
C3199,Akash Gupta,Male,47,Nagpur,Maharashtra,2024-06-20,45,10,260261.45,4,4,4,444,12,Champions,Purchased
C3200,Manish Verma,Female,35,Jaipur,Rajasthan,2025-01-07,47,4,73117.61,4,2,2,422,8,New Customers,Purchased
C3201,Meera Singh,Female,37,Agra,Uttar Pradesh,2023-11-24,225,3,66687.90000000001,2,2,2,222,6,Hibernating,Purchased
C3202,Sameer Kumar,Female,62,Bhopal,Madhya Pradesh,2025-03-22,73,11,282106.06,3,4,4,344,11,Loyal Customers,Purchased
C3203,Divya Chauhan,Female,40,Panipat,Haryana,2023-04-04,69,13,545099.4400000001,3,5,5,355,13,Loyal Customers,Purchased
C3204,Aarav Yadav,Male,30,Pune,Maharashtra,2025-01-08,50,5,217833.38,4,3,3,433,10,Loyal Customers,Purchased
C3205,Rahul Mishra,Male,29,Delhi,Delhi,2024-10-06,191,9,213417.86000000002,2,4,3,243,9,At Risk,Purchased
C3206,Manish Kumar,Male,26,Rajkot,Gujarat,2023-09-09,98,6,206049.68,3,3,3,333,9,Loyal Customers,Purchased
C3207,Nikhil Bansal,Male,56,Kolkata,West Bengal,2024-01-13,500,1,1241.7,1,1,1,111,3,Hibernating,Purchased
C3208,Sakshi Tiwari,Male,49,Hubballi,Karnataka,2023-09-20,7,13,779088.2,5,5,5,555,15,Champions,Purchased
C3209,Shreya Bansal,Female,30,Prayagraj,Uttar Pradesh,2024-11-14,37,10,416351.21,4,4,4,444,12,Champions,Purchased
C3210,Nisha Joshi,Female,41,Agra,Uttar Pradesh,2024-11-28,118,5,87813.78,2,3,2,232,7,At Risk,Purchased
C3211,Sakshi Saxena,Male,42,Muzaffarpur,Bihar,2024-08-31,188,5,282735.20999999996,2,3,4,234,9,At Risk,Purchased
C3212,Rahul Jain,Female,20,Hubballi,Karnataka,2023-08-01,35,6,321464.5,4,3,4,434,11,Loyal Customers,Purchased
C3213,Akash Srivastava,Female,61,Gurugram,Haryana,2023-08-26,43,5,97996.20999999999,4,3,2,432,9,Potential Loyalists,Purchased
C3214,Nisha Bansal,Male,55,Salem,Tamil Nadu,2025-06-06,205,11,534264.9,2,4,5,245,11,Can't Lose Them,Purchased
C3215,Shreya Sharma,Female,43,Indore,Madhya Pradesh,2024-05-20,,,,,,,,,No Purchase,No Purchase
C3216,Shivam Patel,Male,52,Noida,Uttar Pradesh,2024-04-21,68,5,120727.05,3,3,2,332,8,Potential Loyalists,Purchased
C3217,Isha Yadav,Female,23,Noida,Uttar Pradesh,2023-12-04,70,7,156068.16,3,3,3,333,9,Loyal Customers,Purchased
C3218,Sanjay Singh,Female,64,Bhopal,Madhya Pradesh,2025-10-15,60,1,2311.59,3,1,1,311,5,Potential Loyalists,Purchased
C3219,Sameer Saxena,Male,48,Gwalior,Madhya Pradesh,2023-09-20,411,2,59431.659999999996,1,1,2,112,4,Hibernating,Purchased
C3220,Amit Sharma,Male,63,Delhi,Delhi,2025-04-21,27,22,1504524.93,4,5,5,455,14,Champions,Purchased
C3221,Akash Kapoor,Female,59,Delhi,Delhi,2023-09-24,117,7,460960.53,2,3,5,235,10,At Risk,Purchased
C3222,Yash Chauhan,Male,46,Bengaluru,Karnataka,2023-01-14,26,8,595854.55,4,4,5,445,13,Champions,Purchased
C3223,Aditi Patel,Female,31,Mangaluru,Karnataka,2023-10-01,208,4,33046.36,2,2,1,221,5,Hibernating,Purchased
C3224,Aditi Agarwal,Female,50,Nagpur,Maharashtra,2023-10-22,13,6,108876.48,5,3,2,532,10,Potential Loyalists,Purchased
C3225,Manish Joshi,Male,42,Faridabad,Haryana,2025-03-26,367,7,63274.899999999994,1,3,2,132,6,At Risk,Purchased
C3226,Rakesh Saxena,Female,37,Pune,Maharashtra,2024-08-04,113,2,24063.430000000004,3,1,1,311,5,Potential Loyalists,Purchased
C3227,Akash Verma,Female,52,Jaipur,Rajasthan,2024-04-16,62,22,945533.5199999999,3,5,5,355,13,Loyal Customers,Purchased
C3228,Karan Yadav,Male,60,Ghaziabad,Uttar Pradesh,2024-06-05,426,3,74534.07,1,2,2,122,5,Hibernating,Purchased
C3229,Mohit Joshi,Female,26,Agra,Uttar Pradesh,2025-11-09,,,,,,,,,No Purchase,No Purchase
C3230,Suresh Tiwari,Female,44,Jodhpur,Rajasthan,2025-10-26,100,4,110915.47,3,2,2,322,7,Potential Loyalists,Purchased
C3231,Sneha Yadav,Female,55,New Delhi,Delhi,2023-01-29,8,14,520576.22,5,5,5,555,15,Champions,Purchased
C3232,Deepak Agarwal,Male,33,Kota,Rajasthan,2025-07-12,35,14,629178.75,4,5,5,455,14,Champions,Purchased
C3233,Vikas Chauhan,Male,34,Agra,Uttar Pradesh,2024-01-31,6,4,46759.31,5,2,1,521,8,New Customers,Purchased
C3234,Neha Gupta,Female,18,Bhopal,Madhya Pradesh,2025-04-03,24,11,371108.93,5,4,4,544,13,Champions,Purchased
C3235,Aarav Singh,Female,33,Durgapur,West Bengal,2025-12-14,9,15,709435.45,5,5,5,555,15,Champions,Purchased
C3236,Sanjay Mehta,Male,46,Gurugram,Haryana,2024-07-16,12,20,615947.43,5,5,5,555,15,Champions,Purchased
C3237,Sanjay Sharma,Female,64,Agra,Uttar Pradesh,2024-11-14,264,8,433047.13,1,4,5,145,10,Can't Lose Them,Purchased
C3238,Nisha Gupta,Female,43,Delhi,Delhi,2024-04-14,341,4,5116.75,1,2,1,121,4,Hibernating,Purchased
C3239,Meera Joshi,Male,31,New Delhi,Delhi,2023-03-23,307,2,54783.619999999995,1,1,2,112,4,Hibernating,Purchased
C3240,Kavya Malhotra,Female,56,Chennai,Tamil Nadu,2023-02-10,316,2,37131.29,1,1,1,111,3,Hibernating,Purchased
C3241,Kavya Shah,Female,27,New Delhi,Delhi,2024-01-30,15,8,124032.32,5,4,2,542,11,At Risk,Purchased
C3242,Pooja Agarwal,Female,26,Noida,Uttar Pradesh,2025-06-18,64,5,104212.75,3,3,2,332,8,Potential Loyalists,Purchased
C3243,Arjun Mehta,Female,43,Delhi,Delhi,2024-01-09,126,3,19088.48,2,2,1,221,5,Hibernating,Purchased
C3244,Aditya Joshi,Female,57,Nagpur,Maharashtra,2024-04-16,56,3,244797.86000000002,4,2,4,424,10,New Customers,Purchased
C3245,Suresh Saxena,Female,28,New Delhi,Delhi,2024-08-04,38,8,124935.56,4,4,2,442,10,At Risk,Purchased
C3246,Aditi Bansal,Female,18,Thane,Maharashtra,2023-12-18,217,8,261230.04,2,4,4,244,10,Can't Lose Them,Purchased
C3247,Isha Malhotra,Male,52,Pune,Maharashtra,2024-06-20,,,,,,,,,No Purchase,No Purchase
C3248,Aditya Srivastava,Male,46,Surat,Gujarat,2024-10-26,20,1,964.6199999999999,5,1,1,511,7,New Customers,Purchased
C3249,Nikhil Saxena,Female,50,Delhi,Delhi,2025-07-21,330,3,147993.03,1,2,3,123,6,At Risk,Purchased
C3250,Sameer Kumar,Female,37,New Delhi,Delhi,2025-04-05,255,6,177053.77000000002,1,3,3,133,7,At Risk,Purchased
C3251,Isha Chauhan,Male,23,Chennai,Tamil Nadu,2025-06-14,244,8,370265.17000000004,1,4,4,144,9,Can't Lose Them,Purchased
C3252,Rakesh Srivastava,Male,33,Kolkata,West Bengal,2024-07-26,73,10,190017.32,3,4,3,343,10,Loyal Customers,Purchased
C3253,Neha Mishra,Male,40,Delhi,Delhi,2025-02-04,6,14,684599.71,5,5,5,555,15,Champions,Purchased
C3254,Vivek Sharma,Female,38,Ahmedabad,Gujarat,2023-06-13,131,8,330803.04,2,4,4,244,10,Can't Lose Them,Purchased
C3255,Simran Joshi,Female,60,Muzaffarpur,Bihar,2023-06-11,56,5,126555.2,4,3,2,432,9,Potential Loyalists,Purchased
C3256,Sanjay Jain,Female,28,Chennai,Tamil Nadu,2025-10-06,,,,,,,,,No Purchase,No Purchase
C3257,Aditya Kapoor,Male,32,Gwalior,Madhya Pradesh,2024-10-23,269,1,67076.7,1,1,2,112,4,Hibernating,Purchased
C3258,Akash Shah,Female,26,Warangal,Telangana,2023-05-04,89,9,282564.39999999997,3,4,4,344,11,Loyal Customers,Purchased
C3259,Ankit Singh,Male,45,Noida,Uttar Pradesh,2024-03-22,41,6,135092.7,4,3,3,433,10,Loyal Customers,Purchased
C3260,Suresh Verma,Male,56,Bengaluru,Karnataka,2025-11-27,67,7,101675.12,3,3,2,332,8,Potential Loyalists,Purchased
C3261,Rahul Srivastava,Male,60,Jaipur,Rajasthan,2023-01-24,9,23,786729.48,5,5,5,555,15,Champions,Purchased
C3262,Priya Sharma,Female,28,Patna,Bihar,2024-04-29,49,7,172130.05,4,3,3,433,10,Loyal Customers,Purchased
C3263,Aarav Kapoor,Female,38,Mysuru,Karnataka,2025-07-05,232,6,154926.15,2,3,3,233,8,At Risk,Purchased
C3264,Komal Yadav,Male,53,Varanasi,Uttar Pradesh,2025-11-02,62,11,273237.1,3,4,4,344,11,Loyal Customers,Purchased
C3265,Komal Patel,Male,20,Surat,Gujarat,2024-02-08,85,8,299316.42,3,4,4,344,11,Loyal Customers,Purchased
C3266,Akash Shah,Female,52,Prayagraj,Uttar Pradesh,2025-09-28,143,3,59169.36,2,2,2,222,6,Hibernating,Purchased
C3267,Tanya Yadav,Male,24,Kolkata,West Bengal,2025-02-23,163,1,2114.11,2,1,1,211,4,Hibernating,Purchased
C3268,Tanya Malhotra,Female,19,Coimbatore,Tamil Nadu,2024-03-20,23,11,544382.27,5,4,5,545,14,Champions,Purchased
C3269,Neha Malhotra,Male,23,Kolkata,West Bengal,2025-05-03,25,9,194937.07,4,4,3,443,11,Loyal Customers,Purchased
C3270,Nikhil Singh,Male,60,Gurugram,Haryana,2025-05-26,34,4,89215.55,4,2,2,422,8,New Customers,Purchased
C3271,Ankit Agarwal,Male,50,Rajkot,Gujarat,2023-10-29,39,18,739075.82,4,5,5,455,14,Champions,Purchased
C3272,Rohit Kapoor,Female,55,Ahmedabad,Gujarat,2023-04-09,44,9,203415.57,4,4,3,443,11,Loyal Customers,Purchased
C3273,Amit Kapoor,Male,51,Kolkata,West Bengal,2025-05-05,,,,,,,,,No Purchase,No Purchase
C3274,Mohit Shah,Male,56,Panipat,Haryana,2023-04-01,71,10,578396.52,3,4,5,345,12,Loyal Customers,Purchased
C3275,Pooja Bansal,Female,41,Faridabad,Haryana,2025-05-02,51,10,651144.51,4,4,5,445,13,Champions,Purchased
C3276,Deepak Kumar,Male,56,Lucknow,Uttar Pradesh,2024-01-25,20,17,773243.91,5,5,5,555,15,Champions,Purchased
C3277,Nikhil Kumar,Female,20,Salem,Tamil Nadu,2025-02-08,650,1,43434.34,1,1,1,111,3,Hibernating,Purchased
C3278,Isha Malhotra,Male,45,Pune,Maharashtra,2024-10-29,115,6,296407.26,2,3,4,234,9,At Risk,Purchased
C3279,Vivek Malhotra,Female,54,Gurugram,Haryana,2023-02-12,149,3,224680.42,2,2,3,223,7,At Risk,Purchased
C3280,Manish Saxena,Male,65,Jodhpur,Rajasthan,2023-01-11,510,3,158017.62,1,2,3,123,6,At Risk,Purchased
C3281,Nikhil Gupta,Female,35,Mangaluru,Karnataka,2024-11-20,76,28,855577.89,3,5,5,355,13,Loyal Customers,Purchased
C3282,Varun Shah,Female,26,Pune,Maharashtra,2024-07-18,35,15,448819.15,4,5,5,455,14,Champions,Purchased
C3283,Mohit Malhotra,Female,52,Delhi,Delhi,2023-02-17,103,1,56048.62,3,1,2,312,6,Potential Loyalists,Purchased
C3284,Sneha Verma,Female,21,Jaipur,Rajasthan,2025-12-04,,,,,,,,,No Purchase,No Purchase
C3285,Ananya Shah,Male,55,Thane,Maharashtra,2023-09-19,42,9,212971.65,4,4,3,443,11,Loyal Customers,Purchased
C3286,Akash Joshi,Male,51,Noida,Uttar Pradesh,2025-07-28,161,4,102029.23999999999,2,2,2,222,6,Hibernating,Purchased
C3287,Nisha Verma,Female,51,Faridabad,Haryana,2023-05-08,,,,,,,,,No Purchase,No Purchase
C3288,Sakshi Agarwal,Female,32,Siliguri,West Bengal,2023-09-12,99,8,384578.95999999996,3,4,4,344,11,Loyal Customers,Purchased
C3289,Neha Verma,Female,23,Pune,Maharashtra,2024-08-02,209,5,502386.84,2,3,5,235,10,At Risk,Purchased
C3290,Shreya Tiwari,Female,47,Delhi,Delhi,2024-08-01,58,9,493301.76,3,4,5,345,12,Loyal Customers,Purchased
C3291,Sameer Verma,Female,35,Muzaffarpur,Bihar,2024-10-23,216,4,28264.56,2,2,1,221,5,Hibernating,Purchased
C3292,Yash Kumar,Female,36,Udaipur,Rajasthan,2023-07-07,35,3,43001.32,4,2,1,421,7,New Customers,Purchased
C3293,Kavya Sharma,Female,27,Surat,Gujarat,2023-10-17,261,4,78801.19,1,2,2,122,5,Hibernating,Purchased
C3294,Yash Sharma,Female,34,Delhi,Delhi,2023-10-16,63,21,345454.84,3,5,4,354,12,Loyal Customers,Purchased
C3295,Riya Gupta,Male,57,Delhi,Delhi,2024-04-27,,,,,,,,,No Purchase,No Purchase
C3296,Divya Joshi,Female,60,Kanpur,Uttar Pradesh,2025-10-07,156,12,221478.49,2,5,3,253,10,At Risk,Purchased
C3297,Vivek Sharma,Male,34,Durgapur,West Bengal,2024-05-21,441,2,2158.63,1,1,1,111,3,Hibernating,Purchased
C3298,Ayush Yadav,Male,24,Ghaziabad,Uttar Pradesh,2025-12-28,321,5,39375.78,1,3,1,131,5,At Risk,Purchased
C3299,Komal Singh,Female,19,Prayagraj,Uttar Pradesh,2023-10-03,404,6,165622.38999999998,1,3,3,133,7,At Risk,Purchased
C3300,Deepak Jain,Female,27,Durgapur,West Bengal,2023-09-23,144,9,148950.76,2,4,3,243,9,At Risk,Purchased
C3301,Meera Sharma,Male,18,Gwalior,Madhya Pradesh,2023-04-21,291,4,21183.89,1,2,1,121,4,Hibernating,Purchased
C3302,Riya Joshi,Female,50,Durgapur,West Bengal,2023-08-21,295,7,144096.17,1,3,3,133,7,At Risk,Purchased
C3303,Deepak Malhotra,Male,48,Mysuru,Karnataka,2023-12-08,65,11,255261.11000000002,3,4,4,344,11,Loyal Customers,Purchased
C3304,Akash Kapoor,Male,55,Madurai,Tamil Nadu,2024-02-25,475,2,78911.58,1,1,2,112,4,Hibernating,Purchased
C3305,Karan Verma,Female,33,Bengaluru,Karnataka,2025-02-20,42,13,490143.44999999995,4,5,5,455,14,Champions,Purchased
C3306,Deepak Srivastava,Female,57,New Delhi,Delhi,2024-05-03,208,4,72695.45000000001,2,2,2,222,6,Hibernating,Purchased
C3307,Rahul Malhotra,Female,26,Salem,Tamil Nadu,2025-01-21,53,9,251690.31,4,4,4,444,12,Champions,Purchased
C3308,Divya Singh,Male,29,Mysuru,Karnataka,2023-04-08,42,23,771267.86,4,5,5,455,14,Champions,Purchased
C3309,Aditi Jain,Female,61,Rajkot,Gujarat,2025-11-02,7,4,70810.18000000001,5,2,2,522,9,New Customers,Purchased
C3310,Meera Bansal,Male,60,Faridabad,Haryana,2023-06-11,145,11,585512.09,2,4,5,245,11,Can't Lose Them,Purchased
C3311,Vikas Mishra,Female,46,Patna,Bihar,2023-02-06,97,3,55358.88,3,2,2,322,7,Potential Loyalists,Purchased
C3312,Nisha Agarwal,Male,47,Noida,Uttar Pradesh,2024-04-10,16,26,1386169.95,5,5,5,555,15,Champions,Purchased
C3313,Shreya Joshi,Female,51,Delhi,Delhi,2024-12-14,,,,,,,,,No Purchase,No Purchase
C3314,Shivam Singh,Male,57,Nagpur,Maharashtra,2023-09-15,205,8,281097.78,2,4,4,244,10,Can't Lose Them,Purchased
C3315,Meera Chauhan,Male,29,Delhi,Delhi,2023-06-28,135,4,159518.66,2,2,3,223,7,At Risk,Purchased
C3316,Meera Gupta,Male,21,Mumbai,Maharashtra,2025-07-14,525,1,16011.05,1,1,1,111,3,Hibernating,Purchased
C3317,Deepak Sharma,Female,26,Pune,Maharashtra,2025-06-21,448,4,54711.98,1,2,2,122,5,Hibernating,Purchased
C3318,Vikas Sharma,Female,35,Kolkata,West Bengal,2025-04-02,105,1,20638.28,3,1,1,311,5,Potential Loyalists,Purchased
C3319,Sakshi Agarwal,Female,29,Coimbatore,Tamil Nadu,2023-08-30,4,14,463452.08,5,5,5,555,15,Champions,Purchased
C3320,Amit Srivastava,Male,43,Gwalior,Madhya Pradesh,2024-08-10,12,4,109897.81999999999,5,2,2,522,9,New Customers,Purchased
C3321,Suresh Saxena,Male,24,Lucknow,Uttar Pradesh,2025-01-25,,,,,,,,,No Purchase,No Purchase
C3322,Komal Tiwari,Female,45,Varanasi,Uttar Pradesh,2024-04-18,131,7,122663.48,2,3,2,232,7,At Risk,Purchased
C3323,Sneha Shah,Male,52,Bengaluru,Karnataka,2023-07-15,43,12,130778.09,4,5,3,453,12,Loyal Customers,Purchased
C3324,Shreya Jain,Female,22,Agra,Uttar Pradesh,2025-06-28,152,3,156030.37,2,2,3,223,7,At Risk,Purchased
C3325,Deepak Agarwal,Male,31,Aurangabad,Maharashtra,2025-10-24,131,6,173328.87,2,3,3,233,8,At Risk,Purchased
C3326,Pooja Sharma,Female,43,Gaya,Bihar,2023-07-01,168,8,240569.80000000002,2,4,4,244,10,Can't Lose Them,Purchased
C3327,Yash Tiwari,Female,21,Pune,Maharashtra,2025-02-08,85,14,265795.54,3,5,4,354,12,Loyal Customers,Purchased
C3328,Nikhil Patel,Male,49,Nashik,Maharashtra,2025-08-29,94,6,133148.74,3,3,3,333,9,Loyal Customers,Purchased
C3329,Yash Patel,Male,54,Surat,Gujarat,2023-02-23,359,3,62296.130000000005,1,2,2,122,5,Hibernating,Purchased
C3330,Shreya Shah,Female,35,Salem,Tamil Nadu,2025-01-26,25,8,48219.86,4,4,1,441,9,At Risk,Purchased
C3331,Karan Bansal,Male,18,Rajkot,Gujarat,2025-10-08,89,11,254905.29,3,4,4,344,11,Loyal Customers,Purchased
C3332,Deepak Verma,Female,42,Delhi,Delhi,2023-10-14,23,14,584104.5299999999,5,5,5,555,15,Champions,Purchased
C3333,Shreya Kapoor,Female,59,Warangal,Telangana,2023-06-01,11,9,324083.16000000003,5,4,4,544,13,Champions,Purchased
C3334,Tanya Kapoor,Male,32,Varanasi,Uttar Pradesh,2023-10-04,130,4,65931.04999999999,2,2,2,222,6,Hibernating,Purchased
C3335,Aarav Saxena,Female,58,Mangaluru,Karnataka,2025-06-08,,,,,,,,,No Purchase,No Purchase
C3336,Nikhil Sharma,Male,59,Jodhpur,Rajasthan,2024-09-02,87,3,58571.0,3,2,2,322,7,Potential Loyalists,Purchased
C3337,Sakshi Gupta,Female,31,Panipat,Haryana,2023-01-20,16,23,919226.53,5,5,5,555,15,Champions,Purchased
C3338,Nikhil Patel,Male,46,New Delhi,Delhi,2024-10-05,26,20,797016.69,4,5,5,455,14,Champions,Purchased
C3339,Akash Srivastava,Female,20,Ahmedabad,Gujarat,2025-06-11,228,3,21729.81,2,2,1,221,5,Hibernating,Purchased
C3340,Rahul Chauhan,Male,44,Varanasi,Uttar Pradesh,2023-07-22,46,9,481454.18,4,4,5,445,13,Champions,Purchased
C3341,Pooja Mehta,Male,60,Nashik,Maharashtra,2024-10-01,9,3,59295.740000000005,5,2,2,522,9,New Customers,Purchased
C3342,Vivek Verma,Male,63,Ghaziabad,Uttar Pradesh,2023-09-08,10,21,941388.84,5,5,5,555,15,Champions,Purchased
C3343,Rakesh Gupta,Male,27,Siliguri,West Bengal,2023-01-21,23,11,239778.19,5,4,4,544,13,Champions,Purchased
C3344,Aditya Joshi,Female,49,Nagpur,Maharashtra,2024-03-14,3,13,307749.64,5,5,4,554,14,Champions,Purchased
C3345,Rahul Verma,Male,21,Siliguri,West Bengal,2025-04-27,239,8,376805.89,1,4,4,144,9,Can't Lose Them,Purchased
C3346,Rohit Mehta,Male,31,Kanpur,Uttar Pradesh,2025-01-02,68,17,978329.4099999999,3,5,5,355,13,Loyal Customers,Purchased
C3347,Aditya Saxena,Male,58,Panipat,Haryana,2023-04-22,406,1,5738.1900000000005,1,1,1,111,3,Hibernating,Purchased
C3348,Priya Agarwal,Male,48,Hyderabad,Telangana,2023-07-23,93,5,49522.97,3,3,1,331,7,Potential Loyalists,Purchased
C3349,Neha Agarwal,Male,36,Prayagraj,Uttar Pradesh,2024-08-14,67,4,55567.17999999999,3,2,2,322,7,Potential Loyalists,Purchased
C3350,Aarav Sharma,Male,64,Kanpur,Uttar Pradesh,2023-12-18,133,4,372335.85,2,2,4,224,8,At Risk,Purchased
C3351,Varun Yadav,Female,54,Lucknow,Uttar Pradesh,2023-12-30,28,2,8915.8,4,1,1,411,6,New Customers,Purchased
C3352,Nikhil Malhotra,Female,19,Panipat,Haryana,2024-04-22,101,6,104641.51000000001,3,3,2,332,8,Potential Loyalists,Purchased
C3353,Sameer Agarwal,Female,21,Nashik,Maharashtra,2025-04-11,424,1,1794.28,1,1,1,111,3,Hibernating,Purchased
C3354,Varun Gupta,Male,48,Madurai,Tamil Nadu,2024-09-22,32,12,379623.29000000004,4,5,4,454,13,Champions,Purchased
C3355,Pooja Kumar,Female,60,Mangaluru,Karnataka,2025-07-23,45,14,544790.13,4,5,5,455,14,Champions,Purchased
C3356,Riya Singh,Female,25,Hyderabad,Telangana,2023-04-22,122,2,132857.09,2,1,3,213,6,At Risk,Purchased
C3357,Komal Malhotra,Female,43,Salem,Tamil Nadu,2024-05-23,47,16,896869.47,4,5,5,455,14,Champions,Purchased
C3358,Isha Joshi,Male,57,Coimbatore,Tamil Nadu,2024-08-25,,,,,,,,,No Purchase,No Purchase
C3359,Meera Shah,Male,59,Muzaffarpur,Bihar,2025-04-09,263,1,31114.679999999997,1,1,1,111,3,Hibernating,Purchased
C3360,Ayush Shah,Male,48,Agra,Uttar Pradesh,2024-07-18,18,3,6654.43,5,2,1,521,8,New Customers,Purchased
C3361,Ananya Gupta,Male,65,Hyderabad,Telangana,2025-09-30,19,6,145769.05000000002,5,3,3,533,11,Loyal Customers,Purchased
C3362,Sakshi Shah,Female,62,Noida,Uttar Pradesh,2025-07-06,1,20,349406.72000000003,5,5,4,554,14,Champions,Purchased
C3363,Kavya Singh,Male,58,Hubballi,Karnataka,2025-01-24,196,6,234429.94,2,3,3,233,8,At Risk,Purchased
C3364,Nikhil Tiwari,Male,50,Faridabad,Haryana,2024-03-11,66,16,344039.39,3,5,4,354,12,Loyal Customers,Purchased
C3365,Sneha Singh,Male,65,Jodhpur,Rajasthan,2023-12-19,,,,,,,,,No Purchase,No Purchase
C3366,Komal Jain,Male,18,Kota,Rajasthan,2024-08-07,13,7,186919.05,5,3,3,533,11,Loyal Customers,Purchased
C3367,Sakshi Sharma,Male,22,Nashik,Maharashtra,2024-05-22,636,1,26723.85,1,1,1,111,3,Hibernating,Purchased
C3368,Manish Bansal,Male,42,Mangaluru,Karnataka,2023-02-02,272,6,387210.04,1,3,4,134,8,At Risk,Purchased
C3369,Meera Gupta,Female,50,Delhi,Delhi,2023-09-09,,,,,,,,,No Purchase,No Purchase
C3370,Amit Tiwari,Male,61,Chennai,Tamil Nadu,2025-07-03,24,4,583144.25,5,2,5,525,12,New Customers,Purchased
C3371,Vivek Sharma,Female,50,Bengaluru,Karnataka,2024-05-16,32,3,52158.33000000001,4,2,2,422,8,New Customers,Purchased
C3372,Komal Saxena,Female,29,Delhi,Delhi,2025-11-05,37,12,534132.83,4,5,5,455,14,Champions,Purchased
C3373,Mohit Malhotra,Female,61,New Delhi,Delhi,2023-09-27,25,5,219616.61,4,3,3,433,10,Loyal Customers,Purchased
C3374,Karan Verma,Female,21,Thane,Maharashtra,2025-11-25,,,,,,,,,No Purchase,No Purchase
C3375,Sneha Verma,Male,22,New Delhi,Delhi,2025-06-02,25,6,253767.01,4,3,4,434,11,Loyal Customers,Purchased
C3376,Mohit Agarwal,Female,52,Lucknow,Uttar Pradesh,2024-01-28,49,11,448528.87,4,4,5,445,13,Champions,Purchased
C3377,Ayush Saxena,Female,64,Panipat,Haryana,2024-10-29,61,10,361281.61,3,4,4,344,11,Loyal Customers,Purchased
C3378,Shivam Srivastava,Male,42,Vadodara,Gujarat,2025-12-18,211,4,10013.9,2,2,1,221,5,Hibernating,Purchased
C3379,Rahul Gupta,Male,24,Prayagraj,Uttar Pradesh,2024-11-24,30,7,310805.37,4,3,4,434,11,Loyal Customers,Purchased
C3380,Kavya Agarwal,Female,20,Udaipur,Rajasthan,2025-10-17,52,18,280429.69,4,5,4,454,13,Champions,Purchased
C3381,Komal Verma,Male,65,Gurugram,Haryana,2023-05-01,260,6,101160.44,1,3,2,132,6,At Risk,Purchased
C3382,Shreya Kumar,Female,31,Aurangabad,Maharashtra,2023-06-29,123,3,204507.77999999997,2,2,3,223,7,At Risk,Purchased
C3383,Tanya Joshi,Male,48,Lucknow,Uttar Pradesh,2023-01-02,142,9,394805.27,2,4,4,244,10,Can't Lose Them,Purchased
C3384,Nisha Mishra,Male,33,Noida,Uttar Pradesh,2023-12-23,4,13,582628.28,5,5,5,555,15,Champions,Purchased
C3385,Mohit Verma,Female,28,Ghaziabad,Uttar Pradesh,2025-05-14,222,3,15933.23,2,2,1,221,5,Hibernating,Purchased
C3386,Sakshi Srivastava,Female,50,Kolkata,West Bengal,2025-11-21,188,6,268757.45,2,3,4,234,9,At Risk,Purchased
C3387,Isha Kapoor,Female,53,Gaya,Bihar,2024-08-16,227,3,77294.98,2,2,2,222,6,Hibernating,Purchased
C3388,Rohit Bansal,Female,40,Agra,Uttar Pradesh,2024-04-07,303,5,81598.04000000001,1,3,2,132,6,At Risk,Purchased
C3389,Varun Sharma,Female,42,Durgapur,West Bengal,2025-10-17,130,10,244548.96,2,4,4,244,10,Can't Lose Them,Purchased
C3390,Aarav Tiwari,Male,41,Noida,Uttar Pradesh,2024-10-06,483,4,92012.35999999999,1,2,2,122,5,Hibernating,Purchased
C3391,Ayush Mehta,Other,46,Ahmedabad,Gujarat,2024-08-11,242,2,80986.17,1,1,2,112,4,Hibernating,Purchased
C3392,Varun Shah,Male,56,Siliguri,West Bengal,2023-04-03,289,2,32443.67,1,1,1,111,3,Hibernating,Purchased
C3393,Aarav Sharma,Male,52,New Delhi,Delhi,2023-08-24,176,4,32081.489999999998,2,2,1,221,5,Hibernating,Purchased
C3394,Shivam Srivastava,Female,31,Prayagraj,Uttar Pradesh,2025-02-03,151,8,188922.07,2,4,3,243,9,At Risk,Purchased
C3395,Meera Shah,Male,29,Vadodara,Gujarat,2025-02-03,165,4,128596.61999999998,2,2,2,222,6,Hibernating,Purchased
C3396,Komal Saxena,Female,50,Patna,Bihar,2024-06-27,261,4,440525.32,1,2,5,125,8,At Risk,Purchased
C3397,Riya Malhotra,Male,48,Aurangabad,Maharashtra,2025-02-06,54,8,278239.66,4,4,4,444,12,Champions,Purchased
C3398,Tanya Bansal,Male,35,Nagpur,Maharashtra,2025-01-26,38,3,126449.39,4,2,2,422,8,New Customers,Purchased
C3399,Nikhil Malhotra,Male,58,Ghaziabad,Uttar Pradesh,2023-03-13,111,10,527239.99,3,4,5,345,12,Loyal Customers,Purchased
C3400,Meera Tiwari,Female,38,Salem,Tamil Nadu,2025-07-03,464,4,161192.74,1,2,3,123,6,At Risk,Purchased
C3401,Amit Verma,Female,34,Ahmedabad,Gujarat,2025-01-29,225,4,119935.04,2,2,2,222,6,Hibernating,Purchased
C3402,Meera Verma,Male,44,Warangal,Telangana,2023-08-21,174,4,79812.36,2,2,2,222,6,Hibernating,Purchased
C3403,Sakshi Kapoor,Male,27,Siliguri,West Bengal,2025-11-15,20,23,635854.17,5,5,5,555,15,Champions,Purchased
C3404,Simran Shah,Male,51,Faridabad,Haryana,2023-10-06,44,7,163634.03,4,3,3,433,10,Loyal Customers,Purchased
C3405,Sameer Mehta,Male,61,Hyderabad,Telangana,2023-02-05,20,12,530417.81,5,5,5,555,15,Champions,Purchased
C3406,Aarav Kapoor,Female,63,Nashik,Maharashtra,2023-02-04,7,13,202766.93,5,5,3,553,13,Loyal Customers,Purchased
C3407,Aarav Shah,Female,39,Coimbatore,Tamil Nadu,2023-09-07,14,3,22961.409999999996,5,2,1,521,8,New Customers,Purchased
C3408,Aditya Bansal,Male,30,New Delhi,Delhi,2024-11-17,71,7,77487.15000000001,3,3,2,332,8,Potential Loyalists,Purchased
C3409,Rahul Mishra,Male,40,New Delhi,Delhi,2024-05-14,245,1,1851.12,1,1,1,111,3,Hibernating,Purchased
C3410,Yash Srivastava,Female,22,Indore,Madhya Pradesh,2025-03-12,90,3,41303.18000000001,3,2,1,321,6,Potential Loyalists,Purchased
C3411,Mohit Kumar,Male,50,Kota,Rajasthan,2023-09-12,298,8,97942.16,1,4,2,142,7,At Risk,Purchased
C3412,Sakshi Joshi,Male,38,Muzaffarpur,Bihar,2023-09-10,53,7,135825.31,4,3,3,433,10,Loyal Customers,Purchased
C3413,Komal Srivastava,Female,23,Mysuru,Karnataka,2024-03-18,,,,,,,,,No Purchase,No Purchase
C3414,Isha Yadav,Male,44,Coimbatore,Tamil Nadu,2025-05-17,123,5,155575.99,2,3,3,233,8,At Risk,Purchased
C3415,Aditya Mishra,Male,52,Chennai,Tamil Nadu,2024-07-04,121,7,256529.00999999998,2,3,4,234,9,At Risk,Purchased
C3416,Pooja Mishra,Male,28,Kanpur,Uttar Pradesh,2025-04-14,,,,,,,,,No Purchase,No Purchase
C3417,Neha Mehta,Female,37,Aurangabad,Maharashtra,2023-04-13,259,5,174160.36,1,3,3,133,7,At Risk,Purchased
C3418,Kavya Jain,Male,60,Chennai,Tamil Nadu,2024-03-24,56,9,232501.93000000002,4,4,3,443,11,Loyal Customers,Purchased
C3419,Mohit Kumar,Female,52,Lucknow,Uttar Pradesh,2024-04-23,12,5,20016.1,5,3,1,531,9,Potential Loyalists,Purchased
C3420,Vikas Srivastava,Male,56,Gwalior,Madhya Pradesh,2023-03-16,411,1,210.09,1,1,1,111,3,Hibernating,Purchased
C3421,Priya Verma,Male,39,Agra,Uttar Pradesh,2023-12-11,,,,,,,,,No Purchase,No Purchase
C3422,Sanjay Shah,Female,41,Mumbai,Maharashtra,2023-11-03,102,6,191892.18000000002,3,3,3,333,9,Loyal Customers,Purchased
C3423,Rohit Mehta,Male,41,Siliguri,West Bengal,2024-05-13,123,3,112326.97,2,2,2,222,6,Hibernating,Purchased
C3424,Sneha Sharma,Male,39,Prayagraj,Uttar Pradesh,2023-07-01,225,8,70201.95,2,4,2,242,8,At Risk,Purchased
C3425,Amit Singh,Male,24,Bhopal,Madhya Pradesh,2023-10-23,92,7,254758.39,3,3,4,334,10,Loyal Customers,Purchased
C3426,Ayush Chauhan,Female,19,Siliguri,West Bengal,2025-11-15,450,1,545.5,1,1,1,111,3,Hibernating,Purchased
C3427,Suresh Malhotra,Male,57,Varanasi,Uttar Pradesh,2023-06-06,59,12,516995.69,3,5,5,355,13,Loyal Customers,Purchased
C3428,Shreya Sharma,Female,43,Udaipur,Rajasthan,2025-06-14,23,4,97273.09,5,2,2,522,9,New Customers,Purchased
C3429,Divya Bansal,Male,43,Rajkot,Gujarat,2024-08-17,79,7,118184.06999999999,3,3,2,332,8,Potential Loyalists,Purchased
C3430,Pooja Shah,Male,46,Kolkata,West Bengal,2023-03-27,489,1,2866.24,1,1,1,111,3,Hibernating,Purchased
C3431,Varun Singh,Male,37,Hyderabad,Telangana,2024-03-14,24,12,401613.83,5,5,4,554,14,Champions,Purchased
C3432,Vikas Malhotra,Male,60,Kolkata,West Bengal,2024-07-16,38,3,51446.79,4,2,2,422,8,New Customers,Purchased
C3433,Nikhil Patel,Female,40,Vadodara,Gujarat,2023-10-31,88,14,706302.74,3,5,5,355,13,Loyal Customers,Purchased
C3434,Akash Verma,Male,42,Delhi,Delhi,2023-10-20,5,5,36978.56,5,3,1,531,9,Potential Loyalists,Purchased
C3435,Isha Srivastava,Female,43,Jodhpur,Rajasthan,2025-02-18,6,35,1345106.91,5,5,5,555,15,Champions,Purchased
C3436,Ananya Yadav,Male,25,Muzaffarpur,Bihar,2023-02-05,504,4,138277.22,1,2,3,123,6,At Risk,Purchased
C3437,Arjun Yadav,Female,26,Surat,Gujarat,2025-10-13,76,3,51393.03,3,2,2,322,7,Potential Loyalists,Purchased
C3438,Aarav Yadav,Male,26,Jaipur,Rajasthan,2023-12-19,179,7,246366.64,2,3,4,234,9,At Risk,Purchased
C3439,Sneha Bansal,Female,30,Mangaluru,Karnataka,2024-02-22,675,1,49112.94,1,1,1,111,3,Hibernating,Purchased
C3440,Neha Kapoor,Male,25,Siliguri,West Bengal,2023-05-20,,,,,,,,,No Purchase,No Purchase
C3441,Sameer Tiwari,Female,28,Gaya,Bihar,2025-08-22,99,12,246887.25,3,5,4,354,12,Loyal Customers,Purchased
C3442,Vivek Verma,Female,63,Nagpur,Maharashtra,2023-09-01,28,7,161690.52,4,3,3,433,10,Loyal Customers,Purchased
C3443,Sakshi Bansal,Female,35,Aurangabad,Maharashtra,2025-05-30,64,4,38823.06,3,2,1,321,6,Potential Loyalists,Purchased
C3444,Manish Mehta,Male,56,Chennai,Tamil Nadu,2023-02-04,247,1,1491.48,1,1,1,111,3,Hibernating,Purchased
C3445,Nikhil Mishra,Female,36,Coimbatore,Tamil Nadu,2024-03-23,67,3,108310.84,3,2,2,322,7,Potential Loyalists,Purchased
C3446,Deepak Sharma,Male,57,Vadodara,Gujarat,2024-07-26,4,7,10438.19,5,3,1,531,9,Potential Loyalists,Purchased
C3447,Suresh Saxena,Male,54,Noida,Uttar Pradesh,2024-05-27,6,20,649086.65,5,5,5,555,15,Champions,Purchased
C3448,Shivam Verma,Male,58,Bengaluru,Karnataka,2025-12-16,27,6,71824.21,4,3,2,432,9,Potential Loyalists,Purchased
C3449,Aarav Joshi,Female,31,Vadodara,Gujarat,2024-07-23,23,1,25876.12,5,1,1,511,7,New Customers,Purchased
C3450,Deepak Shah,Male,22,Vadodara,Gujarat,2025-05-03,167,2,134002.34,2,1,3,213,6,At Risk,Purchased
C3451,Tanya Sharma,Female,32,Udaipur,Rajasthan,2024-02-10,54,4,146117.47,4,2,3,423,9,New Customers,Purchased
C3452,Sakshi Chauhan,Female,51,Kolkata,West Bengal,2023-06-08,92,2,67493.02,3,1,2,312,6,Potential Loyalists,Purchased
C3453,Meera Saxena,Male,49,Kota,Rajasthan,2024-06-29,,,,,,,,,No Purchase,No Purchase
C3454,Yash Patel,Male,51,Hyderabad,Telangana,2024-09-05,126,6,164698.69,2,3,3,233,8,At Risk,Purchased
C3455,Manish Malhotra,Female,65,Ahmedabad,Gujarat,2024-04-02,258,2,26743.760000000002,1,1,1,111,3,Hibernating,Purchased
C3456,Sameer Patel,Male,28,Coimbatore,Tamil Nadu,2025-04-19,72,10,129528.73,3,4,3,343,10,Loyal Customers,Purchased
C3457,Deepak Kapoor,Male,39,Ahmedabad,Gujarat,2025-11-22,40,10,198860.95,4,4,3,443,11,Loyal Customers,Purchased
C3458,Divya Kumar,Male,41,Agra,Uttar Pradesh,2023-03-30,39,6,234948.24000000002,4,3,3,433,10,Loyal Customers,Purchased
C3459,Akash Jain,Female,25,Nagpur,Maharashtra,2023-03-16,38,12,324468.42,4,5,4,454,13,Champions,Purchased
C3460,Ananya Mishra,Male,49,Coimbatore,Tamil Nadu,2023-10-27,364,1,1541.06,1,1,1,111,3,Hibernating,Purchased
C3461,Isha Patel,Male,20,Faridabad,Haryana,2024-10-03,25,11,192804.87,4,4,3,443,11,Loyal Customers,Purchased
C3462,Vikas Patel,Male,61,Kota,Rajasthan,2023-02-16,278,3,121339.87000000001,1,2,2,122,5,Hibernating,Purchased
C3463,Rohit Kumar,Male,22,Ghaziabad,Uttar Pradesh,2023-08-01,,,,,,,,,No Purchase,No Purchase
C3464,Ananya Chauhan,Female,23,Surat,Gujarat,2024-03-23,21,14,614137.57,5,5,5,555,15,Champions,Purchased
C3465,Sameer Sharma,Female,26,Aurangabad,Maharashtra,2024-02-16,60,13,437530.26,3,5,5,355,13,Loyal Customers,Purchased
C3466,Rohit Sharma,Female,60,Durgapur,West Bengal,2025-07-15,136,6,138547.66999999998,2,3,3,233,8,At Risk,Purchased
C3467,Amit Agarwal,Female,59,Warangal,Telangana,2024-08-21,55,10,241027.75,4,4,4,444,12,Champions,Purchased
C3468,Shivam Joshi,Male,62,Ahmedabad,Gujarat,2025-08-13,87,5,41331.299999999996,3,3,1,331,7,Potential Loyalists,Purchased
C3469,Vikas Gupta,Female,57,Surat,Gujarat,2025-04-11,95,2,654.8,3,1,1,311,5,Potential Loyalists,Purchased
C3470,Deepak Shah,Female,62,New Delhi,Delhi,2024-03-29,113,6,49187.22,3,3,1,331,7,Potential Loyalists,Purchased
C3471,Ankit Kapoor,Female,40,Bengaluru,Karnataka,2025-12-06,14,9,311257.13,5,4,4,544,13,Champions,Purchased
C3472,Shivam Singh,Female,18,Gurugram,Haryana,2025-07-12,5,3,85201.23,5,2,2,522,9,New Customers,Purchased
C3473,Simran Chauhan,Male,39,Siliguri,West Bengal,2024-06-24,124,4,76547.0,2,2,2,222,6,Hibernating,Purchased
C3474,Sakshi Mishra,Female,28,Coimbatore,Tamil Nadu,2025-07-20,83,9,151248.95,3,4,3,343,10,Loyal Customers,Purchased
C3475,Shivam Joshi,Male,29,Delhi,Delhi,2023-10-09,15,9,188394.45,5,4,3,543,12,Loyal Customers,Purchased
C3476,Komal Kumar,Female,51,Varanasi,Uttar Pradesh,2023-08-16,,,,,,,,,No Purchase,No Purchase
C3477,Rahul Kapoor,Male,26,Noida,Uttar Pradesh,2025-05-16,104,5,121113.64000000001,3,3,2,332,8,Potential Loyalists,Purchased
C3478,Meera Saxena,Female,33,Aurangabad,Maharashtra,2025-05-14,10,12,241924.91999999998,5,5,4,554,14,Champions,Purchased
C3479,Akash Kumar,Female,36,New Delhi,Delhi,2023-08-31,51,4,41829.89,4,2,1,421,7,New Customers,Purchased
C3480,Vikas Kumar,Female,20,Bhopal,Madhya Pradesh,2025-04-05,286,1,3356.28,1,1,1,111,3,Hibernating,Purchased
C3481,Nikhil Yadav,Male,51,Salem,Tamil Nadu,2024-07-10,237,1,142.49,2,1,1,211,4,Hibernating,Purchased
C3482,Shreya Sharma,Female,54,Nashik,Maharashtra,2024-09-03,518,2,57332.26,1,1,2,112,4,Hibernating,Purchased
C3483,Mohit Chauhan,Female,44,Noida,Uttar Pradesh,2025-07-16,72,14,846599.5,3,5,5,355,13,Loyal Customers,Purchased
C3484,Mohit Mehta,Female,19,New Delhi,Delhi,2023-06-25,56,6,307513.83,4,3,4,434,11,Loyal Customers,Purchased
C3485,Aditya Joshi,Female,55,Hyderabad,Telangana,2024-03-18,232,1,924.2099999999999,2,1,1,211,4,Hibernating,Purchased
C3486,Varun Chauhan,Female,39,New Delhi,Delhi,2023-11-14,,,,,,,,,No Purchase,No Purchase
C3487,Sameer Saxena,Female,30,Kolkata,West Bengal,2024-09-01,5,21,1135188.0,5,5,5,555,15,Champions,Purchased
C3488,Rahul Saxena,Male,63,Warangal,Telangana,2023-06-22,551,1,16011.05,1,1,1,111,3,Hibernating,Purchased
C3489,Sanjay Mishra,Male,59,Noida,Uttar Pradesh,2023-05-11,180,7,73021.91,2,3,2,232,7,At Risk,Purchased
C3490,Rohit Mishra,Female,39,Ahmedabad,Gujarat,2025-02-01,6,6,202430.18000000002,5,3,3,533,11,Loyal Customers,Purchased
C3491,Neha Yadav,Female,39,Gaya,Bihar,2023-03-03,61,7,372210.61,3,3,4,334,10,Loyal Customers,Purchased
C3492,Priya Mishra,Male,61,Bengaluru,Karnataka,2024-04-01,37,7,297281.14,4,3,4,434,11,Loyal Customers,Purchased
C3493,Sanjay Agarwal,Male,27,Lucknow,Uttar Pradesh,2025-12-15,251,4,19040.35,1,2,1,121,4,Hibernating,Purchased
C3494,Priya Kumar,Male,37,Gwalior,Madhya Pradesh,2025-12-29,153,4,334008.13,2,2,4,224,8,At Risk,Purchased
C3495,Neha Agarwal,Female,45,Faridabad,Haryana,2023-07-15,58,6,154290.35,3,3,3,333,9,Loyal Customers,Purchased
C3496,Tanya Jain,Female,34,Salem,Tamil Nadu,2025-10-12,34,10,503864.05000000005,4,4,5,445,13,Champions,Purchased
C3497,Aarav Mishra,Female,33,Coimbatore,Tamil Nadu,2024-01-03,116,4,130257.09000000001,2,2,3,223,7,At Risk,Purchased
C3498,Suresh Gupta,Male,23,Nashik,Maharashtra,2023-08-06,86,1,2521.62,3,1,1,311,5,Potential Loyalists,Purchased
C3499,Ayush Agarwal,Male,30,Hyderabad,Telangana,2024-07-06,328,1,1088.62,1,1,1,111,3,Hibernating,Purchased
C3500,Mohit Patel,Female,35,Coimbatore,Tamil Nadu,2024-06-18,54,7,257359.35,4,3,4,434,11,Loyal Customers,Purchased
C3501,Aditi Kapoor,Male,58,Lucknow,Uttar Pradesh,2024-02-15,477,1,5101.08,1,1,1,111,3,Hibernating,Purchased
C3502,Divya Kapoor,Male,34,Kota,Rajasthan,2024-04-12,10,8,39397.36000000001,5,4,1,541,10,At Risk,Purchased
C3503,Rohit Verma,Male,25,Patna,Bihar,2023-04-17,8,12,182635.19999999998,5,5,3,553,13,Loyal Customers,Purchased
C3504,Pooja Sharma,Female,58,Hyderabad,Telangana,2023-10-16,7,7,112219.06,5,3,2,532,10,Potential Loyalists,Purchased
C3505,Sneha Mishra,Female,34,Nagpur,Maharashtra,2023-08-04,97,2,65352.86,3,1,2,312,6,Potential Loyalists,Purchased
C3506,Neha Gupta,Male,62,Agra,Uttar Pradesh,2025-10-17,5,2,70095.72,5,1,2,512,8,New Customers,Purchased
C3507,Mohit Agarwal,Male,23,Indore,Madhya Pradesh,2024-06-24,502,5,187220.51,1,3,3,133,7,At Risk,Purchased
C3508,Divya Chauhan,Female,19,Bhopal,Madhya Pradesh,2024-08-21,210,4,97405.28999999998,2,2,2,222,6,Hibernating,Purchased
C3509,Kavya Gupta,Male,62,Coimbatore,Tamil Nadu,2024-04-25,22,2,103086.47,5,1,2,512,8,New Customers,Purchased
C3510,Riya Mishra,Male,22,Kota,Rajasthan,2025-08-26,65,2,72415.2,3,1,2,312,6,Potential Loyalists,Purchased
C3511,Pooja Kapoor,Male,18,Mangaluru,Karnataka,2025-05-24,106,11,434746.57,3,4,5,345,12,Loyal Customers,Purchased
C3512,Amit Shah,Male,48,Hubballi,Karnataka,2025-01-25,6,11,434023.22,5,4,5,545,14,Champions,Purchased
C3513,Aarav Sharma,Female,33,Ghaziabad,Uttar Pradesh,2023-12-08,460,2,72360.08,1,1,2,112,4,Hibernating,Purchased
C3514,Amit Gupta,Female,41,Varanasi,Uttar Pradesh,2023-12-04,275,7,97389.16,1,3,2,132,6,At Risk,Purchased
C3515,Meera Tiwari,Male,37,Thane,Maharashtra,2025-10-26,,,,,,,,,No Purchase,No Purchase
C3516,Rakesh Kumar,Female,32,Hyderabad,Telangana,2025-10-15,421,3,58759.21,1,2,2,122,5,Hibernating,Purchased
C3517,Aditya Joshi,Male,41,Ghaziabad,Uttar Pradesh,2023-11-06,489,1,1557.56,1,1,1,111,3,Hibernating,Purchased
C3518,Rohit Bansal,Female,30,Nagpur,Maharashtra,2024-01-04,37,17,591100.53,4,5,5,455,14,Champions,Purchased
C3519,Priya Yadav,Male,28,Madurai,Tamil Nadu,2023-12-29,93,9,172712.42,3,4,3,343,10,Loyal Customers,Purchased
C3520,Riya Kapoor,Male,28,Pune,Maharashtra,2025-05-08,45,12,604144.1799999999,4,5,5,455,14,Champions,Purchased
C3521,Shreya Gupta,Female,23,Mumbai,Maharashtra,2025-11-05,399,3,124552.20000000001,1,2,2,122,5,Hibernating,Purchased
C3522,Komal Yadav,Female,43,Rajkot,Gujarat,2025-08-29,302,1,37165.42,1,1,1,111,3,Hibernating,Purchased
C3523,Vivek Mishra,Female,44,New Delhi,Delhi,2025-07-09,25,15,619466.12,4,5,5,455,14,Champions,Purchased
C3524,Akash Chauhan,Female,18,Ahmedabad,Gujarat,2024-01-17,498,2,35901.09,1,1,1,111,3,Hibernating,Purchased
C3525,Sakshi Verma,Female,40,Bhopal,Madhya Pradesh,2023-12-14,148,4,94670.9,2,2,2,222,6,Hibernating,Purchased
C3526,Aarav Kumar,Female,53,Noida,Uttar Pradesh,2025-08-31,108,7,141105.69,3,3,3,333,9,Loyal Customers,Purchased
C3527,Ayush Tiwari,Male,18,Bhopal,Madhya Pradesh,2024-03-08,237,1,160645.68,2,1,3,213,6,At Risk,Purchased
C3528,Deepak Gupta,Male,32,Gwalior,Madhya Pradesh,2023-08-24,,,,,,,,,No Purchase,No Purchase
C3529,Yash Srivastava,Female,64,Warangal,Telangana,2025-07-11,110,7,132704.87,3,3,3,333,9,Loyal Customers,Purchased
C3530,Divya Malhotra,Female,38,Surat,Gujarat,2024-06-09,2,10,736270.6,5,4,5,545,14,Champions,Purchased
C3531,Riya Mehta,Female,18,Surat,Gujarat,2023-04-05,26,15,555874.18,4,5,5,455,14,Champions,Purchased
C3532,Manish Bansal,Male,43,Rajkot,Gujarat,2025-09-08,312,4,53876.31999999999,1,2,2,122,5,Hibernating,Purchased
C3533,Simran Kapoor,Male,37,Jaipur,Rajasthan,2023-11-19,2,12,449712.15,5,5,5,555,15,Champions,Purchased
C3534,Rakesh Kumar,Male,28,Noida,Uttar Pradesh,2023-12-05,,,,,,,,,No Purchase,No Purchase
C3535,Shivam Chauhan,Female,21,Patna,Bihar,2024-08-05,81,7,210980.95,3,3,3,333,9,Loyal Customers,Purchased
C3536,Riya Tiwari,Male,60,Rajkot,Gujarat,2023-10-23,577,2,144457.15,1,1,3,113,5,At Risk,Purchased
C3537,Meera Srivastava,Female,57,Hyderabad,Telangana,2025-06-26,481,5,289079.44,1,3,4,134,8,At Risk,Purchased
C3538,Komal Joshi,Male,50,New Delhi,Delhi,2025-01-27,290,2,38170.4,1,1,1,111,3,Hibernating,Purchased
C3539,Sneha Shah,Male,18,Lucknow,Uttar Pradesh,2024-09-10,509,3,33095.28,1,2,1,121,4,Hibernating,Purchased
C3540,Manish Shah,Female,59,Chennai,Tamil Nadu,2023-08-08,122,4,104155.18000000002,2,2,2,222,6,Hibernating,Purchased
C3541,Tanya Sharma,Male,40,Salem,Tamil Nadu,2024-06-20,93,1,31409.52,3,1,1,311,5,Potential Loyalists,Purchased
C3542,Divya Patel,Female,40,Mysuru,Karnataka,2023-10-26,76,12,168071.31,3,5,3,353,11,Loyal Customers,Purchased
C3543,Meera Joshi,Male,60,New Delhi,Delhi,2025-11-19,3,30,897845.2000000001,5,5,5,555,15,Champions,Purchased
C3544,Mohit Malhotra,Female,38,Pune,Maharashtra,2025-05-17,,,,,,,,,No Purchase,No Purchase
C3545,Ananya Mishra,Female,29,Madurai,Tamil Nadu,2023-05-08,14,3,91454.57,5,2,2,522,9,New Customers,Purchased
C3546,Shreya Patel,Female,29,Delhi,Delhi,2024-08-01,8,6,190777.71,5,3,3,533,11,Loyal Customers,Purchased
C3547,Sneha Joshi,Male,62,Muzaffarpur,Bihar,2025-05-04,605,3,304760.43,1,2,4,124,7,At Risk,Purchased
C3548,Meera Jain,Male,44,Mumbai,Maharashtra,2024-07-27,133,2,85003.99,2,1,2,212,5,Hibernating,Purchased
C3549,Tanya Chauhan,Female,45,New Delhi,Delhi,2023-05-20,569,1,140102.44,1,1,3,113,5,At Risk,Purchased
C3550,Aditi Kapoor,Female,46,New Delhi,Delhi,2023-06-03,,,,,,,,,No Purchase,No Purchase
C3551,Priya Sharma,Female,28,Coimbatore,Tamil Nadu,2025-03-13,546,1,30441.15,1,1,1,111,3,Hibernating,Purchased
C3552,Sanjay Sharma,Female,38,Madurai,Tamil Nadu,2024-07-27,,,,,,,,,No Purchase,No Purchase
C3553,Manish Malhotra,Female,63,Udaipur,Rajasthan,2024-08-17,51,14,266587.93,4,5,4,454,13,Champions,Purchased
C3554,Vivek Jain,Female,24,Patna,Bihar,2023-10-23,59,9,185267.52,3,4,3,343,10,Loyal Customers,Purchased
C3555,Vivek Saxena,Female,63,Nashik,Maharashtra,2023-10-17,20,25,1430195.29,5,5,5,555,15,Champions,Purchased
C3556,Nisha Gupta,Female,31,Udaipur,Rajasthan,2024-03-21,2,7,102551.45999999999,5,3,2,532,10,Potential Loyalists,Purchased
C3557,Shivam Sharma,Female,32,Lucknow,Uttar Pradesh,2024-08-17,200,1,39159.96,2,1,1,211,4,Hibernating,Purchased
C3558,Simran Agarwal,Female,18,Thane,Maharashtra,2024-05-28,66,10,299565.42,3,4,4,344,11,Loyal Customers,Purchased
C3559,Varun Kapoor,Female,49,Mysuru,Karnataka,2025-08-20,9,10,211583.69,5,4,3,543,12,Loyal Customers,Purchased
C3560,Pooja Chauhan,Male,33,Noida,Uttar Pradesh,2023-07-26,77,5,200698.13999999998,3,3,3,333,9,Loyal Customers,Purchased
C3561,Vikas Srivastava,Male,40,Surat,Gujarat,2024-06-01,42,9,205258.12,4,4,3,443,11,Loyal Customers,Purchased
C3562,Amit Patel,Female,45,Kota,Rajasthan,2023-09-15,44,7,119173.42,4,3,2,432,9,Potential Loyalists,Purchased
C3563,Tanya Saxena,Female,48,Durgapur,West Bengal,2023-01-08,27,3,85556.75,4,2,2,422,8,New Customers,Purchased
C3564,Pooja Singh,Male,63,Coimbatore,Tamil Nadu,2024-03-30,27,14,445379.58,4,5,5,455,14,Champions,Purchased
C3565,Kavya Mehta,Female,44,Rajkot,Gujarat,2023-03-03,345,4,97942.92,1,2,2,122,5,Hibernating,Purchased
C3566,Sanjay Tiwari,Female,26,Mysuru,Karnataka,2024-02-12,2,7,492301.73,5,3,5,535,13,Loyal Customers,Purchased
C3567,Amit Agarwal,Female,51,Agra,Uttar Pradesh,2024-11-23,97,9,265630.06,3,4,4,344,11,Loyal Customers,Purchased
C3568,Karan Chauhan,Female,20,Noida,Uttar Pradesh,2024-02-16,379,2,36069.4,1,1,1,111,3,Hibernating,Purchased
C3569,Ayush Verma,Male,58,Kota,Rajasthan,2025-01-12,51,14,630607.39,4,5,5,455,14,Champions,Purchased
C3570,Kavya Kumar,Male,32,Muzaffarpur,Bihar,2023-11-19,88,6,61629.71,3,3,2,332,8,Potential Loyalists,Purchased
C3571,Sanjay Shah,Male,52,Lucknow,Uttar Pradesh,2024-03-15,42,3,51709.009999999995,4,2,2,422,8,New Customers,Purchased
C3572,Rohit Tiwari,Female,25,Madurai,Tamil Nadu,2025-08-16,445,2,91154.85,1,1,2,112,4,Hibernating,Purchased
C3573,Nisha Mishra,Male,37,Durgapur,West Bengal,2023-09-23,34,24,609282.38,4,5,5,455,14,Champions,Purchased
C3574,Neha Saxena,Female,51,Warangal,Telangana,2024-07-02,8,5,260595.3,5,3,4,534,12,Loyal Customers,Purchased
C3575,Riya Gupta,Female,47,Chennai,Tamil Nadu,2025-02-22,276,4,49124.14,1,2,1,121,4,Hibernating,Purchased
C3576,Shreya Kapoor,Female,18,Rajkot,Gujarat,2024-02-01,29,8,131391.7,4,4,3,443,11,Loyal Customers,Purchased
C3577,Isha Mehta,Female,19,Jodhpur,Rajasthan,2023-11-30,137,6,208894.27000000002,2,3,3,233,8,At Risk,Purchased
C3578,Rohit Gupta,Female,65,Faridabad,Haryana,2025-02-03,253,4,159176.03,1,2,3,123,6,At Risk,Purchased
C3579,Aarav Kapoor,Female,43,Kanpur,Uttar Pradesh,2023-03-23,192,1,1664.3999999999999,2,1,1,211,4,Hibernating,Purchased
C3580,Sameer Kapoor,Male,59,Gwalior,Madhya Pradesh,2023-10-18,26,12,440265.36,4,5,5,455,14,Champions,Purchased
C3581,Neha Shah,Male,21,Agra,Uttar Pradesh,2024-03-24,121,4,81583.70999999999,2,2,2,222,6,Hibernating,Purchased
C3582,Aditya Verma,Female,41,Warangal,Telangana,2023-08-27,388,2,101542.79000000001,1,1,2,112,4,Hibernating,Purchased
C3583,Shivam Kumar,Male,45,Ghaziabad,Uttar Pradesh,2024-08-13,176,4,4826.04,2,2,1,221,5,Hibernating,Purchased
C3584,Akash Chauhan,Female,62,Aurangabad,Maharashtra,2024-11-09,18,11,502937.22,5,4,5,545,14,Champions,Purchased
C3585,Arjun Malhotra,Male,52,Prayagraj,Uttar Pradesh,2025-11-23,19,3,12314.87,5,2,1,521,8,New Customers,Purchased
C3586,Rahul Saxena,Female,48,Hubballi,Karnataka,2024-10-20,66,8,127067.48000000001,3,4,2,342,9,At Risk,Purchased
C3587,Riya Malhotra,Male,32,Delhi,Delhi,2024-10-10,16,13,595608.28,5,5,5,555,15,Champions,Purchased
C3588,Simran Saxena,Female,65,Aurangabad,Maharashtra,2025-03-05,34,2,2764.63,4,1,1,411,6,New Customers,Purchased
C3589,Sneha Gupta,Male,33,Mangaluru,Karnataka,2023-08-17,18,5,126860.53000000001,5,3,2,532,10,Potential Loyalists,Purchased
C3590,Ayush Patel,Female,31,Bengaluru,Karnataka,2024-05-30,94,3,7210.32,3,2,1,321,6,Potential Loyalists,Purchased
C3591,Shivam Malhotra,Male,52,Kolkata,West Bengal,2025-06-30,117,3,161309.71,2,2,3,223,7,At Risk,Purchased
C3592,Vikas Kumar,Female,65,Panipat,Haryana,2023-07-12,21,20,475601.94999999995,5,5,5,555,15,Champions,Purchased
C3593,Ayush Kumar,Male,59,Jodhpur,Rajasthan,2023-11-16,236,2,58507.6,2,1,2,212,5,Hibernating,Purchased
C3594,Riya Joshi,Female,26,Prayagraj,Uttar Pradesh,2023-08-29,112,2,26330.22,3,1,1,311,5,Potential Loyalists,Purchased
C3595,Ananya Srivastava,Female,57,Delhi,Delhi,2025-11-16,155,10,248574.93000000002,2,4,4,244,10,Can't Lose Them,Purchased
C3596,Manish Malhotra,Female,34,Bhopal,Madhya Pradesh,2024-01-23,81,13,445249.01,3,5,5,355,13,Loyal Customers,Purchased
C3597,Varun Sharma,Female,28,Prayagraj,Uttar Pradesh,2023-12-23,346,4,168854.1,1,2,3,123,6,At Risk,Purchased
C3598,Ankit Chauhan,Female,62,Mysuru,Karnataka,2025-06-11,1,21,523772.08,5,5,5,555,15,Champions,Purchased
C3599,Tanya Kumar,Female,63,Bhopal,Madhya Pradesh,2025-09-22,291,1,501.58,1,1,1,111,3,Hibernating,Purchased
C3600,Neha Verma,Male,35,Muzaffarpur,Bihar,2023-01-06,118,6,248713.53999999998,2,3,4,234,9,At Risk,Purchased
C3601,Pooja Chauhan,Female,19,Hubballi,Karnataka,2025-08-20,48,21,995026.89,4,5,5,455,14,Champions,Purchased
C3602,Varun Bansal,Male,28,Jaipur,Rajasthan,2025-02-13,190,5,87059.7,2,3,2,232,7,At Risk,Purchased
C3603,Nikhil Tiwari,Female,43,Hubballi,Karnataka,2025-08-04,15,14,719234.44,5,5,5,555,15,Champions,Purchased
C3604,Rakesh Saxena,Male,20,Siliguri,West Bengal,2023-04-05,424,1,484.9,1,1,1,111,3,Hibernating,Purchased
C3605,Vivek Malhotra,Male,28,Prayagraj,Uttar Pradesh,2023-02-13,252,4,131005.12000000001,1,2,3,123,6,At Risk,Purchased
C3606,Amit Yadav,Female,25,Agra,Uttar Pradesh,2024-01-03,59,13,366857.95999999996,3,5,4,354,12,Loyal Customers,Purchased
C3607,Varun Mishra,Male,63,Vadodara,Gujarat,2025-07-19,106,3,52360.42,3,2,2,322,7,Potential Loyalists,Purchased
C3608,Ayush Tiwari,Male,35,Mumbai,Maharashtra,2024-06-29,32,8,601004.35,4,4,5,445,13,Champions,Purchased
C3609,Priya Srivastava,Male,36,Jodhpur,Rajasthan,2025-02-28,247,9,188190.66,1,4,3,143,8,At Risk,Purchased
C3610,Kavya Agarwal,Female,38,Delhi,Delhi,2023-09-26,44,6,331420.48,4,3,4,434,11,Loyal Customers,Purchased
C3611,Meera Agarwal,Male,18,Panipat,Haryana,2024-01-02,252,1,448.57,1,1,1,111,3,Hibernating,Purchased
C3612,Nisha Yadav,Male,44,Hyderabad,Telangana,2025-08-19,13,7,224817.07,5,3,3,533,11,Loyal Customers,Purchased
C3613,Vivek Mishra,Other,61,Chennai,Tamil Nadu,2024-06-20,83,9,263480.97,3,4,4,344,11,Loyal Customers,Purchased
C3614,Nisha Srivastava,Female,57,Durgapur,West Bengal,2025-05-03,,,,,,,,,No Purchase,No Purchase
C3615,Nisha Sharma,Male,30,Nagpur,Maharashtra,2024-12-01,72,2,105413.58,3,1,2,312,6,Potential Loyalists,Purchased
C3616,Aarav Jain,Female,18,Salem,Tamil Nadu,2023-07-12,501,2,173022.97,1,1,3,113,5,At Risk,Purchased
C3617,Sanjay Tiwari,Male,55,Mumbai,Maharashtra,2025-10-30,99,1,16867.96,3,1,1,311,5,Potential Loyalists,Purchased
C3618,Arjun Shah,Female,58,Faridabad,Haryana,2025-11-02,217,11,345782.3,2,4,4,244,10,Can't Lose Them,Purchased
C3619,Kavya Patel,Male,62,Hyderabad,Telangana,2025-05-04,130,6,451409.33999999997,2,3,5,235,10,At Risk,Purchased
C3620,Nisha Mishra,Male,45,Gwalior,Madhya Pradesh,2024-05-29,22,12,237730.97999999998,5,5,3,553,13,Loyal Customers,Purchased
C3621,Aarav Singh,Male,40,Panipat,Haryana,2024-04-14,158,3,122777.48000000001,2,2,2,222,6,Hibernating,Purchased
C3622,Rahul Verma,Female,54,Patna,Bihar,2023-11-23,166,4,35371.149999999994,2,2,1,221,5,Hibernating,Purchased
C3623,Meera Singh,Male,51,Pune,Maharashtra,2024-12-07,50,12,342356.05,4,5,4,454,13,Champions,Purchased
C3624,Aditi Kumar,Female,54,Gwalior,Madhya Pradesh,2023-12-06,126,2,61666.45999999999,2,1,2,212,5,Hibernating,Purchased
C3625,Neha Gupta,Female,31,Ahmedabad,Gujarat,2023-07-23,562,1,1063.13,1,1,1,111,3,Hibernating,Purchased
C3626,Isha Mishra,Female,61,Hubballi,Karnataka,2023-03-08,110,4,92237.45999999999,3,2,2,322,7,Potential Loyalists,Purchased
C3627,Kavya Sharma,Female,19,Rajkot,Gujarat,2024-04-09,175,8,354557.45999999996,2,4,4,244,10,Can't Lose Them,Purchased
C3628,Ananya Chauhan,Male,22,New Delhi,Delhi,2025-06-11,125,3,5251.08,2,2,1,221,5,Hibernating,Purchased
C3629,Shivam Kumar,Male,49,Mumbai,Maharashtra,2025-05-16,63,6,65794.01000000001,3,3,2,332,8,Potential Loyalists,Purchased
C3630,Kavya Agarwal,Male,45,Thane,Maharashtra,2025-07-19,44,6,145353.74,4,3,3,433,10,Loyal Customers,Purchased
C3631,Rakesh Srivastava,Female,44,Noida,Uttar Pradesh,2024-10-26,68,8,446348.93000000005,3,4,5,345,12,Loyal Customers,Purchased
C3632,Varun Kumar,Male,61,Madurai,Tamil Nadu,2025-08-08,25,7,433403.11,4,3,5,435,12,Loyal Customers,Purchased
C3633,Priya Patel,Female,59,Gurugram,Haryana,2025-05-07,49,7,242318.89,4,3,4,434,11,Loyal Customers,Purchased
C3634,Sanjay Saxena,Female,52,Vadodara,Gujarat,2025-06-02,22,15,525589.0499999999,5,5,5,555,15,Champions,Purchased
C3635,Manish Mehta,Female,25,Coimbatore,Tamil Nadu,2024-07-12,2,4,53862.14,5,2,2,522,9,New Customers,Purchased
C3636,Karan Verma,Female,22,Mangaluru,Karnataka,2023-04-04,206,3,91435.01000000001,2,2,2,222,6,Hibernating,Purchased
C3637,Manish Kapoor,Male,24,Hubballi,Karnataka,2024-02-21,70,16,358104.78,3,5,4,354,12,Loyal Customers,Purchased
C3638,Nisha Malhotra,Male,47,Nagpur,Maharashtra,2025-07-16,47,31,1146919.14,4,5,5,455,14,Champions,Purchased
C3639,Shreya Agarwal,Female,52,Warangal,Telangana,2025-03-24,66,8,77460.58,3,4,2,342,9,At Risk,Purchased
C3640,Tanya Sharma,Male,56,Nashik,Maharashtra,2023-01-14,,,,,,,,,No Purchase,No Purchase
C3641,Simran Sharma,Female,22,Durgapur,West Bengal,2023-04-13,20,6,143816.62,5,3,3,533,11,Loyal Customers,Purchased
C3642,Neha Saxena,Female,31,Kolkata,West Bengal,2024-12-22,214,8,149626.55000000002,2,4,3,243,9,At Risk,Purchased
C3643,Shreya Mishra,Male,34,Ahmedabad,Gujarat,2025-12-07,8,14,192309.43000000002,5,5,3,553,13,Loyal Customers,Purchased
C3644,Simran Kumar,Male,48,Faridabad,Haryana,2025-03-11,256,9,112752.20000000001,1,4,2,142,7,At Risk,Purchased
C3645,Shivam Shah,Male,20,Delhi,Delhi,2025-11-04,214,6,252966.97,2,3,4,234,9,At Risk,Purchased
C3646,Divya Tiwari,Male,58,Panipat,Haryana,2023-03-14,16,8,303247.41000000003,5,4,4,544,13,Champions,Purchased
C3647,Varun Sharma,Female,21,Kolkata,West Bengal,2025-08-22,27,3,152518.5,4,2,3,423,9,New Customers,Purchased
C3648,Amit Singh,Female,43,Hyderabad,Telangana,2023-05-21,89,22,495728.58,3,5,5,355,13,Loyal Customers,Purchased
C3649,Nikhil Jain,Male,62,Udaipur,Rajasthan,2025-08-26,31,6,283558.71,4,3,4,434,11,Loyal Customers,Purchased
C3650,Sneha Malhotra,Female,27,Faridabad,Haryana,2025-12-02,8,9,698691.49,5,4,5,545,14,Champions,Purchased
C3651,Aarav Patel,Male,50,Gaya,Bihar,2024-07-13,37,9,133714.87000000002,4,4,3,443,11,Loyal Customers,Purchased
C3652,Vikas Srivastava,Other,44,Bengaluru,Karnataka,2024-08-06,24,27,698027.6699999999,5,5,5,555,15,Champions,Purchased
C3653,Kavya Sharma,Female,57,Warangal,Telangana,2024-06-29,91,1,18676.370000000003,3,1,1,311,5,Potential Loyalists,Purchased
C3654,Ayush Mishra,Male,46,Durgapur,West Bengal,2024-08-28,,,,,,,,,No Purchase,No Purchase
C3655,Nisha Agarwal,Female,58,Mangaluru,Karnataka,2025-06-16,13,8,189643.02,5,4,3,543,12,Loyal Customers,Purchased
C3656,Amit Mishra,Female,37,Bhopal,Madhya Pradesh,2023-11-05,26,18,500178.98,4,5,5,455,14,Champions,Purchased
C3657,Kavya Patel,Male,25,Mysuru,Karnataka,2023-11-07,111,4,82988.34,3,2,2,322,7,Potential Loyalists,Purchased
C3658,Amit Bansal,Male,50,Surat,Gujarat,2025-11-26,86,16,549256.2,3,5,5,355,13,Loyal Customers,Purchased
C3659,Nikhil Mishra,Female,64,Noida,Uttar Pradesh,2025-07-19,246,2,145575.95,1,1,3,113,5,At Risk,Purchased
C3660,Rakesh Kapoor,Male,38,Pune,Maharashtra,2024-08-14,280,2,9375.74,1,1,1,111,3,Hibernating,Purchased
C3661,Arjun Kumar,Male,57,Faridabad,Haryana,2023-08-08,375,2,54919.75,1,1,2,112,4,Hibernating,Purchased
C3662,Aarav Mehta,Male,60,Mysuru,Karnataka,2025-11-12,11,26,671429.5,5,5,5,555,15,Champions,Purchased
C3663,Mohit Agarwal,Female,48,Bengaluru,Karnataka,2025-08-20,315,2,101009.1,1,1,2,112,4,Hibernating,Purchased
C3664,Rahul Shah,Male,55,Aurangabad,Maharashtra,2023-12-26,306,1,27524.6,1,1,1,111,3,Hibernating,Purchased
C3665,Aarav Kumar,Female,45,Coimbatore,Tamil Nadu,2024-08-15,38,4,106288.16,4,2,2,422,8,New Customers,Purchased
C3666,Vikas Chauhan,Male,56,Warangal,Telangana,2024-04-04,155,7,308920.25,2,3,4,234,9,At Risk,Purchased
C3667,Yash Tiwari,Male,34,Faridabad,Haryana,2025-07-12,53,6,133078.25,4,3,3,433,10,Loyal Customers,Purchased
C3668,Pooja Saxena,Female,43,Agra,Uttar Pradesh,2025-01-22,,,,,,,,,No Purchase,No Purchase
C3669,Simran Srivastava,Male,21,Rajkot,Gujarat,2024-06-23,9,8,113774.57,5,4,2,542,11,At Risk,Purchased
C3670,Arjun Kumar,Female,27,Mangaluru,Karnataka,2025-11-25,464,3,213832.14,1,2,3,123,6,At Risk,Purchased
C3671,Nikhil Shah,Male,45,Rajkot,Gujarat,2024-10-28,350,1,514.4200000000001,1,1,1,111,3,Hibernating,Purchased
C3672,Tanya Mishra,Female,52,Mysuru,Karnataka,2024-06-14,141,3,260744.28,2,2,4,224,8,At Risk,Purchased
C3673,Yash Srivastava,Male,19,Mysuru,Karnataka,2025-10-11,196,9,220471.46000000002,2,4,3,243,9,At Risk,Purchased
C3674,Tanya Gupta,Female,21,Mysuru,Karnataka,2024-05-07,126,14,575922.59,2,5,5,255,12,Can't Lose Them,Purchased
C3675,Isha Verma,Male,18,Vadodara,Gujarat,2024-04-02,237,5,58325.780000000006,2,3,2,232,7,At Risk,Purchased
C3676,Suresh Malhotra,Female,42,Coimbatore,Tamil Nadu,2024-03-01,,,,,,,,,No Purchase,No Purchase
C3677,Nikhil Singh,Male,34,Mysuru,Karnataka,2023-08-30,38,6,165263.88999999998,4,3,3,433,10,Loyal Customers,Purchased
C3678,Rahul Kapoor,Male,20,Hyderabad,Telangana,2023-11-02,17,3,24049.729999999996,5,2,1,521,8,New Customers,Purchased
C3679,Pooja Yadav,Female,56,Siliguri,West Bengal,2023-04-10,172,8,533028.56,2,4,5,245,11,Can't Lose Them,Purchased
C3680,Sakshi Malhotra,Male,43,Delhi,Delhi,2025-03-08,15,16,750250.94,5,5,5,555,15,Champions,Purchased
C3681,Sakshi Srivastava,Male,18,Warangal,Telangana,2024-10-08,12,7,369886.6,5,3,4,534,12,Loyal Customers,Purchased
C3682,Manish Joshi,Female,50,Panipat,Haryana,2025-10-18,,,,,,,,,No Purchase,No Purchase
C3683,Ankit Verma,Female,61,Ghaziabad,Uttar Pradesh,2024-10-31,136,4,76975.72,2,2,2,222,6,Hibernating,Purchased
C3684,Kavya Sharma,Female,38,Rajkot,Gujarat,2023-03-30,454,1,6660.4,1,1,1,111,3,Hibernating,Purchased
C3685,Mohit Sharma,Female,63,Mumbai,Maharashtra,2024-11-10,206,3,5142.4800000000005,2,2,1,221,5,Hibernating,Purchased
C3686,Suresh Singh,Male,38,Durgapur,West Bengal,2023-07-11,58,7,171296.61000000002,3,3,3,333,9,Loyal Customers,Purchased
C3687,Shreya Mehta,Male,21,Nagpur,Maharashtra,2023-02-10,25,9,389896.88,4,4,4,444,12,Champions,Purchased
C3688,Aditya Mishra,Female,23,Jodhpur,Rajasthan,2024-12-26,6,44,1537154.6,5,5,5,555,15,Champions,Purchased
C3689,Meera Verma,Male,21,Nagpur,Maharashtra,2023-01-31,62,12,232960.97,3,5,3,353,11,Loyal Customers,Purchased
C3690,Riya Verma,Male,32,Coimbatore,Tamil Nadu,2024-03-23,,,,,,,,,No Purchase,No Purchase
C3691,Ananya Tiwari,Male,36,Gwalior,Madhya Pradesh,2025-09-07,,,,,,,,,No Purchase,No Purchase
C3692,Shreya Kumar,Male,39,Delhi,Delhi,2023-10-08,624,1,853.3000000000001,1,1,1,111,3,Hibernating,Purchased
C3693,Sameer Mishra,Male,41,Panipat,Haryana,2025-01-31,247,5,135468.98,1,3,3,133,7,At Risk,Purchased
C3694,Deepak Patel,Male,59,Muzaffarpur,Bihar,2024-02-17,105,4,119252.76,3,2,2,322,7,Potential Loyalists,Purchased
C3695,Vikas Sharma,Female,18,Faridabad,Haryana,2023-05-05,,,,,,,,,No Purchase,No Purchase
C3696,Mohit Tiwari,Female,61,Thane,Maharashtra,2023-08-04,53,7,108204.56,4,3,2,432,9,Potential Loyalists,Purchased
C3697,Neha Singh,Female,29,Warangal,Telangana,2023-03-23,65,3,156085.16999999998,3,2,3,323,8,Potential Loyalists,Purchased
C3698,Nisha Malhotra,Male,63,Agra,Uttar Pradesh,2023-06-15,153,3,162570.48,2,2,3,223,7,At Risk,Purchased
C3699,Aditya Joshi,Male,24,Mangaluru,Karnataka,2023-06-27,1,4,60791.11,5,2,2,522,9,New Customers,Purchased
C3700,Akash Saxena,Female,22,Panipat,Haryana,2025-08-25,160,2,8950.81,2,1,1,211,4,Hibernating,Purchased
C3701,Vikas Malhotra,Male,23,Kota,Rajasthan,2025-06-02,97,7,310259.35000000003,3,3,4,334,10,Loyal Customers,Purchased
C3702,Simran Bansal,Male,32,Salem,Tamil Nadu,2024-01-22,460,4,347687.56,1,2,4,124,7,At Risk,Purchased
C3703,Isha Jain,Female,63,Delhi,Delhi,2025-03-02,115,14,456699.87000000005,2,5,5,255,12,Can't Lose Them,Purchased
C3704,Rahul Patel,Female,40,Warangal,Telangana,2023-08-12,27,9,141278.0,4,4,3,443,11,Loyal Customers,Purchased
C3705,Sanjay Kapoor,Male,25,Jaipur,Rajasthan,2024-11-30,176,1,29543.760000000002,2,1,1,211,4,Hibernating,Purchased
C3706,Ananya Mehta,Female,48,Hubballi,Karnataka,2023-08-10,12,14,529245.61,5,5,5,555,15,Champions,Purchased
C3707,Aditi Shah,Female,42,Faridabad,Haryana,2024-12-02,41,16,361868.27,4,5,4,454,13,Champions,Purchased
C3708,Nikhil Verma,Female,51,Nagpur,Maharashtra,2024-01-27,8,12,265927.12,5,5,4,554,14,Champions,Purchased
C3709,Aditya Yadav,Male,53,Thane,Maharashtra,2025-07-29,2,27,871748.62,5,5,5,555,15,Champions,Purchased
C3710,Akash Agarwal,Female,55,Jodhpur,Rajasthan,2025-07-03,20,5,89333.4,5,3,2,532,10,Potential Loyalists,Purchased
C3711,Varun Sharma,Female,25,Muzaffarpur,Bihar,2024-01-01,73,1,27622.72,3,1,1,311,5,Potential Loyalists,Purchased
C3712,Priya Jain,Male,41,Nagpur,Maharashtra,2023-02-15,175,3,131190.83999999997,2,2,3,223,7,At Risk,Purchased
C3713,Ankit Sharma,Female,48,Nagpur,Maharashtra,2023-12-19,15,9,185833.76,5,4,3,543,12,Loyal Customers,Purchased
C3714,Aarav Mehta,Female,44,Kanpur,Uttar Pradesh,2023-11-05,11,9,327854.13,5,4,4,544,13,Champions,Purchased
C3715,Deepak Kapoor,Male,64,Faridabad,Haryana,2024-04-10,,,,,,,,,No Purchase,No Purchase
C3716,Kavya Mehta,Male,64,Aurangabad,Maharashtra,2024-09-20,190,2,235977.77,2,1,3,213,6,At Risk,Purchased
C3717,Aditi Malhotra,Male,56,Chennai,Tamil Nadu,2025-12-19,415,1,189.01,1,1,1,111,3,Hibernating,Purchased
C3718,Rahul Sharma,Female,29,Gaya,Bihar,2023-03-10,89,7,325893.26,3,3,4,334,10,Loyal Customers,Purchased
C3719,Karan Singh,Male,43,Prayagraj,Uttar Pradesh,2024-08-30,175,7,379741.77,2,3,4,234,9,At Risk,Purchased
C3720,Aditi Malhotra,Female,56,Coimbatore,Tamil Nadu,2023-07-07,50,5,182677.86,4,3,3,433,10,Loyal Customers,Purchased
C3721,Nisha Saxena,Male,30,Madurai,Tamil Nadu,2024-08-21,83,12,304433.26,3,5,4,354,12,Loyal Customers,Purchased
C3722,Karan Kapoor,Female,52,Hyderabad,Telangana,2024-11-28,336,1,102879.62,1,1,2,112,4,Hibernating,Purchased
C3723,Sameer Malhotra,Female,29,New Delhi,Delhi,2025-06-05,435,1,30743.139999999996,1,1,1,111,3,Hibernating,Purchased
C3724,Yash Kapoor,Female,24,Mangaluru,Karnataka,2024-09-05,242,3,221667.47999999998,1,2,3,123,6,At Risk,Purchased
C3725,Suresh Kapoor,Female,29,Aurangabad,Maharashtra,2023-07-14,28,5,387192.75,4,3,4,434,11,Loyal Customers,Purchased
C3726,Nisha Kapoor,Male,62,Siliguri,West Bengal,2025-09-27,198,6,146039.05,2,3,3,233,8,At Risk,Purchased
C3727,Yash Kapoor,Male,65,Hyderabad,Telangana,2024-03-19,26,7,185590.57,4,3,3,433,10,Loyal Customers,Purchased
C3728,Sameer Singh,Female,59,Noida,Uttar Pradesh,2024-06-09,,,,,,,,,No Purchase,No Purchase
C3729,Nisha Singh,Male,31,Hubballi,Karnataka,2024-12-03,714,1,6061.4,1,1,1,111,3,Hibernating,Purchased
C3730,Ananya Agarwal,Female,55,Panipat,Haryana,2023-10-18,4,17,645018.03,5,5,5,555,15,Champions,Purchased
C3731,Pooja Shah,Female,28,Ghaziabad,Uttar Pradesh,2025-12-17,169,5,99364.43000000001,2,3,2,232,7,At Risk,Purchased
C3732,Rakesh Bansal,Female,24,New Delhi,Delhi,2023-02-18,174,11,565948.7,2,4,5,245,11,Can't Lose Them,Purchased
C3733,Nikhil Mishra,Male,30,Madurai,Tamil Nadu,2023-06-19,411,2,28931.48,1,1,1,111,3,Hibernating,Purchased
C3734,Sneha Yadav,Female,24,New Delhi,Delhi,2025-12-20,56,20,514422.68,4,5,5,455,14,Champions,Purchased
C3735,Simran Bansal,Male,48,Pune,Maharashtra,2024-05-09,101,2,36329.41,3,1,1,311,5,Potential Loyalists,Purchased
C3736,Shreya Verma,Female,50,Bengaluru,Karnataka,2025-09-05,90,1,1127.44,3,1,1,311,5,Potential Loyalists,Purchased
C3737,Sameer Saxena,Female,19,Nagpur,Maharashtra,2025-09-18,350,6,304023.67,1,3,4,134,8,At Risk,Purchased
C3738,Akash Gupta,Female,23,Madurai,Tamil Nadu,2025-12-20,472,1,59895.24,1,1,2,112,4,Hibernating,Purchased
C3739,Rahul Agarwal,Female,40,Jaipur,Rajasthan,2025-03-05,10,12,707121.68,5,5,5,555,15,Champions,Purchased
C3740,Sneha Jain,Male,23,Vadodara,Gujarat,2025-01-18,67,14,548823.61,3,5,5,355,13,Loyal Customers,Purchased
C3741,Aditya Yadav,Female,57,Agra,Uttar Pradesh,2024-11-03,122,2,24462.100000000002,2,1,1,211,4,Hibernating,Purchased
C3742,Mohit Sharma,Female,37,Panipat,Haryana,2025-01-18,390,3,42743.08,1,2,1,121,4,Hibernating,Purchased
C3743,Isha Verma,Male,37,Pune,Maharashtra,2023-10-09,452,4,68534.87,1,2,2,122,5,Hibernating,Purchased
C3744,Varun Mishra,Female,18,Kolkata,West Bengal,2025-06-11,,,,,,,,,No Purchase,No Purchase
C3745,Divya Mishra,Female,51,New Delhi,Delhi,2023-07-24,310,9,368817.52,1,4,4,144,9,Can't Lose Them,Purchased
C3746,Rohit Bansal,Female,52,Warangal,Telangana,2024-06-09,57,12,475293.94999999995,4,5,5,455,14,Champions,Purchased
C3747,Aditya Sharma,Female,54,Pune,Maharashtra,2024-02-14,190,6,276728.11,2,3,4,234,9,At Risk,Purchased
C3748,Yash Agarwal,Male,43,Thane,Maharashtra,2025-04-13,70,7,140079.5,3,3,3,333,9,Loyal Customers,Purchased
C3749,Vivek Sharma,Female,30,Salem,Tamil Nadu,2023-10-07,,,,,,,,,No Purchase,No Purchase
C3750,Sanjay Tiwari,Male,21,Lucknow,Uttar Pradesh,2023-08-15,339,1,1774.34,1,1,1,111,3,Hibernating,Purchased
C3751,Aditi Bansal,Female,33,Nashik,Maharashtra,2025-06-04,655,1,91367.49,1,1,2,112,4,Hibernating,Purchased
C3752,Ananya Chauhan,Male,44,Kolkata,West Bengal,2024-06-17,154,4,93577.58,2,2,2,222,6,Hibernating,Purchased
C3753,Suresh Tiwari,Female,23,Hyderabad,Telangana,2025-02-28,123,10,253357.61,2,4,4,244,10,Can't Lose Them,Purchased
C3754,Simran Mishra,Male,20,Kanpur,Uttar Pradesh,2025-08-20,77,2,32715.920000000002,3,1,1,311,5,Potential Loyalists,Purchased
C3755,Nikhil Malhotra,Male,28,Panipat,Haryana,2025-07-03,49,24,611323.4,4,5,5,455,14,Champions,Purchased
C3756,Ayush Mishra,Male,21,Warangal,Telangana,2024-03-13,26,3,57369.759999999995,4,2,2,422,8,New Customers,Purchased
C3757,Amit Srivastava,Female,18,Gurugram,Haryana,2023-07-07,297,8,145139.47,1,4,3,143,8,At Risk,Purchased
C3758,Isha Jain,Male,41,Jodhpur,Rajasthan,2025-11-17,5,45,1019838.34,5,5,5,555,15,Champions,Purchased
C3759,Pooja Agarwal,Male,53,Kota,Rajasthan,2023-12-06,232,6,146761.5,2,3,3,233,8,At Risk,Purchased
C3760,Vikas Tiwari,Male,41,Coimbatore,Tamil Nadu,2025-04-22,344,3,417653.66000000003,1,2,4,124,7,At Risk,Purchased
C3761,Rohit Saxena,Male,22,Udaipur,Rajasthan,2025-04-21,39,7,130323.47,4,3,3,433,10,Loyal Customers,Purchased
C3762,Ananya Chauhan,Female,34,Gwalior,Madhya Pradesh,2024-04-29,113,1,51688.76,3,1,2,312,6,Potential Loyalists,Purchased
C3763,Ananya Singh,Male,19,Noida,Uttar Pradesh,2023-06-29,65,11,329019.97000000003,3,4,4,344,11,Loyal Customers,Purchased
C3764,Aarav Verma,Male,47,Delhi,Delhi,2024-05-31,18,6,131102.43,5,3,3,533,11,Loyal Customers,Purchased
C3765,Yash Mishra,Male,29,Kanpur,Uttar Pradesh,2023-06-09,21,9,317404.83,5,4,4,544,13,Champions,Purchased
C3766,Vikas Jain,Male,36,Bhopal,Madhya Pradesh,2024-01-21,65,21,405842.16,3,5,4,354,12,Loyal Customers,Purchased
C3767,Ananya Patel,Male,61,Mysuru,Karnataka,2024-02-24,38,2,3180.04,4,1,1,411,6,New Customers,Purchased
C3768,Isha Yadav,Male,46,Kota,Rajasthan,2024-07-21,7,13,510041.35,5,5,5,555,15,Champions,Purchased
C3769,Rahul Bansal,Male,54,Faridabad,Haryana,2023-07-24,95,5,54603.42,3,3,2,332,8,Potential Loyalists,Purchased
C3770,Sakshi Verma,Male,34,Patna,Bihar,2025-07-15,43,6,378626.83999999997,4,3,4,434,11,Loyal Customers,Purchased
C3771,Sneha Malhotra,Male,62,Pune,Maharashtra,2023-03-28,69,16,234102.68000000002,3,5,3,353,11,Loyal Customers,Purchased
C3772,Isha Srivastava,Female,52,Warangal,Telangana,2025-12-15,,,,,,,,,No Purchase,No Purchase
C3773,Yash Joshi,Male,42,Faridabad,Haryana,2023-12-09,563,1,25691.7,1,1,1,111,3,Hibernating,Purchased
C3774,Kavya Agarwal,Female,45,Lucknow,Uttar Pradesh,2024-06-20,217,1,72542.31,2,1,2,212,5,Hibernating,Purchased
C3775,Nisha Gupta,Female,47,Kolkata,West Bengal,2025-08-16,65,5,382270.7,3,3,4,334,10,Loyal Customers,Purchased
C3776,Manish Kumar,Female,25,New Delhi,Delhi,2024-12-17,198,13,350716.38,2,5,4,254,11,Can't Lose Them,Purchased
C3777,Ayush Kapoor,Male,30,Kota,Rajasthan,2023-03-03,79,16,382083.26,3,5,4,354,12,Loyal Customers,Purchased
C3778,Arjun Patel,Female,50,Salem,Tamil Nadu,2024-10-23,408,2,6623.389999999999,1,1,1,111,3,Hibernating,Purchased
C3779,Nisha Sharma,Female,39,Nagpur,Maharashtra,2024-09-11,150,3,600803.08,2,2,5,225,9,At Risk,Purchased
C3780,Yash Chauhan,Female,55,Lucknow,Uttar Pradesh,2025-10-18,82,12,238047.33999999997,3,5,3,353,11,Loyal Customers,Purchased
C3781,Sanjay Malhotra,Female,43,Kanpur,Uttar Pradesh,2024-09-08,249,1,30618.32,1,1,1,111,3,Hibernating,Purchased
C3782,Isha Saxena,Male,21,Noida,Uttar Pradesh,2025-12-22,14,10,163300.48,5,4,3,543,12,Loyal Customers,Purchased
C3783,Vikas Jain,Female,49,Vadodara,Gujarat,2024-08-04,72,2,6383.639999999999,3,1,1,311,5,Potential Loyalists,Purchased
C3784,Sneha Chauhan,Female,47,Delhi,Delhi,2023-07-30,4,4,30709.239999999998,5,2,1,521,8,New Customers,Purchased
C3785,Sameer Gupta,Male,35,Aurangabad,Maharashtra,2024-07-07,222,1,74529.66,2,1,2,212,5,Hibernating,Purchased
C3786,Meera Gupta,Male,55,Jodhpur,Rajasthan,2025-10-01,198,3,61722.729999999996,2,2,2,222,6,Hibernating,Purchased
C3787,Meera Srivastava,Female,34,Jaipur,Rajasthan,2023-01-19,125,4,152710.18,2,2,3,223,7,At Risk,Purchased
C3788,Deepak Srivastava,Male,23,Chennai,Tamil Nadu,2024-03-12,289,4,145836.97999999998,1,2,3,123,6,At Risk,Purchased
C3789,Kavya Patel,Female,23,Bhopal,Madhya Pradesh,2023-02-21,21,4,195056.73,5,2,3,523,10,New Customers,Purchased
C3790,Riya Kumar,Male,61,Delhi,Delhi,2025-07-10,215,3,160158.0,2,2,3,223,7,At Risk,Purchased
C3791,Deepak Mishra,Female,36,Hyderabad,Telangana,2024-07-13,,,,,,,,,No Purchase,No Purchase
C3792,Akash Bansal,Male,37,Prayagraj,Uttar Pradesh,2025-02-23,38,3,16155.16,4,2,1,421,7,New Customers,Purchased
C3793,Riya Saxena,Female,32,Siliguri,West Bengal,2025-11-26,149,1,8589.55,2,1,1,211,4,Hibernating,Purchased
C3794,Ankit Mishra,Female,53,Muzaffarpur,Bihar,2025-06-30,130,4,68276.54,2,2,2,222,6,Hibernating,Purchased
C3795,Vivek Singh,Female,47,Faridabad,Haryana,2024-03-22,38,3,128082.90999999999,4,2,2,422,8,New Customers,Purchased
C3796,Nisha Malhotra,Male,61,Ahmedabad,Gujarat,2025-10-20,130,7,186675.13999999998,2,3,3,233,8,At Risk,Purchased
C3797,Pooja Kapoor,Male,60,Ahmedabad,Gujarat,2024-06-01,3,11,377580.98,5,4,4,544,13,Champions,Purchased
C3798,Ankit Jain,Male,65,Delhi,Delhi,2025-12-07,274,2,29507.199999999997,1,1,1,111,3,Hibernating,Purchased
C3799,Karan Mehta,Male,33,Udaipur,Rajasthan,2025-12-11,53,11,368258.24,4,4,4,444,12,Champions,Purchased
C3800,Ankit Chauhan,Other,46,Durgapur,West Bengal,2023-08-31,345,2,5520.67,1,1,1,111,3,Hibernating,Purchased
C3801,Vivek Verma,Male,34,Muzaffarpur,Bihar,2025-05-03,10,27,621707.27,5,5,5,555,15,Champions,Purchased
C3802,Divya Mehta,Male,51,Chennai,Tamil Nadu,2025-02-03,10,18,519655.23,5,5,5,555,15,Champions,Purchased
C3803,Nikhil Joshi,Female,53,Kanpur,Uttar Pradesh,2025-04-23,,,,,,,,,No Purchase,No Purchase
C3804,Rakesh Shah,Male,30,Ahmedabad,Gujarat,2023-07-03,38,3,93511.22,4,2,2,422,8,New Customers,Purchased
C3805,Mohit Srivastava,Male,59,Noida,Uttar Pradesh,2024-07-06,52,11,607289.95,4,4,5,445,13,Champions,Purchased
C3806,Nisha Joshi,Female,31,Mumbai,Maharashtra,2023-06-15,425,1,4679.55,1,1,1,111,3,Hibernating,Purchased
C3807,Arjun Shah,Male,65,New Delhi,Delhi,2025-09-10,384,3,22247.22,1,2,1,121,4,Hibernating,Purchased
C3808,Nisha Kumar,Female,58,Siliguri,West Bengal,2025-08-14,,,,,,,,,No Purchase,No Purchase
C3809,Divya Kapoor,Female,18,Mumbai,Maharashtra,2024-09-28,119,2,47226.51,2,1,1,211,4,Hibernating,Purchased
C3810,Deepak Kumar,Male,37,Pune,Maharashtra,2023-05-23,31,3,103269.38,4,2,2,422,8,New Customers,Purchased
C3811,Akash Sharma,Female,36,Noida,Uttar Pradesh,2024-12-20,498,3,39059.509999999995,1,2,1,121,4,Hibernating,Purchased
C3812,Nisha Patel,Female,57,Panipat,Haryana,2024-04-26,,,,,,,,,No Purchase,No Purchase
C3813,Sameer Mehta,Male,52,Udaipur,Rajasthan,2025-05-12,36,9,334846.45,4,4,4,444,12,Champions,Purchased
C3814,Riya Chauhan,Female,20,Ghaziabad,Uttar Pradesh,2023-04-19,15,26,510161.88,5,5,5,555,15,Champions,Purchased
C3815,Isha Kapoor,Male,58,Noida,Uttar Pradesh,2024-03-21,42,7,182012.8,4,3,3,433,10,Loyal Customers,Purchased
C3816,Amit Saxena,Female,28,Chennai,Tamil Nadu,2024-01-31,18,25,1139318.53,5,5,5,555,15,Champions,Purchased
C3817,Mohit Mishra,Female,35,Nagpur,Maharashtra,2025-11-09,,,,,,,,,No Purchase,No Purchase
C3818,Arjun Shah,Male,26,Vadodara,Gujarat,2023-11-23,,,,,,,,,No Purchase,No Purchase
C3819,Neha Chauhan,Male,25,Bengaluru,Karnataka,2025-12-17,67,2,20387.66,3,1,1,311,5,Potential Loyalists,Purchased
C3820,Deepak Jain,Male,43,Indore,Madhya Pradesh,2025-10-06,74,5,430095.99,3,3,5,335,11,Loyal Customers,Purchased
C3821,Rakesh Saxena,Female,22,Nagpur,Maharashtra,2024-10-04,54,5,137356.74,4,3,3,433,10,Loyal Customers,Purchased
C3822,Varun Shah,Female,21,Jaipur,Rajasthan,2023-07-11,372,4,85853.51000000001,1,2,2,122,5,Hibernating,Purchased
C3823,Ankit Verma,Male,55,Kanpur,Uttar Pradesh,2023-09-01,23,7,543065.72,5,3,5,535,13,Loyal Customers,Purchased
C3824,Vivek Mehta,Male,34,Muzaffarpur,Bihar,2023-01-19,46,10,359561.02,4,4,4,444,12,Champions,Purchased
C3825,Meera Verma,Female,49,Gaya,Bihar,2025-04-28,59,4,126768.37999999999,3,2,2,322,7,Potential Loyalists,Purchased
C3826,Rahul Sharma,Male,65,Siliguri,West Bengal,2025-03-05,106,17,500999.61,3,5,5,355,13,Loyal Customers,Purchased
C3827,Sneha Verma,Male,20,Mysuru,Karnataka,2023-12-19,2,10,172541.37,5,4,3,543,12,Loyal Customers,Purchased
C3828,Neha Gupta,Male,56,Aurangabad,Maharashtra,2025-03-11,201,1,612.12,2,1,1,211,4,Hibernating,Purchased
C3829,Pooja Agarwal,Female,23,Warangal,Telangana,2024-09-23,30,29,1344585.55,4,5,5,455,14,Champions,Purchased
C3830,Deepak Srivastava,Male,54,Siliguri,West Bengal,2025-06-13,47,11,222038.28,4,4,3,443,11,Loyal Customers,Purchased
C3831,Varun Agarwal,Female,32,Aurangabad,Maharashtra,2023-04-05,17,4,30321.239999999998,5,2,1,521,8,New Customers,Purchased
C3832,Akash Saxena,Female,24,Bengaluru,Karnataka,2025-06-03,,,,,,,,,No Purchase,No Purchase
C3833,Shreya Mehta,Male,28,Bengaluru,Karnataka,2024-02-09,137,3,97676.26,2,2,2,222,6,Hibernating,Purchased
C3834,Sameer Sharma,Female,35,Hyderabad,Telangana,2025-11-16,21,1,95719.94,5,1,2,512,8,New Customers,Purchased
C3835,Pooja Gupta,Male,53,Jodhpur,Rajasthan,2025-08-22,202,2,24494.670000000002,2,1,1,211,4,Hibernating,Purchased
C3836,Shivam Tiwari,Male,50,Jaipur,Rajasthan,2023-04-14,,,,,,,,,No Purchase,No Purchase
C3837,Riya Joshi,Female,52,Jaipur,Rajasthan,2024-03-17,,,,,,,,,No Purchase,No Purchase
C3838,Shivam Tiwari,Male,19,Aurangabad,Maharashtra,2025-03-12,373,5,241998.18,1,3,4,134,8,At Risk,Purchased
C3839,Aditi Mishra,Female,64,Delhi,Delhi,2023-05-30,442,3,70007.35,1,2,2,122,5,Hibernating,Purchased
C3840,Karan Kapoor,Female,38,Varanasi,Uttar Pradesh,2025-07-31,18,10,54396.11,5,4,2,542,11,At Risk,Purchased
C3841,Nisha Bansal,Male,23,Hyderabad,Telangana,2023-04-18,92,10,417269.67,3,4,4,344,11,Loyal Customers,Purchased
C3842,Pooja Chauhan,Female,62,Mysuru,Karnataka,2023-04-30,436,3,43253.58000000001,1,2,1,121,4,Hibernating,Purchased
C3843,Varun Sharma,Female,56,Mangaluru,Karnataka,2024-08-18,2,1,3602.32,5,1,1,511,7,New Customers,Purchased
C3844,Aditya Chauhan,Male,21,Nashik,Maharashtra,2023-09-28,102,5,141100.23,3,3,3,333,9,Loyal Customers,Purchased
C3845,Aditi Agarwal,Female,38,Thane,Maharashtra,2024-11-30,131,2,220472.34,2,1,3,213,6,At Risk,Purchased
C3846,Tanya Saxena,Female,61,Vadodara,Gujarat,2024-03-05,20,11,310651.98,5,4,4,544,13,Champions,Purchased
C3847,Pooja Shah,Male,50,Nagpur,Maharashtra,2023-10-24,60,3,108600.67000000001,3,2,2,322,7,Potential Loyalists,Purchased
C3848,Aditi Mehta,Male,27,Prayagraj,Uttar Pradesh,2025-07-05,16,11,365109.02999999997,5,4,4,544,13,Champions,Purchased
C3849,Shivam Agarwal,Male,51,Kolkata,West Bengal,2023-06-24,79,4,199400.72,3,2,3,323,8,Potential Loyalists,Purchased
C3850,Manish Saxena,Male,27,New Delhi,Delhi,2024-06-24,48,5,121599.73,4,3,2,432,9,Potential Loyalists,Purchased
C3851,Nisha Yadav,Male,34,Delhi,Delhi,2023-07-04,29,22,820178.5800000001,4,5,5,455,14,Champions,Purchased
C3852,Mohit Patel,Female,27,Bengaluru,Karnataka,2023-05-30,,,,,,,,,No Purchase,No Purchase
C3853,Karan Mehta,Female,51,Hyderabad,Telangana,2023-08-13,70,6,444989.24,3,3,5,335,11,Loyal Customers,Purchased
C3854,Ankit Kapoor,Female,62,New Delhi,Delhi,2023-10-08,6,17,220951.91999999998,5,5,3,553,13,Loyal Customers,Purchased
C3855,Isha Patel,Male,20,Kolkata,West Bengal,2024-03-27,38,8,133079.5,4,4,3,443,11,Loyal Customers,Purchased
C3856,Riya Malhotra,Male,46,Bhopal,Madhya Pradesh,2024-05-26,145,2,13943.08,2,1,1,211,4,Hibernating,Purchased
C3857,Varun Patel,Male,29,Jaipur,Rajasthan,2023-06-01,200,7,183243.0,2,3,3,233,8,At Risk,Purchased
C3858,Manish Malhotra,Male,54,Mysuru,Karnataka,2023-02-12,65,3,72376.41,3,2,2,322,7,Potential Loyalists,Purchased
C3859,Arjun Malhotra,Female,24,Durgapur,West Bengal,2023-04-14,2,6,93314.79,5,3,2,532,10,Potential Loyalists,Purchased
C3860,Simran Kapoor,Male,35,Bengaluru,Karnataka,2024-11-21,,,,,,,,,No Purchase,No Purchase
C3861,Nisha Saxena,Female,27,Hubballi,Karnataka,2025-12-02,344,2,25719.14,1,1,1,111,3,Hibernating,Purchased
C3862,Riya Shah,Male,59,Coimbatore,Tamil Nadu,2023-01-28,132,7,129178.93999999999,2,3,2,232,7,At Risk,Purchased
C3863,Ankit Gupta,Female,21,Delhi,Delhi,2023-02-08,49,6,217014.56,4,3,3,433,10,Loyal Customers,Purchased
C3864,Vikas Malhotra,Female,45,Agra,Uttar Pradesh,2025-05-05,324,1,4373.56,1,1,1,111,3,Hibernating,Purchased
C3865,Riya Singh,Female,23,Mysuru,Karnataka,2025-03-04,32,11,237377.66,4,4,3,443,11,Loyal Customers,Purchased
C3866,Varun Verma,Female,46,Noida,Uttar Pradesh,2025-03-14,45,12,861421.51,4,5,5,455,14,Champions,Purchased
C3867,Simran Bansal,Female,54,Mangaluru,Karnataka,2023-07-09,30,1,1028.92,4,1,1,411,6,New Customers,Purchased
C3868,Mohit Jain,Female,54,Salem,Tamil Nadu,2025-08-05,37,14,296704.52,4,5,4,454,13,Champions,Purchased
C3869,Aditi Patel,Male,19,Bhopal,Madhya Pradesh,2024-11-13,39,14,297289.79,4,5,4,454,13,Champions,Purchased
C3870,Akash Chauhan,Male,55,Varanasi,Uttar Pradesh,2023-06-22,30,4,75265.61,4,2,2,422,8,New Customers,Purchased
C3871,Sanjay Verma,Female,32,Vadodara,Gujarat,2023-05-07,16,23,675602.54,5,5,5,555,15,Champions,Purchased
C3872,Vivek Sharma,Male,50,Mysuru,Karnataka,2024-10-21,571,1,48102.93,1,1,1,111,3,Hibernating,Purchased
C3873,Riya Kumar,Female,64,Noida,Uttar Pradesh,2025-05-03,204,1,154319.43,2,1,3,213,6,At Risk,Purchased
C3874,Akash Verma,Male,23,Nashik,Maharashtra,2025-05-05,244,4,100465.73,1,2,2,122,5,Hibernating,Purchased
C3875,Kavya Kapoor,Female,35,Ghaziabad,Uttar Pradesh,2024-10-05,11,10,196941.53,5,4,3,543,12,Loyal Customers,Purchased
C3876,Simran Bansal,Male,59,Pune,Maharashtra,2024-07-18,78,14,527637.64,3,5,5,355,13,Loyal Customers,Purchased
C3877,Suresh Mehta,Female,24,Aurangabad,Maharashtra,2025-01-31,111,8,506637.67000000004,3,4,5,345,12,Loyal Customers,Purchased
C3878,Mohit Yadav,Male,30,Hubballi,Karnataka,2023-05-24,70,6,446387.5,3,3,5,335,11,Loyal Customers,Purchased
C3879,Komal Shah,Male,44,Chennai,Tamil Nadu,2024-02-04,109,8,189466.25,3,4,3,343,10,Loyal Customers,Purchased
C3880,Rohit Sharma,Female,65,Varanasi,Uttar Pradesh,2023-04-19,27,10,177158.66999999998,4,4,3,443,11,Loyal Customers,Purchased
C3881,Pooja Malhotra,Male,32,Thane,Maharashtra,2025-07-07,134,6,195072.61,2,3,3,233,8,At Risk,Purchased
C3882,Priya Joshi,Male,36,Agra,Uttar Pradesh,2024-10-25,1,7,49905.28,5,3,1,531,9,Potential Loyalists,Purchased
C3883,Vivek Sharma,Female,56,Madurai,Tamil Nadu,2025-05-01,129,6,189895.22999999998,2,3,3,233,8,At Risk,Purchased
C3884,Rakesh Saxena,Female,23,Delhi,Delhi,2024-06-28,338,7,225203.87,1,3,3,133,7,At Risk,Purchased
C3885,Nikhil Bansal,Male,33,Madurai,Tamil Nadu,2025-10-15,263,2,230603.72,1,1,3,113,5,At Risk,Purchased
C3886,Akash Mishra,Female,33,Aurangabad,Maharashtra,2025-10-14,,,,,,,,,No Purchase,No Purchase
C3887,Ananya Joshi,Male,37,Prayagraj,Uttar Pradesh,2024-11-05,,,,,,,,,No Purchase,No Purchase
C3888,Ankit Joshi,Male,45,Gwalior,Madhya Pradesh,2025-07-02,29,2,4896.33,4,1,1,411,6,New Customers,Purchased
C3889,Sneha Kumar,Female,28,Prayagraj,Uttar Pradesh,2024-12-23,136,2,111152.63,2,1,2,212,5,Hibernating,Purchased
C3890,Komal Gupta,Male,36,Lucknow,Uttar Pradesh,2025-03-03,260,10,261708.12999999998,1,4,4,144,9,Can't Lose Them,Purchased
C3891,Riya Malhotra,Male,62,Noida,Uttar Pradesh,2023-09-28,109,1,6531.25,3,1,1,311,5,Potential Loyalists,Purchased
C3892,Ankit Tiwari,Male,57,Patna,Bihar,2025-12-11,,,,,,,,,No Purchase,No Purchase
C3893,Sakshi Mehta,Female,63,Ahmedabad,Gujarat,2025-01-30,84,1,84286.38,3,1,2,312,6,Potential Loyalists,Purchased
C3894,Nikhil Mehta,Female,50,Vadodara,Gujarat,2024-10-26,141,3,21465.25,2,2,1,221,5,Hibernating,Purchased
C3895,Shivam Joshi,Male,45,Gaya,Bihar,2023-04-12,97,7,195185.05,3,3,3,333,9,Loyal Customers,Purchased
C3896,Sakshi Jain,Female,28,Agra,Uttar Pradesh,2025-04-28,360,1,42912.54,1,1,1,111,3,Hibernating,Purchased
C3897,Deepak Singh,Female,25,Patna,Bihar,2023-03-26,98,6,104020.15000000001,3,3,2,332,8,Potential Loyalists,Purchased
C3898,Nikhil Agarwal,Male,43,Thane,Maharashtra,2024-07-11,4,14,397982.13999999996,5,5,4,554,14,Champions,Purchased
C3899,Sameer Tiwari,Female,37,Surat,Gujarat,2025-06-12,58,5,80553.93,3,3,2,332,8,Potential Loyalists,Purchased
C3900,Sneha Saxena,Male,55,Hubballi,Karnataka,2023-05-18,6,16,527608.2,5,5,5,555,15,Champions,Purchased
C3901,Sakshi Tiwari,Male,18,New Delhi,Delhi,2024-01-30,223,4,45930.969999999994,2,2,1,221,5,Hibernating,Purchased
C3902,Komal Gupta,Male,60,Indore,Madhya Pradesh,2024-07-10,94,5,146950.74,3,3,3,333,9,Loyal Customers,Purchased
C3903,Sanjay Shah,Male,26,Noida,Uttar Pradesh,2025-10-09,522,2,46673.19,1,1,1,111,3,Hibernating,Purchased
C3904,Tanya Mehta,Female,36,Patna,Bihar,2024-02-23,84,6,100751.34,3,3,2,332,8,Potential Loyalists,Purchased
C3905,Aarav Verma,Female,35,Delhi,Delhi,2023-05-10,221,1,554.7199999999999,2,1,1,211,4,Hibernating,Purchased
C3906,Arjun Verma,Female,62,Jodhpur,Rajasthan,2023-05-24,13,26,1159109.93,5,5,5,555,15,Champions,Purchased
C3907,Amit Bansal,Male,52,Gaya,Bihar,2023-08-06,28,10,242771.96,4,4,4,444,12,Champions,Purchased
C3908,Priya Malhotra,Male,19,Lucknow,Uttar Pradesh,2025-08-06,18,8,454281.77,5,4,5,545,14,Champions,Purchased
C3909,Aditya Joshi,Male,58,Indore,Madhya Pradesh,2025-04-26,488,3,186106.16,1,2,3,123,6,At Risk,Purchased
C3910,Priya Yadav,Male,50,Vadodara,Gujarat,2024-04-02,31,3,43406.48,4,2,1,421,7,New Customers,Purchased
C3911,Varun Shah,Female,21,Kota,Rajasthan,2025-07-16,591,1,313.91,1,1,1,111,3,Hibernating,Purchased
C3912,Varun Sharma,Female,55,Prayagraj,Uttar Pradesh,2025-10-02,723,1,25493.73,1,1,1,111,3,Hibernating,Purchased
C3913,Ayush Kumar,Female,19,Madurai,Tamil Nadu,2025-08-07,79,15,380356.2,3,5,4,354,12,Loyal Customers,Purchased
C3914,Shreya Shah,Female,38,Jodhpur,Rajasthan,2023-01-05,541,1,49904.23,1,1,1,111,3,Hibernating,Purchased
C3915,Manish Mishra,Male,25,Bengaluru,Karnataka,2023-04-19,16,26,1083581.87,5,5,5,555,15,Champions,Purchased
C3916,Sameer Chauhan,Male,18,Prayagraj,Uttar Pradesh,2025-03-05,22,12,191298.43,5,5,3,553,13,Loyal Customers,Purchased
C3917,Aditya Patel,Male,44,Thane,Maharashtra,2024-02-23,29,9,447220.22,4,4,5,445,13,Champions,Purchased
C3918,Shivam Singh,Female,50,Faridabad,Haryana,2023-06-23,673,1,205.38,1,1,1,111,3,Hibernating,Purchased
C3919,Komal Sharma,Male,41,Noida,Uttar Pradesh,2024-12-08,65,5,217104.28,3,3,3,333,9,Loyal Customers,Purchased
C3920,Meera Kapoor,Male,34,Udaipur,Rajasthan,2024-01-25,70,7,191457.34,3,3,3,333,9,Loyal Customers,Purchased
C3921,Tanya Gupta,Female,42,Muzaffarpur,Bihar,2025-10-03,60,6,181737.19,3,3,3,333,9,Loyal Customers,Purchased
C3922,Shivam Gupta,Male,25,Lucknow,Uttar Pradesh,2024-09-23,2,12,233217.97999999998,5,5,3,553,13,Loyal Customers,Purchased
C3923,Akash Jain,Female,20,Mumbai,Maharashtra,2023-09-19,45,5,29557.29,4,3,1,431,8,Potential Loyalists,Purchased
C3924,Sakshi Yadav,Male,25,Udaipur,Rajasthan,2025-10-20,279,1,1639.41,1,1,1,111,3,Hibernating,Purchased
C3925,Tanya Joshi,Female,20,Kanpur,Uttar Pradesh,2024-10-19,359,2,39242.33,1,1,1,111,3,Hibernating,Purchased
C3926,Nisha Patel,Male,54,Vadodara,Gujarat,2023-11-21,28,15,420716.45,4,5,4,454,13,Champions,Purchased
C3927,Pooja Kumar,Female,47,Udaipur,Rajasthan,2023-06-07,23,4,235808.13,5,2,3,523,10,New Customers,Purchased
C3928,Sameer Bansal,Female,26,Surat,Gujarat,2024-08-30,278,3,101228.58,1,2,2,122,5,Hibernating,Purchased
C3929,Nikhil Jain,Male,45,New Delhi,Delhi,2025-03-29,45,2,11388.74,4,1,1,411,6,New Customers,Purchased
C3930,Rakesh Joshi,Female,41,Udaipur,Rajasthan,2025-07-04,,,,,,,,,No Purchase,No Purchase
C3931,Kavya Sharma,Female,23,Surat,Gujarat,2023-05-20,266,2,54990.21,1,1,2,112,4,Hibernating,Purchased
C3932,Vivek Joshi,Female,64,Aurangabad,Maharashtra,2024-04-18,203,6,183170.73,2,3,3,233,8,At Risk,Purchased
C3933,Sanjay Yadav,Female,63,Surat,Gujarat,2025-12-30,19,9,410474.99,5,4,4,544,13,Champions,Purchased
C3934,Deepak Patel,Female,54,Gurugram,Haryana,2024-12-24,22,3,130944.17000000001,5,2,3,523,10,New Customers,Purchased
C3935,Varun Yadav,Male,56,Kota,Rajasthan,2023-04-12,25,1,780.17,4,1,1,411,6,New Customers,Purchased
C3936,Riya Chauhan,Male,44,Mangaluru,Karnataka,2025-10-01,212,7,88901.35,2,3,2,232,7,At Risk,Purchased
C3937,Divya Verma,Male,56,Delhi,Delhi,2025-01-20,250,2,207833.85,1,1,3,113,5,At Risk,Purchased
C3938,Isha Tiwari,Female,43,Ghaziabad,Uttar Pradesh,2024-05-18,8,7,193157.48,5,3,3,533,11,Loyal Customers,Purchased
C3939,Riya Tiwari,Female,25,Thane,Maharashtra,2025-04-30,155,4,135556.21,2,2,3,223,7,At Risk,Purchased
C3940,Komal Jain,Female,26,Ghaziabad,Uttar Pradesh,2024-12-11,,,,,,,,,No Purchase,No Purchase
C3941,Akash Mishra,Male,58,Muzaffarpur,Bihar,2023-10-10,22,13,726256.0599999999,5,5,5,555,15,Champions,Purchased
C3942,Riya Agarwal,Female,39,Nagpur,Maharashtra,2025-05-22,568,3,103359.08,1,2,2,122,5,Hibernating,Purchased
C3943,Aarav Chauhan,Female,53,Hyderabad,Telangana,2023-10-07,36,4,87462.19,4,2,2,422,8,New Customers,Purchased
C3944,Manish Joshi,Male,24,Nashik,Maharashtra,2024-10-14,47,22,847200.7,4,5,5,455,14,Champions,Purchased
C3945,Komal Shah,Female,39,Thane,Maharashtra,2023-01-21,327,2,43477.27,1,1,1,111,3,Hibernating,Purchased
C3946,Shreya Sharma,Male,22,Hubballi,Karnataka,2024-11-21,90,8,300275.81999999995,3,4,4,344,11,Loyal Customers,Purchased
C3947,Shreya Saxena,Female,28,Delhi,Delhi,2024-08-25,65,28,590311.05,3,5,5,355,13,Loyal Customers,Purchased
C3948,Rakesh Singh,Male,23,Warangal,Telangana,2025-02-27,207,6,458966.30999999994,2,3,5,235,10,At Risk,Purchased
C3949,Isha Sharma,Female,27,Gaya,Bihar,2023-06-24,61,10,160315.44,3,4,3,343,10,Loyal Customers,Purchased
C3950,Rakesh Yadav,Male,47,Gurugram,Haryana,2024-09-27,298,1,11823.88,1,1,1,111,3,Hibernating,Purchased
C3951,Riya Patel,Male,18,Noida,Uttar Pradesh,2024-04-28,8,25,1324155.08,5,5,5,555,15,Champions,Purchased
C3952,Shreya Srivastava,Female,27,Kolkata,West Bengal,2023-07-11,678,1,5458.5,1,1,1,111,3,Hibernating,Purchased
C3953,Manish Bansal,Female,51,Ghaziabad,Uttar Pradesh,2024-05-09,17,12,154095.75,5,5,3,553,13,Loyal Customers,Purchased
C3954,Kavya Gupta,Male,25,Gwalior,Madhya Pradesh,2025-10-08,188,4,153246.03,2,2,3,223,7,At Risk,Purchased
C3955,Ananya Agarwal,Male,44,Coimbatore,Tamil Nadu,2025-06-21,136,3,68568.05,2,2,2,222,6,Hibernating,Purchased
C3956,Rohit Bansal,Female,59,New Delhi,Delhi,2023-07-02,190,1,27597.19,2,1,1,211,4,Hibernating,Purchased
C3957,Yash Shah,Female,55,Agra,Uttar Pradesh,2025-07-16,26,13,212931.96,4,5,3,453,12,Loyal Customers,Purchased
C3958,Nikhil Gupta,Male,23,Lucknow,Uttar Pradesh,2024-09-10,368,3,59242.2,1,2,2,122,5,Hibernating,Purchased
C3959,Rakesh Agarwal,Male,25,Nagpur,Maharashtra,2023-02-21,85,5,201454.91,3,3,3,333,9,Loyal Customers,Purchased
C3960,Varun Joshi,Male,51,Bhopal,Madhya Pradesh,2025-10-04,209,8,249758.28000000003,2,4,4,244,10,Can't Lose Them,Purchased
C3961,Komal Chauhan,Female,34,Warangal,Telangana,2024-07-29,30,13,276367.08,4,5,4,454,13,Champions,Purchased
C3962,Sneha Malhotra,Female,38,Muzaffarpur,Bihar,2025-09-26,28,2,44245.02,4,1,1,411,6,New Customers,Purchased
C3963,Arjun Sharma,Female,40,Noida,Uttar Pradesh,2023-04-18,19,26,1178392.58,5,5,5,555,15,Champions,Purchased
C3964,Riya Kapoor,Male,45,Surat,Gujarat,2023-07-03,16,6,498493.87,5,3,5,535,13,Loyal Customers,Purchased
C3965,Suresh Yadav,Female,39,Aurangabad,Maharashtra,2025-09-14,68,3,60902.07,3,2,2,322,7,Potential Loyalists,Purchased
C3966,Rahul Srivastava,Male,19,Salem,Tamil Nadu,2023-09-19,37,35,687544.31,4,5,5,455,14,Champions,Purchased
C3967,Amit Agarwal,Female,22,Delhi,Delhi,2024-08-24,245,7,268359.2,1,3,4,134,8,At Risk,Purchased
C3968,Komal Gupta,Male,18,Thane,Maharashtra,2024-10-21,28,28,850856.94,4,5,5,455,14,Champions,Purchased
C3969,Manish Patel,Male,30,Ahmedabad,Gujarat,2025-11-04,3,33,1094478.35,5,5,5,555,15,Champions,Purchased
C3970,Shreya Yadav,Male,57,Aurangabad,Maharashtra,2024-01-05,440,2,135370.46,1,1,3,113,5,At Risk,Purchased
C3971,Vikas Verma,Male,64,Mangaluru,Karnataka,2025-04-05,689,1,462.89,1,1,1,111,3,Hibernating,Purchased
C3972,Mohit Mehta,Male,40,Kota,Rajasthan,2025-03-11,599,1,32519.74,1,1,1,111,3,Hibernating,Purchased
C3973,Aarav Bansal,Female,19,Ghaziabad,Uttar Pradesh,2025-02-06,23,6,317781.25,5,3,4,534,12,Loyal Customers,Purchased
C3974,Shivam Saxena,Female,21,Indore,Madhya Pradesh,2024-07-26,1,10,402984.08999999997,5,4,4,544,13,Champions,Purchased
C3975,Karan Agarwal,Female,57,Chennai,Tamil Nadu,2023-03-19,,,,,,,,,No Purchase,No Purchase
C3976,Simran Singh,Female,34,Warangal,Telangana,2023-10-19,390,1,54406.729999999996,1,1,2,112,4,Hibernating,Purchased
C3977,Priya Patel,Male,60,Jodhpur,Rajasthan,2024-09-06,121,8,385089.4,2,4,4,244,10,Can't Lose Them,Purchased
C3978,Nisha Jain,Female,42,Kolkata,West Bengal,2024-03-26,401,1,7206.16,1,1,1,111,3,Hibernating,Purchased
C3979,Suresh Gupta,Male,60,Kolkata,West Bengal,2023-07-22,301,4,248848.6,1,2,4,124,7,At Risk,Purchased
C3980,Simran Srivastava,Male,24,Panipat,Haryana,2025-01-26,59,18,294151.35,3,5,4,354,12,Loyal Customers,Purchased
C3981,Deepak Chauhan,Male,59,Surat,Gujarat,2024-05-20,59,6,133136.16,3,3,3,333,9,Loyal Customers,Purchased
C3982,Karan Singh,Male,44,Pune,Maharashtra,2025-05-09,12,16,572583.39,5,5,5,555,15,Champions,Purchased
C3983,Neha Bansal,Female,39,Varanasi,Uttar Pradesh,2024-08-23,178,5,294119.65,2,3,4,234,9,At Risk,Purchased
C3984,Yash Joshi,Male,43,Vadodara,Gujarat,2024-02-09,41,2,22450.03,4,1,1,411,6,New Customers,Purchased
C3985,Vivek Yadav,Male,33,Kanpur,Uttar Pradesh,2023-04-30,42,2,332927.81,4,1,4,414,9,New Customers,Purchased
C3986,Simran Joshi,Female,46,Aurangabad,Maharashtra,2023-04-25,17,9,65628.61,5,4,2,542,11,At Risk,Purchased
C3987,Arjun Kumar,Male,54,Varanasi,Uttar Pradesh,2024-01-22,605,3,159417.15,1,2,3,123,6,At Risk,Purchased
C3988,Karan Singh,Female,56,Chennai,Tamil Nadu,2025-02-25,231,4,38271.36,2,2,1,221,5,Hibernating,Purchased
C3989,Kavya Chauhan,Male,64,Pune,Maharashtra,2024-11-21,227,4,78758.66,2,2,2,222,6,Hibernating,Purchased
C3990,Isha Joshi,Female,37,Rajkot,Gujarat,2023-11-08,,,,,,,,,No Purchase,No Purchase
C3991,Aditya Yadav,Female,54,Hyderabad,Telangana,2025-04-12,21,4,39654.32,5,2,1,521,8,New Customers,Purchased
C3992,Shreya Patel,Male,60,Hyderabad,Telangana,2024-09-11,157,4,65204.49,2,2,2,222,6,Hibernating,Purchased
C3993,Kavya Chauhan,Female,18,Delhi,Delhi,2025-08-21,157,6,376398.3,2,3,4,234,9,At Risk,Purchased
C3994,Shivam Jain,Male,40,Coimbatore,Tamil Nadu,2025-11-09,30,12,476379.67,4,5,5,455,14,Champions,Purchased
C3995,Vivek Tiwari,Male,51,Surat,Gujarat,2025-11-19,526,1,435.6,1,1,1,111,3,Hibernating,Purchased
C3996,Vikas Srivastava,Female,39,Mysuru,Karnataka,2023-05-19,35,4,65616.51,4,2,2,422,8,New Customers,Purchased
C3997,Manish Mishra,Female,22,Jaipur,Rajasthan,2024-08-02,155,8,223120.41999999998,2,4,3,243,9,At Risk,Purchased
C3998,Isha Malhotra,Male,49,Nagpur,Maharashtra,2023-02-01,563,3,359025.24,1,2,4,124,7,At Risk,Purchased
C3999,Vivek Malhotra,Male,37,Patna,Bihar,2025-08-21,202,3,79264.41,2,2,2,222,6,Hibernating,Purchased
C4000,Sakshi Bansal,Male,47,Varanasi,Uttar Pradesh,2025-02-08,87,16,371066.14,3,5,4,354,12,Loyal Customers,Purchased
C4001,Deepak Agarwal,Female,18,Warangal,Telangana,2023-10-14,,,,,,,,,No Purchase,No Purchase
C4002,Sneha Singh,Female,18,Rajkot,Gujarat,2024-10-26,572,1,65695.64000000001,1,1,2,112,4,Hibernating,Purchased
C4003,Rakesh Gupta,Male,46,Mumbai,Maharashtra,2024-09-04,205,1,51014.68,2,1,1,211,4,Hibernating,Purchased
C4004,Vikas Joshi,Other,65,Kolkata,West Bengal,2024-08-17,59,3,24721.98,3,2,1,321,6,Potential Loyalists,Purchased
C4005,Yash Bansal,Male,48,Lucknow,Uttar Pradesh,2024-08-13,17,6,156510.22,5,3,3,533,11,Loyal Customers,Purchased
C4006,Rahul Bansal,Female,63,Siliguri,West Bengal,2025-12-13,2,16,389449.39,5,5,4,554,14,Champions,Purchased
C4007,Meera Mehta,Female,58,Vadodara,Gujarat,2025-04-21,14,24,872806.81,5,5,5,555,15,Champions,Purchased
C4008,Rakesh Singh,Female,31,Ghaziabad,Uttar Pradesh,2024-03-16,24,6,172876.45,5,3,3,533,11,Loyal Customers,Purchased
C4009,Mohit Sharma,Male,22,Ghaziabad,Uttar Pradesh,2025-04-26,3,8,240602.29,5,4,4,544,13,Champions,Purchased
C4010,Riya Bansal,Male,44,Durgapur,West Bengal,2023-06-04,65,8,105128.27,3,4,2,342,9,At Risk,Purchased
C4011,Aditi Shah,Male,47,New Delhi,Delhi,2023-11-09,26,2,9209.179999999998,4,1,1,411,6,New Customers,Purchased
C4012,Nikhil Bansal,Female,54,Gurugram,Haryana,2023-05-09,26,4,234479.05,4,2,3,423,9,New Customers,Purchased
C4013,Divya Gupta,Other,43,Durgapur,West Bengal,2025-08-28,9,29,1282574.27,5,5,5,555,15,Champions,Purchased
C4014,Amit Jain,Male,62,Kota,Rajasthan,2023-01-27,,,,,,,,,No Purchase,No Purchase
C4015,Priya Tiwari,Male,58,Pune,Maharashtra,2025-09-03,15,20,608125.15,5,5,5,555,15,Champions,Purchased
C4016,Pooja Gupta,Male,46,Jaipur,Rajasthan,2025-06-30,,,,,,,,,No Purchase,No Purchase
C4017,Shreya Singh,Female,44,Gwalior,Madhya Pradesh,2025-11-04,83,6,263423.58999999997,3,3,4,334,10,Loyal Customers,Purchased
C4018,Meera Malhotra,Female,18,Varanasi,Uttar Pradesh,2025-04-18,168,1,1955.0800000000002,2,1,1,211,4,Hibernating,Purchased
C4019,Karan Mehta,Male,55,Delhi,Delhi,2024-05-16,246,4,94014.65000000001,1,2,2,122,5,Hibernating,Purchased
C4020,Pooja Chauhan,Female,50,Nashik,Maharashtra,2025-06-07,79,10,288875.32,3,4,4,344,11,Loyal Customers,Purchased
C4021,Kavya Tiwari,Male,61,Hubballi,Karnataka,2025-12-17,204,2,165686.89,2,1,3,213,6,At Risk,Purchased
C4022,Sanjay Kapoor,Female,22,Durgapur,West Bengal,2025-09-04,143,7,273747.81,2,3,4,234,9,At Risk,Purchased
C4023,Ayush Sharma,Male,25,Bengaluru,Karnataka,2025-05-09,272,5,39814.95,1,3,1,131,5,At Risk,Purchased
C4024,Suresh Patel,Male,50,Ahmedabad,Gujarat,2025-04-19,134,18,523379.16,2,5,5,255,12,Can't Lose Them,Purchased
C4025,Manish Srivastava,Female,41,Delhi,Delhi,2024-12-16,,,,,,,,,No Purchase,No Purchase
C4026,Meera Jain,Female,46,Lucknow,Uttar Pradesh,2025-09-03,24,17,704196.84,5,5,5,555,15,Champions,Purchased
C4027,Sneha Chauhan,Male,38,Pune,Maharashtra,2024-04-18,37,12,459006.77,4,5,5,455,14,Champions,Purchased
C4028,Simran Malhotra,Female,48,Panipat,Haryana,2024-07-02,171,5,151051.87,2,3,3,233,8,At Risk,Purchased
C4029,Ananya Kumar,Female,49,Ahmedabad,Gujarat,2025-07-11,449,3,228863.28000000003,1,2,3,123,6,At Risk,Purchased
C4030,Shreya Shah,Male,27,New Delhi,Delhi,2023-10-15,124,1,101296.2,2,1,2,212,5,Hibernating,Purchased
C4031,Arjun Malhotra,Female,54,Hyderabad,Telangana,2025-04-16,,,,,,,,,No Purchase,No Purchase
C4032,Komal Singh,Female,41,Agra,Uttar Pradesh,2023-05-01,14,13,449246.29,5,5,5,555,15,Champions,Purchased
C4033,Yash Mishra,Male,45,Nashik,Maharashtra,2024-10-03,,,,,,,,,No Purchase,No Purchase
C4034,Neha Kapoor,Female,47,Thane,Maharashtra,2023-02-08,131,1,412.88,2,1,1,211,4,Hibernating,Purchased
C4035,Isha Gupta,Female,53,Muzaffarpur,Bihar,2025-12-27,34,12,156215.21,4,5,3,453,12,Loyal Customers,Purchased
C4036,Tanya Mishra,Male,32,Udaipur,Rajasthan,2025-07-10,289,2,41812.28999999999,1,1,1,111,3,Hibernating,Purchased
C4037,Ayush Malhotra,Female,18,Rajkot,Gujarat,2023-10-01,92,3,7145.99,3,2,1,321,6,Potential Loyalists,Purchased
C4038,Divya Bansal,Male,26,Lucknow,Uttar Pradesh,2023-06-14,66,10,293806.0,3,4,4,344,11,Loyal Customers,Purchased
C4039,Akash Shah,Female,64,Nagpur,Maharashtra,2024-12-03,28,4,226512.63,4,2,3,423,9,New Customers,Purchased
C4040,Nikhil Chauhan,Female,28,Surat,Gujarat,2025-09-14,2,1,14130.6,5,1,1,511,7,New Customers,Purchased
C4041,Rahul Tiwari,Male,29,New Delhi,Delhi,2023-12-18,367,2,31713.169999999995,1,1,1,111,3,Hibernating,Purchased
C4042,Isha Patel,Female,59,Gwalior,Madhya Pradesh,2025-11-18,502,2,81436.18,1,1,2,112,4,Hibernating,Purchased
C4043,Vivek Gupta,Male,29,Kolkata,West Bengal,2024-05-16,131,4,54693.45,2,2,2,222,6,Hibernating,Purchased
C4044,Komal Bansal,Female,40,Mysuru,Karnataka,2024-04-28,71,14,384938.32,3,5,4,354,12,Loyal Customers,Purchased
C4045,Shreya Verma,Female,35,Siliguri,West Bengal,2024-01-07,31,3,11871.11,4,2,1,421,7,New Customers,Purchased
C4046,Vivek Saxena,Male,49,Patna,Bihar,2023-10-24,73,19,510331.94,3,5,5,355,13,Loyal Customers,Purchased
C4047,Kavya Mehta,Female,46,Hubballi,Karnataka,2024-01-02,78,9,154621.04,3,4,3,343,10,Loyal Customers,Purchased
C4048,Akash Agarwal,Male,42,Jaipur,Rajasthan,2023-07-09,90,13,341724.82,3,5,4,354,12,Loyal Customers,Purchased
C4049,Ayush Mehta,Female,42,Indore,Madhya Pradesh,2024-02-17,349,2,169675.96000000002,1,1,3,113,5,At Risk,Purchased
C4050,Riya Shah,Female,58,Nagpur,Maharashtra,2023-11-14,2,18,320795.99,5,5,4,554,14,Champions,Purchased
C4051,Shreya Tiwari,Female,45,Gurugram,Haryana,2023-03-04,69,6,418114.77,3,3,4,334,10,Loyal Customers,Purchased
C4052,Deepak Verma,Male,42,Ghaziabad,Uttar Pradesh,2024-02-02,147,7,215487.37000000002,2,3,3,233,8,At Risk,Purchased
C4053,Divya Tiwari,Female,60,Jaipur,Rajasthan,2023-02-13,57,13,221195.47,4,5,3,453,12,Loyal Customers,Purchased
C4054,Amit Sharma,Female,22,Hyderabad,Telangana,2023-07-18,29,10,152951.01,4,4,3,443,11,Loyal Customers,Purchased
C4055,Ayush Bansal,Female,58,Surat,Gujarat,2025-03-04,22,10,256832.06,5,4,4,544,13,Champions,Purchased
C4056,Sakshi Tiwari,Female,27,Chennai,Tamil Nadu,2023-01-28,112,9,377311.75,3,4,4,344,11,Loyal Customers,Purchased
C4057,Divya Agarwal,Female,33,Ahmedabad,Gujarat,2023-12-07,36,14,747687.78,4,5,5,455,14,Champions,Purchased
C4058,Rohit Singh,Male,18,Agra,Uttar Pradesh,2025-01-19,56,6,200263.55,4,3,3,433,10,Loyal Customers,Purchased
C4059,Rakesh Saxena,Male,45,Pune,Maharashtra,2023-01-24,207,4,151483.75000000003,2,2,3,223,7,At Risk,Purchased
C4060,Arjun Saxena,Female,57,Mumbai,Maharashtra,2025-03-18,721,1,1149.1200000000001,1,1,1,111,3,Hibernating,Purchased
C4061,Nisha Mishra,Male,36,Surat,Gujarat,2023-03-31,192,1,38272.9,2,1,1,211,4,Hibernating,Purchased
C4062,Komal Shah,Female,49,Mysuru,Karnataka,2023-03-02,263,2,48204.2,1,1,1,111,3,Hibernating,Purchased
C4063,Isha Saxena,Female,36,Nagpur,Maharashtra,2023-08-03,14,16,365846.84,5,5,4,554,14,Champions,Purchased
C4064,Sneha Gupta,Female,54,Panipat,Haryana,2025-07-31,8,23,797300.4,5,5,5,555,15,Champions,Purchased
C4065,Shreya Joshi,Female,65,New Delhi,Delhi,2023-02-22,76,14,795314.45,3,5,5,355,13,Loyal Customers,Purchased
C4066,Kavya Jain,Female,52,Mangaluru,Karnataka,2023-04-19,74,6,297242.99,3,3,4,334,10,Loyal Customers,Purchased
C4067,Yash Gupta,Female,34,Hubballi,Karnataka,2025-11-02,32,1,237071.07,4,1,3,413,8,New Customers,Purchased
C4068,Sneha Saxena,Female,57,Mumbai,Maharashtra,2024-10-30,115,6,229935.94,2,3,3,233,8,At Risk,Purchased
C4069,Komal Mishra,Male,19,Siliguri,West Bengal,2024-09-14,107,5,263207.45999999996,3,3,4,334,10,Loyal Customers,Purchased
C4070,Karan Tiwari,Male,65,Mysuru,Karnataka,2023-02-14,347,2,12607.529999999997,1,1,1,111,3,Hibernating,Purchased
C4071,Pooja Mehta,Male,58,Agra,Uttar Pradesh,2024-03-07,88,7,279228.51999999996,3,3,4,334,10,Loyal Customers,Purchased
C4072,Rahul Shah,Female,49,Patna,Bihar,2024-09-23,42,14,676950.13,4,5,5,455,14,Champions,Purchased
C4073,Sameer Jain,Male,47,Hyderabad,Telangana,2024-07-24,142,9,351255.53,2,4,4,244,10,Can't Lose Them,Purchased
C4074,Neha Jain,Female,30,Kolkata,West Bengal,2023-05-04,5,24,831676.1799999999,5,5,5,555,15,Champions,Purchased
C4075,Shivam Saxena,Female,38,Panipat,Haryana,2025-12-18,248,6,183785.0,1,3,3,133,7,At Risk,Purchased
C4076,Rohit Malhotra,Male,22,Bhopal,Madhya Pradesh,2025-02-07,,,,,,,,,No Purchase,No Purchase
C4077,Nikhil Bansal,Other,34,New Delhi,Delhi,2023-09-22,41,16,256071.0,4,5,4,454,13,Champions,Purchased
C4078,Neha Jain,Male,46,Vadodara,Gujarat,2025-11-27,69,6,140754.09999999998,3,3,3,333,9,Loyal Customers,Purchased
C4079,Akash Yadav,Female,35,Rajkot,Gujarat,2023-11-27,86,13,241096.63,3,5,4,354,12,Loyal Customers,Purchased
C4080,Suresh Singh,Male,54,Thane,Maharashtra,2023-05-24,,,,,,,,,No Purchase,No Purchase
C4081,Divya Bansal,Male,58,Pune,Maharashtra,2025-09-04,257,3,8614.77,1,2,1,121,4,Hibernating,Purchased
C4082,Ankit Jain,Male,44,Ghaziabad,Uttar Pradesh,2023-06-17,353,1,48949.94,1,1,1,111,3,Hibernating,Purchased
C4083,Nikhil Shah,Female,34,Jaipur,Rajasthan,2023-03-08,40,12,266714.63,4,5,4,454,13,Champions,Purchased
C4084,Varun Patel,Male,32,Hyderabad,Telangana,2024-11-19,24,11,279315.06999999995,5,4,4,544,13,Champions,Purchased
C4085,Ayush Jain,Female,44,Kolkata,West Bengal,2023-10-17,110,4,49405.119999999995,3,2,1,321,6,Potential Loyalists,Purchased
C4086,Karan Malhotra,Female,52,Delhi,Delhi,2023-06-16,162,5,212746.95,2,3,3,233,8,At Risk,Purchased
C4087,Arjun Joshi,Male,24,Thane,Maharashtra,2023-04-23,146,1,81024.76,2,1,2,212,5,Hibernating,Purchased
C4088,Arjun Chauhan,Male,39,Mangaluru,Karnataka,2023-05-19,115,3,115241.62,2,2,2,222,6,Hibernating,Purchased
C4089,Sanjay Kumar,Male,39,Madurai,Tamil Nadu,2025-11-18,714,1,853.3000000000001,1,1,1,111,3,Hibernating,Purchased
C4090,Tanya Mehta,Female,31,Indore,Madhya Pradesh,2025-01-04,343,1,46449.18,1,1,1,111,3,Hibernating,Purchased
C4091,Sameer Singh,Female,29,Gurugram,Haryana,2025-07-11,412,6,278379.71,1,3,4,134,8,At Risk,Purchased
C4092,Deepak Saxena,Male,58,Gwalior,Madhya Pradesh,2024-11-08,22,16,1050496.74,5,5,5,555,15,Champions,Purchased
C4093,Pooja Joshi,Female,38,Panipat,Haryana,2024-08-17,74,11,267434.96,3,4,4,344,11,Loyal Customers,Purchased
C4094,Aditya Jain,Male,45,Patna,Bihar,2023-08-27,95,11,339852.38,3,4,4,344,11,Loyal Customers,Purchased
C4095,Neha Saxena,Female,19,Bengaluru,Karnataka,2025-11-25,2,5,194406.46,5,3,3,533,11,Loyal Customers,Purchased
C4096,Akash Patel,Male,31,Agra,Uttar Pradesh,2025-06-20,60,3,149058.84,3,2,3,323,8,Potential Loyalists,Purchased
C4097,Ankit Verma,Male,28,Noida,Uttar Pradesh,2024-08-01,241,4,54509.45,1,2,2,122,5,Hibernating,Purchased
C4098,Manish Patel,Male,33,Mangaluru,Karnataka,2023-04-26,29,5,512728.48,4,3,5,435,12,Loyal Customers,Purchased
C4099,Akash Singh,Female,58,Aurangabad,Maharashtra,2025-04-12,31,2,40599.68,4,1,1,411,6,New Customers,Purchased
C4100,Karan Srivastava,Female,45,Pune,Maharashtra,2023-12-31,46,5,67485.52,4,3,2,432,9,Potential Loyalists,Purchased
C4101,Divya Kapoor,Male,61,Patna,Bihar,2023-08-18,,,,,,,,,No Purchase,No Purchase
C4102,Nisha Bansal,Male,38,Aurangabad,Maharashtra,2025-03-20,61,17,777722.08,3,5,5,355,13,Loyal Customers,Purchased
C4103,Meera Srivastava,Female,54,Gaya,Bihar,2025-07-05,71,10,187136.81,3,4,3,343,10,Loyal Customers,Purchased
C4104,Mohit Bansal,Male,25,Kolkata,West Bengal,2024-11-03,15,8,491247.41,5,4,5,545,14,Champions,Purchased
C4105,Yash Jain,Female,57,Jaipur,Rajasthan,2023-03-22,148,3,90870.18000000001,2,2,2,222,6,Hibernating,Purchased
C4106,Shivam Kumar,Male,47,Kota,Rajasthan,2024-10-19,62,9,276097.32,3,4,4,344,11,Loyal Customers,Purchased
C4107,Priya Agarwal,Male,19,Delhi,Delhi,2025-10-03,279,4,47753.54,1,2,1,121,4,Hibernating,Purchased
C4108,Tanya Tiwari,Female,51,Jaipur,Rajasthan,2025-01-21,1,14,390901.46,5,5,4,554,14,Champions,Purchased
C4109,Vikas Tiwari,Male,41,Thane,Maharashtra,2023-10-18,1,4,74385.48000000001,5,2,2,522,9,New Customers,Purchased
C4110,Aditya Bansal,Female,18,Indore,Madhya Pradesh,2024-12-08,95,20,625060.36,3,5,5,355,13,Loyal Customers,Purchased
C4111,Sakshi Verma,Male,58,New Delhi,Delhi,2023-09-30,,,,,,,,,No Purchase,No Purchase
C4112,Vivek Gupta,Male,43,Nagpur,Maharashtra,2025-08-15,7,8,257264.08,5,4,4,544,13,Champions,Purchased
C4113,Deepak Srivastava,Female,47,Siliguri,West Bengal,2025-07-15,34,14,507220.08999999997,4,5,5,455,14,Champions,Purchased
C4114,Ananya Kumar,Male,45,Kota,Rajasthan,2024-09-14,241,3,96341.44,1,2,2,122,5,Hibernating,Purchased
C4115,Rahul Mehta,Female,22,Mangaluru,Karnataka,2023-05-29,57,4,89998.29000000001,4,2,2,422,8,New Customers,Purchased
C4116,Aditi Agarwal,Female,33,Ahmedabad,Gujarat,2024-03-15,275,3,103391.2,1,2,2,122,5,Hibernating,Purchased
C4117,Isha Mishra,Female,51,Varanasi,Uttar Pradesh,2023-05-13,20,9,266018.22000000003,5,4,4,544,13,Champions,Purchased
C4118,Deepak Malhotra,Male,34,Kota,Rajasthan,2025-04-18,85,2,1854.9399999999998,3,1,1,311,5,Potential Loyalists,Purchased
C4119,Pooja Chauhan,Male,60,Nashik,Maharashtra,2025-01-15,180,3,75581.57,2,2,2,222,6,Hibernating,Purchased
C4120,Aarav Bansal,Male,33,Pune,Maharashtra,2025-07-26,13,18,440108.29,5,5,5,555,15,Champions,Purchased
C4121,Rakesh Patel,Female,40,Mumbai,Maharashtra,2025-04-11,128,2,107001.68000000001,2,1,2,212,5,Hibernating,Purchased
C4122,Shreya Jain,Male,39,New Delhi,Delhi,2025-10-22,263,1,16821.079999999998,1,1,1,111,3,Hibernating,Purchased
C4123,Sakshi Tiwari,Male,18,New Delhi,Delhi,2023-11-03,153,3,566011.19,2,2,5,225,9,At Risk,Purchased
C4124,Riya Mehta,Female,56,Mysuru,Karnataka,2023-07-11,54,10,275591.17000000004,4,4,4,444,12,Champions,Purchased
C4125,Aditya Patel,Male,24,Mumbai,Maharashtra,2024-06-10,10,2,148561.98,5,1,3,513,9,New Customers,Purchased
C4126,Ayush Malhotra,Female,40,Mumbai,Maharashtra,2023-10-18,158,10,395034.33,2,4,4,244,10,Can't Lose Them,Purchased
C4127,Shreya Verma,Male,61,Madurai,Tamil Nadu,2025-03-20,26,9,179379.72000000003,4,4,3,443,11,Loyal Customers,Purchased
C4128,Suresh Singh,Female,65,Ghaziabad,Uttar Pradesh,2024-04-10,91,11,383970.01,3,4,4,344,11,Loyal Customers,Purchased
C4129,Manish Srivastava,Female,29,Udaipur,Rajasthan,2024-11-18,142,6,66322.31999999999,2,3,2,232,7,At Risk,Purchased
C4130,Sameer Joshi,Male,36,Bhopal,Madhya Pradesh,2023-07-08,52,6,500877.86,4,3,5,435,12,Loyal Customers,Purchased
C4131,Sameer Gupta,Female,45,Hubballi,Karnataka,2023-04-04,,,,,,,,,No Purchase,No Purchase
C4132,Tanya Yadav,Female,51,Gwalior,Madhya Pradesh,2025-10-23,280,4,284551.41000000003,1,2,4,124,7,At Risk,Purchased
C4133,Vikas Chauhan,Male,30,Prayagraj,Uttar Pradesh,2024-05-03,29,36,1076813.58,4,5,5,455,14,Champions,Purchased
C4134,Isha Joshi,Female,44,Varanasi,Uttar Pradesh,2023-06-02,2,9,68890.41,5,4,2,542,11,At Risk,Purchased
C4135,Aditi Joshi,Female,58,Durgapur,West Bengal,2025-06-07,,,,,,,,,No Purchase,No Purchase
C4136,Nisha Singh,Female,54,Siliguri,West Bengal,2023-05-26,,,,,,,,,No Purchase,No Purchase
C4137,Shivam Chauhan,Female,57,Faridabad,Haryana,2025-12-27,558,1,18513.41,1,1,1,111,3,Hibernating,Purchased
C4138,Amit Srivastava,Male,60,Varanasi,Uttar Pradesh,2024-02-27,693,1,25030.760000000002,1,1,1,111,3,Hibernating,Purchased
C4139,Yash Shah,Male,59,Durgapur,West Bengal,2024-05-26,259,4,42038.02000000001,1,2,1,121,4,Hibernating,Purchased
C4140,Rakesh Mishra,Male,42,Delhi,Delhi,2023-10-11,13,16,482443.31,5,5,5,555,15,Champions,Purchased
C4141,Sneha Malhotra,Male,64,New Delhi,Delhi,2023-04-05,155,5,157216.69999999998,2,3,3,233,8,At Risk,Purchased
C4142,Sakshi Saxena,Male,41,Thane,Maharashtra,2024-03-23,213,5,124436.09999999999,2,3,2,232,7,At Risk,Purchased
C4143,Simran Bansal,Male,52,Patna,Bihar,2024-02-05,93,5,408501.69,3,3,4,334,10,Loyal Customers,Purchased
C4144,Sakshi Chauhan,Male,63,Agra,Uttar Pradesh,2024-05-05,29,6,84183.34,4,3,2,432,9,Potential Loyalists,Purchased
C4145,Rohit Joshi,Female,20,Warangal,Telangana,2024-06-20,212,9,92391.76999999999,2,4,2,242,8,At Risk,Purchased
C4146,Deepak Mishra,Male,62,Vadodara,Gujarat,2024-11-21,644,1,73898.4,1,1,2,112,4,Hibernating,Purchased
C4147,Rakesh Patel,Female,57,Kolkata,West Bengal,2023-03-22,72,9,174070.95,3,4,3,343,10,Loyal Customers,Purchased
C4148,Rahul Saxena,Female,65,Siliguri,West Bengal,2024-02-02,,,,,,,,,No Purchase,No Purchase
C4149,Meera Yadav,Female,55,Faridabad,Haryana,2025-08-04,276,3,19709.98,1,2,1,121,4,Hibernating,Purchased
C4150,Aarav Verma,Male,25,Nagpur,Maharashtra,2025-11-08,623,3,25360.64,1,2,1,121,4,Hibernating,Purchased
C4151,Rahul Kapoor,Female,32,Lucknow,Uttar Pradesh,2024-08-12,222,2,45446.009999999995,2,1,1,211,4,Hibernating,Purchased
C4152,Meera Jain,Female,18,Vadodara,Gujarat,2024-02-05,182,2,141133.02,2,1,3,213,6,At Risk,Purchased
C4153,Divya Saxena,Female,47,New Delhi,Delhi,2024-03-31,311,3,31680.46,1,2,1,121,4,Hibernating,Purchased
C4154,Rahul Kumar,Male,38,Agra,Uttar Pradesh,2025-05-06,663,1,74188.65,1,1,2,112,4,Hibernating,Purchased
C4155,Sameer Mishra,Male,40,Aurangabad,Maharashtra,2024-03-10,396,2,66675.56,1,1,2,112,4,Hibernating,Purchased
C4156,Ankit Yadav,Female,53,Delhi,Delhi,2025-10-31,294,5,55183.58,1,3,2,132,6,At Risk,Purchased
C4157,Ankit Malhotra,Male,57,Kanpur,Uttar Pradesh,2023-01-31,208,4,122481.69,2,2,2,222,6,Hibernating,Purchased
C4158,Arjun Bansal,Female,21,Ghaziabad,Uttar Pradesh,2024-10-25,17,19,604971.22,5,5,5,555,15,Champions,Purchased
C4159,Sneha Patel,Female,62,Indore,Madhya Pradesh,2024-07-22,58,4,45454.869999999995,3,2,1,321,6,Potential Loyalists,Purchased
C4160,Ayush Patel,Female,35,Delhi,Delhi,2024-05-09,122,5,149225.59999999998,2,3,3,233,8,At Risk,Purchased
C4161,Sameer Kumar,Female,54,Gaya,Bihar,2024-06-04,28,2,36772.48,4,1,1,411,6,New Customers,Purchased
C4162,Meera Kapoor,Female,45,Muzaffarpur,Bihar,2023-06-23,345,1,30739.5,1,1,1,111,3,Hibernating,Purchased
C4163,Rohit Chauhan,Female,39,Ghaziabad,Uttar Pradesh,2024-01-14,,,,,,,,,No Purchase,No Purchase
C4164,Divya Bansal,Female,28,Siliguri,West Bengal,2024-01-22,144,3,214048.06,2,2,3,223,7,At Risk,Purchased
C4165,Nisha Verma,Male,27,Vadodara,Gujarat,2024-12-22,336,1,348.02,1,1,1,111,3,Hibernating,Purchased
C4166,Tanya Joshi,Female,53,Udaipur,Rajasthan,2024-10-17,32,6,174876.73,4,3,3,433,10,Loyal Customers,Purchased
C4167,Riya Yadav,Female,33,Lucknow,Uttar Pradesh,2024-03-26,8,10,162758.09,5,4,3,543,12,Loyal Customers,Purchased
C4168,Simran Sharma,Female,29,Pune,Maharashtra,2024-07-20,41,8,229093.26,4,4,3,443,11,Loyal Customers,Purchased
C4169,Ananya Gupta,Male,18,Kanpur,Uttar Pradesh,2024-09-18,55,12,562142.58,4,5,5,455,14,Champions,Purchased
C4170,Shivam Kumar,Male,58,Surat,Gujarat,2023-02-21,16,3,261832.84,5,2,4,524,11,New Customers,Purchased
C4171,Vikas Gupta,Female,36,Muzaffarpur,Bihar,2025-08-27,49,19,298778.2,4,5,4,454,13,Champions,Purchased
C4172,Shreya Bansal,Male,34,Jodhpur,Rajasthan,2025-09-04,89,7,385367.51,3,3,4,334,10,Loyal Customers,Purchased
C4173,Simran Yadav,Female,35,Siliguri,West Bengal,2024-02-03,15,16,402521.47,5,5,4,554,14,Champions,Purchased
C4174,Akash Bansal,Female,46,Patna,Bihar,2025-04-13,12,5,136674.83000000002,5,3,3,533,11,Loyal Customers,Purchased
C4175,Nisha Tiwari,Male,41,Jaipur,Rajasthan,2024-03-11,216,5,169802.28,2,3,3,233,8,At Risk,Purchased
C4176,Deepak Mehta,Male,44,Ghaziabad,Uttar Pradesh,2023-03-16,51,14,270077.42,4,5,4,454,13,Champions,Purchased
C4177,Ananya Patel,Female,31,Panipat,Haryana,2025-08-06,111,7,127993.45,3,3,2,332,8,Potential Loyalists,Purchased
C4178,Aarav Bansal,Male,32,Delhi,Delhi,2023-10-21,37,2,11994.1,4,1,1,411,6,New Customers,Purchased
C4179,Sameer Singh,Female,59,Kanpur,Uttar Pradesh,2024-01-28,166,2,48899.130000000005,2,1,1,211,4,Hibernating,Purchased
C4180,Priya Jain,Female,39,Madurai,Tamil Nadu,2024-09-22,31,22,777524.29,4,5,5,455,14,Champions,Purchased
C4181,Shivam Patel,Female,64,Gwalior,Madhya Pradesh,2024-04-26,87,12,326769.60000000003,3,5,4,354,12,Loyal Customers,Purchased
C4182,Pooja Saxena,Male,58,Pune,Maharashtra,2023-10-19,4,14,636983.97,5,5,5,555,15,Champions,Purchased
C4183,Rahul Saxena,Male,52,Madurai,Tamil Nadu,2025-05-26,352,4,53755.32,1,2,2,122,5,Hibernating,Purchased
C4184,Simran Saxena,Female,44,Thane,Maharashtra,2024-01-25,13,10,572439.26,5,4,5,545,14,Champions,Purchased
C4185,Tanya Malhotra,Male,58,Kanpur,Uttar Pradesh,2024-10-10,631,3,73790.86,1,2,2,122,5,Hibernating,Purchased
C4186,Rohit Shah,Male,20,Agra,Uttar Pradesh,2024-12-29,54,8,362188.61,4,4,4,444,12,Champions,Purchased
C4187,Divya Saxena,Female,41,Kolkata,West Bengal,2025-10-19,105,11,393599.88,3,4,4,344,11,Loyal Customers,Purchased
C4188,Shreya Srivastava,Male,52,Panipat,Haryana,2024-06-08,332,6,33900.91,1,3,1,131,5,At Risk,Purchased
C4189,Sneha Patel,Male,23,Ghaziabad,Uttar Pradesh,2024-05-30,365,2,186193.54,1,1,3,113,5,At Risk,Purchased
C4190,Kavya Chauhan,Female,26,Aurangabad,Maharashtra,2025-09-26,229,5,308976.63,2,3,4,234,9,At Risk,Purchased
C4191,Suresh Srivastava,Male,21,Thane,Maharashtra,2024-06-08,36,7,367800.08,4,3,4,434,11,Loyal Customers,Purchased
C4192,Sakshi Shah,Male,41,Kanpur,Uttar Pradesh,2023-11-23,39,15,744412.44,4,5,5,455,14,Champions,Purchased
C4193,Aditi Singh,Male,43,Salem,Tamil Nadu,2023-02-17,31,20,885866.9899999999,4,5,5,455,14,Champions,Purchased
C4194,Sneha Verma,Female,40,Jaipur,Rajasthan,2023-12-22,65,12,476827.63,3,5,5,355,13,Loyal Customers,Purchased
C4195,Amit Bansal,Female,20,Kota,Rajasthan,2023-08-05,12,10,507229.94,5,4,5,545,14,Champions,Purchased
C4196,Sameer Kumar,Female,41,New Delhi,Delhi,2023-11-30,305,7,197195.28999999998,1,3,3,133,7,At Risk,Purchased
C4197,Priya Patel,Female,60,Coimbatore,Tamil Nadu,2024-08-14,41,4,148894.68,4,2,3,423,9,New Customers,Purchased
C4198,Aarav Joshi,Male,19,Noida,Uttar Pradesh,2024-07-28,90,3,7286.09,3,2,1,321,6,Potential Loyalists,Purchased
C4199,Neha Srivastava,Female,55,Noida,Uttar Pradesh,2023-07-24,469,2,26167.719999999998,1,1,1,111,3,Hibernating,Purchased
C4200,Ananya Saxena,Male,31,Bhopal,Madhya Pradesh,2024-05-23,36,15,191467.36000000002,4,5,3,453,12,Loyal Customers,Purchased
C4201,Aarav Bansal,Female,21,Siliguri,West Bengal,2024-05-11,426,2,133765.80000000002,1,1,3,113,5,At Risk,Purchased
C4202,Vikas Jain,Female,20,Indore,Madhya Pradesh,2023-02-16,255,3,87950.95999999999,1,2,2,122,5,Hibernating,Purchased
C4203,Kavya Kumar,Male,18,Gwalior,Madhya Pradesh,2023-11-07,149,9,166881.21,2,4,3,243,9,At Risk,Purchased
C4204,Meera Malhotra,Female,37,Jaipur,Rajasthan,2025-03-02,159,5,243545.65999999997,2,3,4,234,9,At Risk,Purchased
C4205,Sneha Gupta,Female,41,Gwalior,Madhya Pradesh,2023-01-23,,,,,,,,,No Purchase,No Purchase
C4206,Aarav Mehta,Male,47,Mysuru,Karnataka,2023-11-26,32,6,371152.19,4,3,4,434,11,Loyal Customers,Purchased
C4207,Sakshi Chauhan,Female,21,Kanpur,Uttar Pradesh,2024-06-04,26,13,355141.87,4,5,4,454,13,Champions,Purchased
C4208,Varun Mehta,Female,49,Lucknow,Uttar Pradesh,2023-07-02,73,12,170930.07,3,5,3,353,11,Loyal Customers,Purchased
C4209,Sakshi Joshi,Male,53,Prayagraj,Uttar Pradesh,2024-12-08,70,9,354495.51,3,4,4,344,11,Loyal Customers,Purchased
C4210,Pooja Malhotra,Male,21,Prayagraj,Uttar Pradesh,2024-01-06,160,3,28729.98,2,2,1,221,5,Hibernating,Purchased
C4211,Deepak Saxena,Female,50,New Delhi,Delhi,2023-09-10,48,13,745222.82,4,5,5,455,14,Champions,Purchased
C4212,Ankit Jain,Male,23,Jaipur,Rajasthan,2025-04-30,18,8,413129.51,5,4,4,544,13,Champions,Purchased
C4213,Pooja Patel,Male,39,Warangal,Telangana,2023-08-24,184,2,2520.83,2,1,1,211,4,Hibernating,Purchased
C4214,Vivek Gupta,Female,49,Rajkot,Gujarat,2023-06-09,25,4,68852.9,4,2,2,422,8,New Customers,Purchased
C4215,Meera Joshi,Female,59,Noida,Uttar Pradesh,2023-02-06,129,9,418953.66,2,4,4,244,10,Can't Lose Them,Purchased
C4216,Shreya Yadav,Male,43,Kolkata,West Bengal,2023-04-10,24,14,286330.52,5,5,4,554,14,Champions,Purchased
C4217,Ananya Shah,Male,38,Delhi,Delhi,2025-08-12,223,3,45484.74,2,2,1,221,5,Hibernating,Purchased
C4218,Sanjay Bansal,Female,58,Noida,Uttar Pradesh,2025-10-20,40,12,312926.01,4,5,4,454,13,Champions,Purchased
C4219,Aarav Sharma,Male,28,Pune,Maharashtra,2024-08-20,42,15,423354.75,4,5,5,455,14,Champions,Purchased
C4220,Neha Mehta,Female,27,New Delhi,Delhi,2025-10-06,156,2,65376.22,2,1,2,212,5,Hibernating,Purchased
C4221,Aarav Gupta,Female,40,Nagpur,Maharashtra,2025-02-13,18,10,223106.1,5,4,3,543,12,Loyal Customers,Purchased
C4222,Nikhil Yadav,Male,23,Warangal,Telangana,2024-03-21,5,21,971491.66,5,5,5,555,15,Champions,Purchased
C4223,Sneha Sharma,Female,19,Siliguri,West Bengal,2025-02-20,344,2,19676.14,1,1,1,111,3,Hibernating,Purchased
C4224,Simran Gupta,Female,35,Jodhpur,Rajasthan,2024-04-04,,,,,,,,,No Purchase,No Purchase
C4225,Nisha Chauhan,Female,25,Kanpur,Uttar Pradesh,2025-11-19,11,28,1094238.59,5,5,5,555,15,Champions,Purchased
C4226,Shivam Chauhan,Male,48,Warangal,Telangana,2025-07-20,18,14,440183.95,5,5,5,555,15,Champions,Purchased
C4227,Aarav Kapoor,Male,44,Jaipur,Rajasthan,2025-07-14,93,1,1574.02,3,1,1,311,5,Potential Loyalists,Purchased
C4228,Amit Joshi,Female,41,Mumbai,Maharashtra,2024-08-03,,,,,,,,,No Purchase,No Purchase
C4229,Meera Bansal,Female,41,Jaipur,Rajasthan,2024-07-21,227,2,89082.91,2,1,2,212,5,Hibernating,Purchased
C4230,Ananya Srivastava,Other,22,Salem,Tamil Nadu,2023-05-09,92,2,19339.14,3,1,1,311,5,Potential Loyalists,Purchased
C4231,Priya Shah,Male,37,Mangaluru,Karnataka,2024-12-15,225,3,114592.31,2,2,2,222,6,Hibernating,Purchased
C4232,Rohit Sharma,Female,21,Noida,Uttar Pradesh,2023-05-06,342,1,59.04,1,1,1,111,3,Hibernating,Purchased
C4233,Manish Kapoor,Male,35,Coimbatore,Tamil Nadu,2024-08-14,49,5,161522.03,4,3,3,433,10,Loyal Customers,Purchased
C4234,Tanya Chauhan,Female,50,Kanpur,Uttar Pradesh,2023-05-24,,,,,,,,,No Purchase,No Purchase
C4235,Riya Yadav,Female,65,Pune,Maharashtra,2024-06-05,16,14,656791.52,5,5,5,555,15,Champions,Purchased
C4236,Priya Patel,Female,32,Prayagraj,Uttar Pradesh,2025-05-04,72,17,375602.48,3,5,4,354,12,Loyal Customers,Purchased
C4237,Neha Agarwal,Male,30,Muzaffarpur,Bihar,2023-12-04,33,8,142554.25,4,4,3,443,11,Loyal Customers,Purchased
C4238,Ankit Agarwal,Female,50,Pune,Maharashtra,2024-10-21,270,7,343854.71,1,3,4,134,8,At Risk,Purchased
C4239,Aditi Kapoor,Male,62,New Delhi,Delhi,2023-10-12,79,6,226064.41999999998,3,3,3,333,9,Loyal Customers,Purchased
C4240,Shivam Agarwal,Female,32,New Delhi,Delhi,2023-11-25,676,1,28028.4,1,1,1,111,3,Hibernating,Purchased
C4241,Sanjay Tiwari,Female,58,Faridabad,Haryana,2023-07-20,209,2,115601.77,2,1,2,212,5,Hibernating,Purchased
C4242,Rakesh Bansal,Female,33,Rajkot,Gujarat,2023-06-27,,,,,,,,,No Purchase,No Purchase
C4243,Sakshi Sharma,Female,48,Bhopal,Madhya Pradesh,2024-02-12,162,3,61416.770000000004,2,2,2,222,6,Hibernating,Purchased
C4244,Rahul Saxena,Female,28,New Delhi,Delhi,2023-05-16,183,2,36882.649999999994,2,1,1,211,4,Hibernating,Purchased
C4245,Yash Bansal,Male,30,Lucknow,Uttar Pradesh,2025-09-03,182,3,227823.28000000003,2,2,3,223,7,At Risk,Purchased
C4246,Aditya Shah,Male,65,Chennai,Tamil Nadu,2025-03-22,81,10,105973.31999999999,3,4,2,342,9,At Risk,Purchased
C4247,Ananya Patel,Female,36,New Delhi,Delhi,2023-08-31,7,15,692022.99,5,5,5,555,15,Champions,Purchased
C4248,Manish Saxena,Female,18,Hyderabad,Telangana,2025-08-28,56,9,258925.94,4,4,4,444,12,Champions,Purchased
C4249,Vikas Jain,Female,55,Faridabad,Haryana,2024-02-05,165,1,30103.73,2,1,1,211,4,Hibernating,Purchased
C4250,Neha Gupta,Male,24,Bengaluru,Karnataka,2024-08-04,557,1,183.20999999999998,1,1,1,111,3,Hibernating,Purchased
C4251,Aditi Mishra,Male,23,Patna,Bihar,2025-02-04,94,4,145353.26,3,2,3,323,8,Potential Loyalists,Purchased
C4252,Isha Yadav,Female,58,Salem,Tamil Nadu,2025-04-26,48,2,2743.31,4,1,1,411,6,New Customers,Purchased
C4253,Aditya Malhotra,Female,34,Aurangabad,Maharashtra,2023-01-09,4,4,511420.89999999997,5,2,5,525,12,New Customers,Purchased
C4254,Rohit Gupta,Female,24,Madurai,Tamil Nadu,2023-11-07,92,2,74265.06000000001,3,1,2,312,6,Potential Loyalists,Purchased
C4255,Yash Joshi,Male,64,Agra,Uttar Pradesh,2024-01-04,123,10,417774.70999999996,2,4,4,244,10,Can't Lose Them,Purchased
C4256,Rahul Patel,Male,31,Warangal,Telangana,2024-10-03,33,8,250145.67,4,4,4,444,12,Champions,Purchased
C4257,Rohit Saxena,Male,48,Kanpur,Uttar Pradesh,2025-08-13,39,9,512758.85,4,4,5,445,13,Champions,Purchased
C4258,Sneha Patel,Male,30,New Delhi,Delhi,2024-04-24,48,2,104923.48000000001,4,1,2,412,7,New Customers,Purchased
C4259,Shivam Tiwari,Female,45,Surat,Gujarat,2024-05-22,26,4,188207.01,4,2,3,423,9,New Customers,Purchased
C4260,Meera Tiwari,Male,51,Varanasi,Uttar Pradesh,2023-04-07,247,3,214253.31,1,2,3,123,6,At Risk,Purchased
C4261,Sameer Gupta,Male,54,Varanasi,Uttar Pradesh,2024-07-30,60,5,315883.1,3,3,4,334,10,Loyal Customers,Purchased
C4262,Tanya Malhotra,Other,37,Udaipur,Rajasthan,2024-06-17,41,6,188152.22,4,3,3,433,10,Loyal Customers,Purchased
C4263,Neha Verma,Male,47,Varanasi,Uttar Pradesh,2024-11-28,60,11,513066.04,3,4,5,345,12,Loyal Customers,Purchased
C4264,Rakesh Saxena,Female,58,Bengaluru,Karnataka,2025-07-16,61,15,467180.64,3,5,5,355,13,Loyal Customers,Purchased
C4265,Aditi Joshi,Male,58,Delhi,Delhi,2024-09-13,164,4,65650.54000000001,2,2,2,222,6,Hibernating,Purchased
C4266,Ananya Yadav,Male,53,Aurangabad,Maharashtra,2023-02-26,532,1,1287.66,1,1,1,111,3,Hibernating,Purchased
C4267,Rohit Verma,Male,37,Nashik,Maharashtra,2025-06-13,12,2,109115.23,5,1,2,512,8,New Customers,Purchased
C4268,Rahul Jain,Female,43,Siliguri,West Bengal,2024-06-06,5,42,1666325.84,5,5,5,555,15,Champions,Purchased
C4269,Sakshi Saxena,Male,64,Patna,Bihar,2024-06-16,,,,,,,,,No Purchase,No Purchase
C4270,Ayush Bansal,Female,29,Prayagraj,Uttar Pradesh,2025-08-14,56,8,250691.85,4,4,4,444,12,Champions,Purchased
C4271,Divya Sharma,Female,51,Gaya,Bihar,2024-10-07,21,3,141926.54,5,2,3,523,10,New Customers,Purchased
C4272,Nisha Mishra,Male,56,Surat,Gujarat,2025-05-15,5,16,420441.38,5,5,4,554,14,Champions,Purchased
C4273,Deepak Jain,Female,41,Jodhpur,Rajasthan,2025-08-21,25,9,312622.49,4,4,4,444,12,Champions,Purchased
C4274,Ankit Mehta,Male,59,Jaipur,Rajasthan,2024-06-24,135,1,65130.26,2,1,2,212,5,Hibernating,Purchased
C4275,Suresh Kumar,Male,38,Kota,Rajasthan,2025-12-11,32,4,28887.38,4,2,1,421,7,New Customers,Purchased
C4276,Amit Mishra,Female,58,Warangal,Telangana,2023-07-07,,,,,,,,,No Purchase,No Purchase
C4277,Varun Srivastava,Male,48,Coimbatore,Tamil Nadu,2025-08-12,38,6,206090.2,4,3,3,433,10,Loyal Customers,Purchased
C4278,Ananya Patel,Other,20,Salem,Tamil Nadu,2025-07-18,196,5,346168.62,2,3,4,234,9,At Risk,Purchased
C4279,Neha Kapoor,Female,57,New Delhi,Delhi,2023-04-20,675,1,64935.619999999995,1,1,2,112,4,Hibernating,Purchased
C4280,Divya Patel,Male,51,Kanpur,Uttar Pradesh,2023-06-17,200,6,69548.13,2,3,2,232,7,At Risk,Purchased
C4281,Yash Patel,Male,28,Udaipur,Rajasthan,2023-02-10,44,19,672004.23,4,5,5,455,14,Champions,Purchased
C4282,Vikas Joshi,Female,51,Noida,Uttar Pradesh,2023-10-31,352,1,24604.74,1,1,1,111,3,Hibernating,Purchased
C4283,Sakshi Yadav,Female,42,Thane,Maharashtra,2025-12-21,16,14,280260.71,5,5,4,554,14,Champions,Purchased
C4284,Aditya Verma,Male,63,Prayagraj,Uttar Pradesh,2023-05-17,68,10,219600.72,3,4,3,343,10,Loyal Customers,Purchased
C4285,Komal Chauhan,Female,32,Nashik,Maharashtra,2024-05-17,139,7,275117.31,2,3,4,234,9,At Risk,Purchased
C4286,Rahul Srivastava,Male,30,Ahmedabad,Gujarat,2024-01-23,2,7,121151.14,5,3,2,532,10,Potential Loyalists,Purchased
C4287,Sneha Kapoor,Other,20,Vadodara,Gujarat,2024-11-19,130,3,124120.76999999999,2,2,2,222,6,Hibernating,Purchased
C4288,Akash Kumar,Male,55,Mysuru,Karnataka,2024-10-26,481,1,18091.06,1,1,1,111,3,Hibernating,Purchased
C4289,Akash Sharma,Male,65,Prayagraj,Uttar Pradesh,2025-06-24,71,8,144108.74,3,4,3,343,10,Loyal Customers,Purchased
C4290,Yash Gupta,Female,51,Mangaluru,Karnataka,2024-03-30,60,9,325491.98,3,4,4,344,11,Loyal Customers,Purchased
C4291,Aarav Tiwari,Female,35,New Delhi,Delhi,2024-05-20,430,1,55723.36,1,1,2,112,4,Hibernating,Purchased
C4292,Kavya Saxena,Female,60,Kolkata,West Bengal,2023-01-25,708,1,39278.85,1,1,1,111,3,Hibernating,Purchased
C4293,Tanya Shah,Female,30,Ahmedabad,Gujarat,2025-11-28,255,2,43922.64,1,1,1,111,3,Hibernating,Purchased
C4294,Komal Chauhan,Male,51,Chennai,Tamil Nadu,2023-08-22,234,6,101221.84,2,3,2,232,7,At Risk,Purchased
C4295,Arjun Kumar,Male,46,Coimbatore,Tamil Nadu,2024-10-14,34,3,136517.94999999998,4,2,3,423,9,New Customers,Purchased
C4296,Mohit Mehta,Female,58,Patna,Bihar,2025-08-22,439,1,724.78,1,1,1,111,3,Hibernating,Purchased
C4297,Vikas Gupta,Male,64,Durgapur,West Bengal,2024-10-23,251,4,84191.76999999999,1,2,2,122,5,Hibernating,Purchased
C4298,Deepak Mishra,Female,35,Salem,Tamil Nadu,2024-11-15,181,1,14130.6,2,1,1,211,4,Hibernating,Purchased
C4299,Karan Tiwari,Male,22,Bengaluru,Karnataka,2023-07-11,156,4,54782.11,2,2,2,222,6,Hibernating,Purchased
C4300,Neha Srivastava,Female,25,Kanpur,Uttar Pradesh,2025-02-15,157,4,64542.810000000005,2,2,2,222,6,Hibernating,Purchased
C4301,Akash Kumar,Female,53,Gwalior,Madhya Pradesh,2023-07-28,12,23,732514.76,5,5,5,555,15,Champions,Purchased
C4302,Vivek Verma,Female,35,Delhi,Delhi,2025-01-27,91,9,361763.54000000004,3,4,4,344,11,Loyal Customers,Purchased
C4303,Amit Mehta,Male,24,Nashik,Maharashtra,2024-09-23,24,11,280287.02999999997,5,4,4,544,13,Champions,Purchased
C4304,Arjun Singh,Other,57,Muzaffarpur,Bihar,2024-06-20,153,7,159534.2,2,3,3,233,8,At Risk,Purchased
C4305,Nikhil Mehta,Female,49,Siliguri,West Bengal,2025-02-28,90,8,51748.88,3,4,2,342,9,At Risk,Purchased
C4306,Riya Mehta,Female,24,Varanasi,Uttar Pradesh,2025-02-27,94,1,67051.48,3,1,2,312,6,Potential Loyalists,Purchased
C4307,Aarav Yadav,Female,52,Agra,Uttar Pradesh,2023-08-13,126,6,227746.35,2,3,3,233,8,At Risk,Purchased
C4308,Meera Yadav,Male,48,Agra,Uttar Pradesh,2024-02-16,501,1,79677.91,1,1,2,112,4,Hibernating,Purchased
C4309,Rohit Verma,Male,65,Surat,Gujarat,2024-06-13,18,12,629532.95,5,5,5,555,15,Champions,Purchased
C4310,Sanjay Tiwari,Male,65,Agra,Uttar Pradesh,2023-06-16,82,6,399775.39,3,3,4,334,10,Loyal Customers,Purchased
C4311,Shivam Agarwal,Female,64,Gwalior,Madhya Pradesh,2024-01-26,78,14,767720.76,3,5,5,355,13,Loyal Customers,Purchased
C4312,Nisha Mehta,Female,60,Bhopal,Madhya Pradesh,2024-04-25,,,,,,,,,No Purchase,No Purchase
C4313,Sneha Mishra,Male,56,Chennai,Tamil Nadu,2023-08-14,145,2,1969.4,2,1,1,211,4,Hibernating,Purchased
C4314,Aditi Kapoor,Female,50,Vadodara,Gujarat,2023-09-01,83,15,299537.63,3,5,4,354,12,Loyal Customers,Purchased
C4315,Shivam Kumar,Male,44,Delhi,Delhi,2025-06-15,20,5,27995.63,5,3,1,531,9,Potential Loyalists,Purchased
C4316,Sanjay Singh,Female,56,Ghaziabad,Uttar Pradesh,2023-06-04,82,12,309688.36,3,5,4,354,12,Loyal Customers,Purchased
C4317,Sanjay Kapoor,Male,64,Siliguri,West Bengal,2023-05-13,11,15,605472.97,5,5,5,555,15,Champions,Purchased
C4318,Aarav Kapoor,Male,23,Prayagraj,Uttar Pradesh,2023-12-17,250,4,194077.59,1,2,3,123,6,At Risk,Purchased
C4319,Ananya Yadav,Male,24,Lucknow,Uttar Pradesh,2023-01-26,104,23,859230.85,3,5,5,355,13,Loyal Customers,Purchased
C4320,Sneha Agarwal,Female,41,New Delhi,Delhi,2025-08-09,38,9,110684.91,4,4,2,442,10,At Risk,Purchased
C4321,Aditya Chauhan,Female,32,Kanpur,Uttar Pradesh,2025-12-16,530,2,19653.64,1,1,1,111,3,Hibernating,Purchased
C4322,Aditya Kumar,Male,43,Mysuru,Karnataka,2025-05-31,135,23,640988.94,2,5,5,255,12,Can't Lose Them,Purchased
C4323,Deepak Gupta,Female,32,Udaipur,Rajasthan,2025-05-25,315,3,4359.0199999999995,1,2,1,121,4,Hibernating,Purchased
C4324,Sakshi Jain,Female,55,Warangal,Telangana,2023-04-22,22,8,310357.45,5,4,4,544,13,Champions,Purchased
C4325,Suresh Yadav,Male,61,Surat,Gujarat,2024-08-30,250,12,313856.86,1,5,4,154,10,Can't Lose Them,Purchased
C4326,Deepak Joshi,Female,31,Gurugram,Haryana,2023-04-07,83,10,497889.06000000006,3,4,5,345,12,Loyal Customers,Purchased
C4327,Sameer Malhotra,Male,55,Hubballi,Karnataka,2023-11-26,57,13,621392.65,4,5,5,455,14,Champions,Purchased
C4328,Manish Shah,Female,23,Panipat,Haryana,2024-06-23,20,11,310965.36,5,4,4,544,13,Champions,Purchased
C4329,Komal Joshi,Female,56,Salem,Tamil Nadu,2025-01-16,285,3,9851.439999999999,1,2,1,121,4,Hibernating,Purchased
C4330,Komal Jain,Male,51,Pune,Maharashtra,2023-10-31,15,4,82554.01999999999,5,2,2,522,9,New Customers,Purchased
C4331,Aditi Bansal,Female,52,Gwalior,Madhya Pradesh,2023-10-08,621,1,4546.05,1,1,1,111,3,Hibernating,Purchased
C4332,Pooja Sharma,Male,41,Thane,Maharashtra,2025-06-20,44,11,336403.14,4,4,4,444,12,Champions,Purchased
C4333,Arjun Mishra,Female,23,Prayagraj,Uttar Pradesh,2023-09-03,78,17,1078234.27,3,5,5,355,13,Loyal Customers,Purchased
C4334,Deepak Malhotra,Female,58,Thane,Maharashtra,2024-06-16,213,5,210375.58999999997,2,3,3,233,8,At Risk,Purchased
C4335,Sameer Mishra,Male,23,Delhi,Delhi,2023-11-11,142,10,543174.0700000001,2,4,5,245,11,Can't Lose Them,Purchased
C4336,Amit Singh,Female,41,New Delhi,Delhi,2025-07-22,80,4,140021.47,3,2,3,323,8,Potential Loyalists,Purchased
C4337,Komal Mishra,Male,26,Chennai,Tamil Nadu,2024-08-08,,,,,,,,,No Purchase,No Purchase
C4338,Ananya Kapoor,Female,58,Gurugram,Haryana,2023-04-29,,,,,,,,,No Purchase,No Purchase
C4339,Ankit Kumar,Female,45,Delhi,Delhi,2023-06-12,6,15,258115.97,5,5,4,554,14,Champions,Purchased
C4340,Komal Kapoor,Female,42,Salem,Tamil Nadu,2025-11-28,77,1,15896.93,3,1,1,311,5,Potential Loyalists,Purchased
C4341,Karan Bansal,Female,33,New Delhi,Delhi,2025-10-26,29,19,479527.67000000004,4,5,5,455,14,Champions,Purchased
C4342,Nikhil Joshi,Female,55,Hyderabad,Telangana,2025-04-19,63,7,185463.7,3,3,3,333,9,Loyal Customers,Purchased
C4343,Arjun Verma,Male,28,Lucknow,Uttar Pradesh,2023-03-26,52,22,1564196.28,4,5,5,455,14,Champions,Purchased
C4344,Varun Saxena,Male,52,Kanpur,Uttar Pradesh,2025-03-12,85,7,243034.28999999998,3,3,4,334,10,Loyal Customers,Purchased
C4345,Aarav Verma,Female,64,Madurai,Tamil Nadu,2024-12-24,174,5,338479.26,2,3,4,234,9,At Risk,Purchased
C4346,Sameer Tiwari,Male,30,Udaipur,Rajasthan,2025-10-26,154,6,327680.3,2,3,4,234,9,At Risk,Purchased
C4347,Shivam Kapoor,Male,50,Hyderabad,Telangana,2024-06-16,43,7,741200.9,4,3,5,435,12,Loyal Customers,Purchased
C4348,Neha Singh,Male,32,Surat,Gujarat,2024-05-29,241,6,168914.94,1,3,3,133,7,At Risk,Purchased
C4349,Varun Bansal,Other,62,Siliguri,West Bengal,2024-11-23,63,7,273614.51,3,3,4,334,10,Loyal Customers,Purchased
C4350,Nisha Shah,Female,61,Mangaluru,Karnataka,2023-06-13,306,3,21898.21,1,2,1,121,4,Hibernating,Purchased
C4351,Isha Patel,Male,33,Noida,Uttar Pradesh,2025-03-27,74,12,675785.75,3,5,5,355,13,Loyal Customers,Purchased
C4352,Isha Jain,Male,29,Noida,Uttar Pradesh,2024-06-28,84,6,143437.38,3,3,3,333,9,Loyal Customers,Purchased
C4353,Arjun Joshi,Female,21,Kanpur,Uttar Pradesh,2025-06-11,432,5,126772.24,1,3,2,132,6,At Risk,Purchased
C4354,Isha Kapoor,Male,51,New Delhi,Delhi,2023-10-17,241,2,127541.66,1,1,2,112,4,Hibernating,Purchased
C4355,Rahul Srivastava,Female,62,Salem,Tamil Nadu,2025-07-30,192,5,97934.07,2,3,2,232,7,At Risk,Purchased
C4356,Divya Yadav,Female,24,Delhi,Delhi,2023-10-26,,,,,,,,,No Purchase,No Purchase
C4357,Isha Joshi,Female,57,Vadodara,Gujarat,2024-06-18,149,7,252600.11000000002,2,3,4,234,9,At Risk,Purchased
C4358,Ananya Malhotra,Male,54,Chennai,Tamil Nadu,2024-04-23,165,7,318739.88,2,3,4,234,9,At Risk,Purchased
C4359,Vivek Malhotra,Female,40,Jaipur,Rajasthan,2025-03-12,230,5,197939.34,2,3,3,233,8,At Risk,Purchased
C4360,Arjun Patel,Other,28,Jodhpur,Rajasthan,2023-07-23,280,4,7645.35,1,2,1,121,4,Hibernating,Purchased
C4361,Riya Agarwal,Male,49,Delhi,Delhi,2023-09-28,161,2,47285.770000000004,2,1,1,211,4,Hibernating,Purchased
C4362,Pooja Bansal,Female,46,Delhi,Delhi,2023-07-30,162,14,459534.36,2,5,5,255,12,Can't Lose Them,Purchased
C4363,Yash Mishra,Male,56,Ahmedabad,Gujarat,2023-09-10,2,15,422754.08,5,5,5,555,15,Champions,Purchased
C4364,Meera Verma,Female,45,Rajkot,Gujarat,2024-05-10,3,6,199120.11,5,3,3,533,11,Loyal Customers,Purchased
C4365,Nikhil Shah,Female,20,New Delhi,Delhi,2024-10-03,101,4,53701.1,3,2,2,322,7,Potential Loyalists,Purchased
C4366,Sneha Yadav,Male,27,Delhi,Delhi,2025-08-03,78,3,267407.01,3,2,4,324,9,Potential Loyalists,Purchased
C4367,Divya Sharma,Male,36,Jaipur,Rajasthan,2024-04-06,39,10,63056.399999999994,4,4,2,442,10,At Risk,Purchased
C4368,Amit Singh,Male,41,Kota,Rajasthan,2024-03-24,,,,,,,,,No Purchase,No Purchase
C4369,Divya Malhotra,Male,34,Agra,Uttar Pradesh,2023-06-26,10,16,509376.43,5,5,5,555,15,Champions,Purchased
C4370,Varun Chauhan,Female,60,Bengaluru,Karnataka,2023-04-19,164,1,28161.78,2,1,1,211,4,Hibernating,Purchased
C4371,Riya Patel,Male,31,Gurugram,Haryana,2025-04-13,531,1,32741.96,1,1,1,111,3,Hibernating,Purchased
C4372,Simran Kumar,Female,50,Kanpur,Uttar Pradesh,2024-11-23,,,,,,,,,No Purchase,No Purchase
C4373,Sanjay Saxena,Male,35,Gurugram,Haryana,2024-08-05,128,1,10143.880000000001,2,1,1,211,4,Hibernating,Purchased
C4374,Rahul Yadav,Female,65,Aurangabad,Maharashtra,2024-05-01,32,26,641052.33,4,5,5,455,14,Champions,Purchased
C4375,Sameer Chauhan,Female,61,Salem,Tamil Nadu,2024-07-23,2,6,284016.83,5,3,4,534,12,Loyal Customers,Purchased
C4376,Isha Mehta,Female,55,Hubballi,Karnataka,2025-07-15,71,9,443506.46,3,4,5,345,12,Loyal Customers,Purchased
C4377,Akash Verma,Female,54,Kanpur,Uttar Pradesh,2023-07-27,172,3,157699.31,2,2,3,223,7,At Risk,Purchased
C4378,Varun Patel,Other,48,Bhopal,Madhya Pradesh,2024-06-30,204,1,3970.06,2,1,1,211,4,Hibernating,Purchased
C4379,Deepak Mishra,Female,46,Mysuru,Karnataka,2023-09-22,92,25,1047600.61,3,5,5,355,13,Loyal Customers,Purchased
C4380,Ananya Bansal,Female,45,Gaya,Bihar,2023-04-25,242,6,461240.83,1,3,5,135,9,At Risk,Purchased
C4381,Komal Kumar,Male,19,Nashik,Maharashtra,2025-01-28,69,7,77661.22,3,3,2,332,8,Potential Loyalists,Purchased
C4382,Isha Srivastava,Male,62,Faridabad,Haryana,2025-02-10,77,11,360239.52999999997,3,4,4,344,11,Loyal Customers,Purchased
C4383,Simran Bansal,Male,65,Gwalior,Madhya Pradesh,2025-07-21,35,29,688727.17,4,5,5,455,14,Champions,Purchased
C4384,Sneha Srivastava,Female,43,Chennai,Tamil Nadu,2023-01-24,69,12,432346.39,3,5,5,355,13,Loyal Customers,Purchased
C4385,Mohit Srivastava,Female,59,Pune,Maharashtra,2023-07-14,73,11,796248.43,3,4,5,345,12,Loyal Customers,Purchased
C4386,Simran Verma,Female,37,Kota,Rajasthan,2024-09-21,11,12,296745.61,5,5,4,554,14,Champions,Purchased
C4387,Akash Shah,Female,23,Salem,Tamil Nadu,2025-06-08,63,2,22872.16,3,1,1,311,5,Potential Loyalists,Purchased
C4388,Varun Saxena,Male,58,Gwalior,Madhya Pradesh,2025-10-26,67,5,164289.02000000002,3,3,3,333,9,Loyal Customers,Purchased
C4389,Arjun Agarwal,Female,42,Mysuru,Karnataka,2025-05-12,347,1,10844.16,1,1,1,111,3,Hibernating,Purchased
C4390,Varun Singh,Male,63,Nagpur,Maharashtra,2025-09-17,,,,,,,,,No Purchase,No Purchase
C4391,Sneha Yadav,Male,28,Noida,Uttar Pradesh,2025-06-11,43,9,263745.69000000006,4,4,4,444,12,Champions,Purchased
C4392,Aarav Verma,Female,40,Jodhpur,Rajasthan,2023-12-12,,,,,,,,,No Purchase,No Purchase
C4393,Suresh Srivastava,Male,50,Muzaffarpur,Bihar,2024-09-29,412,3,55022.39,1,2,2,122,5,Hibernating,Purchased
C4394,Amit Patel,Female,24,Kanpur,Uttar Pradesh,2024-11-26,,,,,,,,,No Purchase,No Purchase
C4395,Divya Malhotra,Female,65,Siliguri,West Bengal,2024-01-21,292,4,170875.6,1,2,3,123,6,At Risk,Purchased
C4396,Vikas Chauhan,Female,47,Indore,Madhya Pradesh,2025-08-27,161,8,208252.7,2,4,3,243,9,At Risk,Purchased
C4397,Mohit Yadav,Male,26,Agra,Uttar Pradesh,2025-04-24,476,2,154759.28,1,1,3,113,5,At Risk,Purchased
C4398,Manish Bansal,Male,53,Prayagraj,Uttar Pradesh,2024-07-19,87,10,166952.18,3,4,3,343,10,Loyal Customers,Purchased
C4399,Nisha Sharma,Male,60,Udaipur,Rajasthan,2024-06-09,4,14,425523.05,5,5,5,555,15,Champions,Purchased
C4400,Komal Kumar,Female,35,Udaipur,Rajasthan,2025-05-17,675,1,24910.5,1,1,1,111,3,Hibernating,Purchased
C4401,Komal Gupta,Male,47,Ghaziabad,Uttar Pradesh,2023-08-31,,,,,,,,,No Purchase,No Purchase
C4402,Riya Mishra,Male,53,Hyderabad,Telangana,2023-08-28,65,3,127392.65,3,2,2,322,7,Potential Loyalists,Purchased
C4403,Shreya Jain,Female,24,Coimbatore,Tamil Nadu,2024-03-16,,,,,,,,,No Purchase,No Purchase
C4404,Mohit Patel,Female,43,Bhopal,Madhya Pradesh,2023-05-20,55,7,295933.28,4,3,4,434,11,Loyal Customers,Purchased
C4405,Tanya Verma,Female,44,Faridabad,Haryana,2024-05-16,234,12,338010.04,2,5,4,254,11,Can't Lose Them,Purchased
C4406,Divya Singh,Male,32,Warangal,Telangana,2024-04-18,93,3,240880.18,3,2,4,324,9,Potential Loyalists,Purchased
C4407,Suresh Malhotra,Female,32,Chennai,Tamil Nadu,2024-07-07,63,21,592144.03,3,5,5,355,13,Loyal Customers,Purchased
C4408,Sameer Sharma,Male,48,Mumbai,Maharashtra,2024-05-20,185,5,34148.649999999994,2,3,1,231,6,At Risk,Purchased
C4409,Vikas Saxena,Male,54,Coimbatore,Tamil Nadu,2025-09-09,186,1,41151.850000000006,2,1,1,211,4,Hibernating,Purchased
C4410,Komal Tiwari,Male,36,Agra,Uttar Pradesh,2023-10-28,206,1,4228.240000000001,2,1,1,211,4,Hibernating,Purchased
C4411,Karan Kapoor,Female,25,Kota,Rajasthan,2024-03-26,43,15,456055.81,4,5,5,455,14,Champions,Purchased
C4412,Nikhil Mehta,Female,55,Agra,Uttar Pradesh,2025-03-19,16,7,283999.55,5,3,4,534,12,Loyal Customers,Purchased
C4413,Meera Malhotra,Male,26,Coimbatore,Tamil Nadu,2023-11-08,192,5,89215.58000000002,2,3,2,232,7,At Risk,Purchased
C4414,Tanya Malhotra,Female,18,Lucknow,Uttar Pradesh,2024-12-19,699,1,655.13,1,1,1,111,3,Hibernating,Purchased
C4415,Rakesh Tiwari,Female,33,New Delhi,Delhi,2025-11-19,60,7,128764.31,3,3,2,332,8,Potential Loyalists,Purchased
C4416,Ananya Chauhan,Male,57,Nashik,Maharashtra,2024-02-16,17,9,569980.8,5,4,5,545,14,Champions,Purchased
C4417,Vivek Jain,Female,54,Vadodara,Gujarat,2023-09-22,119,2,37890.490000000005,2,1,1,211,4,Hibernating,Purchased
C4418,Sameer Joshi,Male,32,Warangal,Telangana,2023-07-28,268,5,41657.810000000005,1,3,1,131,5,At Risk,Purchased
C4419,Vikas Saxena,Male,42,Agra,Uttar Pradesh,2023-01-13,,,,,,,,,No Purchase,No Purchase
C4420,Ananya Sharma,Female,64,Gurugram,Haryana,2023-11-08,77,6,225235.22,3,3,3,333,9,Loyal Customers,Purchased
C4421,Isha Shah,Male,52,Gurugram,Haryana,2025-07-19,12,24,1148232.15,5,5,5,555,15,Champions,Purchased
C4422,Yash Malhotra,Female,54,New Delhi,Delhi,2023-10-06,578,1,80.45,1,1,1,111,3,Hibernating,Purchased
C4423,Arjun Kapoor,Male,22,Udaipur,Rajasthan,2025-11-11,47,8,99984.61000000002,4,4,2,442,10,At Risk,Purchased
C4424,Pooja Agarwal,Female,29,Hubballi,Karnataka,2025-11-09,198,2,36896.42999999999,2,1,1,211,4,Hibernating,Purchased
C4425,Varun Yadav,Female,22,Ghaziabad,Uttar Pradesh,2025-01-16,,,,,,,,,No Purchase,No Purchase
C4426,Sameer Gupta,Female,64,Coimbatore,Tamil Nadu,2025-12-10,570,1,93179.46,1,1,2,112,4,Hibernating,Purchased
C4427,Neha Mehta,Female,34,Noida,Uttar Pradesh,2024-03-22,23,24,607258.63,5,5,5,555,15,Champions,Purchased
C4428,Sameer Tiwari,Female,41,Faridabad,Haryana,2025-11-13,58,7,196919.37,3,3,3,333,9,Loyal Customers,Purchased
C4429,Kavya Srivastava,Male,44,Indore,Madhya Pradesh,2024-08-18,107,8,292956.22000000003,3,4,4,344,11,Loyal Customers,Purchased
C4430,Vivek Agarwal,Male,43,Warangal,Telangana,2023-03-30,,,,,,,,,No Purchase,No Purchase
C4431,Arjun Yadav,Female,20,Surat,Gujarat,2025-06-30,12,11,128265.44,5,4,2,542,11,At Risk,Purchased
C4432,Shivam Bansal,Female,61,Salem,Tamil Nadu,2025-11-06,122,14,790573.53,2,5,5,255,12,Can't Lose Them,Purchased
C4433,Sameer Kapoor,Male,36,Gaya,Bihar,2025-08-27,10,29,1131407.87,5,5,5,555,15,Champions,Purchased
C4434,Ananya Shah,Female,62,Thane,Maharashtra,2024-04-01,23,12,404173.75,5,5,4,554,14,Champions,Purchased
C4435,Ankit Agarwal,Male,54,Kanpur,Uttar Pradesh,2023-04-23,58,4,19862.61,3,2,1,321,6,Potential Loyalists,Purchased
C4436,Simran Kumar,Male,51,Rajkot,Gujarat,2024-10-03,313,1,44700.979999999996,1,1,1,111,3,Hibernating,Purchased
C4437,Aditya Bansal,Female,51,Delhi,Delhi,2025-08-08,,,,,,,,,No Purchase,No Purchase
C4438,Sanjay Joshi,Female,64,Delhi,Delhi,2025-07-09,,,,,,,,,No Purchase,No Purchase
C4439,Komal Agarwal,Female,32,Kanpur,Uttar Pradesh,2024-11-06,172,6,177460.87,2,3,3,233,8,At Risk,Purchased
C4440,Ayush Tiwari,Male,33,Surat,Gujarat,2025-05-11,285,3,40801.15,1,2,1,121,4,Hibernating,Purchased
C4441,Ananya Malhotra,Male,50,Aurangabad,Maharashtra,2023-02-05,27,16,651888.29,4,5,5,455,14,Champions,Purchased
C4442,Karan Tiwari,Female,29,Nagpur,Maharashtra,2024-11-13,15,10,225498.38,5,4,3,543,12,Loyal Customers,Purchased
C4443,Tanya Patel,Male,56,Noida,Uttar Pradesh,2023-04-29,42,13,353872.88999999996,4,5,4,454,13,Champions,Purchased
C4444,Riya Patel,Female,19,New Delhi,Delhi,2025-03-31,,,,,,,,,No Purchase,No Purchase
C4445,Nisha Tiwari,Male,61,Faridabad,Haryana,2023-02-19,281,5,322823.06,1,3,4,134,8,At Risk,Purchased
C4446,Kavya Chauhan,Male,34,New Delhi,Delhi,2024-10-13,14,10,801842.39,5,4,5,545,14,Champions,Purchased
C4447,Shivam Chauhan,Male,18,Jaipur,Rajasthan,2025-11-04,9,13,333979.36,5,5,4,554,14,Champions,Purchased
C4448,Sameer Saxena,Male,46,Kolkata,West Bengal,2023-05-03,359,2,58038.6,1,1,2,112,4,Hibernating,Purchased
C4449,Priya Patel,Male,31,New Delhi,Delhi,2024-04-12,347,5,57441.5,1,3,2,132,6,At Risk,Purchased
C4450,Karan Verma,Female,32,Hyderabad,Telangana,2023-02-14,,,,,,,,,No Purchase,No Purchase
C4451,Aditi Agarwal,Female,41,Jaipur,Rajasthan,2025-02-22,76,11,324525.86,3,4,4,344,11,Loyal Customers,Purchased
C4452,Aditya Tiwari,Male,45,Coimbatore,Tamil Nadu,2025-10-10,,,,,,,,,No Purchase,No Purchase
C4453,Shreya Agarwal,Female,24,Kanpur,Uttar Pradesh,2023-01-02,133,22,666825.96,2,5,5,255,12,Can't Lose Them,Purchased
C4454,Rahul Bansal,Male,20,Noida,Uttar Pradesh,2024-08-20,256,3,63086.75,1,2,2,122,5,Hibernating,Purchased
C4455,Aarav Tiwari,Male,40,Patna,Bihar,2025-05-18,139,3,32297.29,2,2,1,221,5,Hibernating,Purchased
C4456,Ankit Chauhan,Female,34,Hyderabad,Telangana,2023-01-28,571,2,72539.59,1,1,2,112,4,Hibernating,Purchased
C4457,Amit Tiwari,Female,45,Indore,Madhya Pradesh,2024-06-11,25,14,617015.1799999999,4,5,5,455,14,Champions,Purchased
C4458,Sameer Mehta,Female,53,Gwalior,Madhya Pradesh,2023-05-22,128,2,35556.43,2,1,1,211,4,Hibernating,Purchased
C4459,Deepak Patel,Male,47,Noida,Uttar Pradesh,2025-10-08,26,5,180369.5,4,3,3,433,10,Loyal Customers,Purchased
C4460,Mohit Chauhan,Male,23,Warangal,Telangana,2024-07-11,7,4,153960.71000000002,5,2,3,523,10,New Customers,Purchased
C4461,Meera Verma,Female,65,Mangaluru,Karnataka,2024-07-24,36,9,230283.33,4,4,3,443,11,Loyal Customers,Purchased
C4462,Komal Gupta,Female,52,Warangal,Telangana,2025-12-27,34,9,423290.85,4,4,5,445,13,Champions,Purchased
C4463,Rakesh Chauhan,Female,20,Agra,Uttar Pradesh,2025-05-13,179,9,142016.5,2,4,3,243,9,At Risk,Purchased
C4464,Manish Malhotra,Female,54,Nashik,Maharashtra,2023-12-10,285,7,208838.08000000002,1,3,3,133,7,At Risk,Purchased
C4465,Vikas Shah,Male,60,Durgapur,West Bengal,2024-11-20,49,7,62606.1,4,3,2,432,9,Potential Loyalists,Purchased
C4466,Shreya Kumar,Female,45,Warangal,Telangana,2023-11-22,340,5,195473.38999999998,1,3,3,133,7,At Risk,Purchased
C4467,Rahul Shah,Female,57,Ahmedabad,Gujarat,2024-07-23,10,12,577762.98,5,5,5,555,15,Champions,Purchased
C4468,Rohit Tiwari,Male,60,Delhi,Delhi,2025-06-08,107,9,782293.0,3,4,5,345,12,Loyal Customers,Purchased
C4469,Vivek Joshi,Male,64,New Delhi,Delhi,2025-11-04,6,5,124914.78,5,3,2,532,10,Potential Loyalists,Purchased
C4470,Nikhil Jain,Female,63,Patna,Bihar,2025-11-07,,,,,,,,,No Purchase,No Purchase
C4471,Aarav Mehta,Male,27,Mangaluru,Karnataka,2024-06-26,124,8,338545.18,2,4,4,244,10,Can't Lose Them,Purchased
C4472,Karan Srivastava,Female,19,Hubballi,Karnataka,2025-09-07,,,,,,,,,No Purchase,No Purchase
C4473,Varun Tiwari,Female,49,Chennai,Tamil Nadu,2025-09-04,181,14,477640.5,2,5,5,255,12,Can't Lose Them,Purchased
C4474,Aditya Jain,Male,50,Bengaluru,Karnataka,2024-08-21,45,12,464109.42,4,5,5,455,14,Champions,Purchased
C4475,Nisha Joshi,Female,45,Salem,Tamil Nadu,2023-02-09,658,1,69941.78,1,1,2,112,4,Hibernating,Purchased
C4476,Nisha Yadav,Female,29,Mangaluru,Karnataka,2023-05-11,34,17,630051.02,4,5,5,455,14,Champions,Purchased
C4477,Sneha Patel,Male,63,Hyderabad,Telangana,2024-12-20,20,8,515124.16000000003,5,4,5,545,14,Champions,Purchased
C4478,Komal Verma,Female,37,Gwalior,Madhya Pradesh,2025-06-28,150,3,94796.56,2,2,2,222,6,Hibernating,Purchased
C4479,Nisha Shah,Male,53,Bhopal,Madhya Pradesh,2025-09-25,295,7,195595.31,1,3,3,133,7,At Risk,Purchased
C4480,Rakesh Mehta,Female,47,Surat,Gujarat,2023-09-24,8,12,214680.90999999997,5,5,3,553,13,Loyal Customers,Purchased
C4481,Akash Mishra,Male,60,Mysuru,Karnataka,2025-09-11,91,3,33742.229999999996,3,2,1,321,6,Potential Loyalists,Purchased
C4482,Simran Yadav,Male,52,Udaipur,Rajasthan,2025-06-24,197,7,352922.41000000003,2,3,4,234,9,At Risk,Purchased
C4483,Meera Gupta,Female,48,Hyderabad,Telangana,2024-06-15,53,7,211823.08000000002,4,3,3,433,10,Loyal Customers,Purchased
C4484,Sneha Kumar,Male,58,Surat,Gujarat,2024-02-14,645,1,437.23,1,1,1,111,3,Hibernating,Purchased
C4485,Mohit Kapoor,Male,20,Jodhpur,Rajasthan,2024-05-31,297,3,130081.32999999999,1,2,3,123,6,At Risk,Purchased
C4486,Simran Verma,Male,51,Kolkata,West Bengal,2025-01-09,124,3,38096.7,2,2,1,221,5,Hibernating,Purchased
C4487,Meera Kumar,Female,46,Kota,Rajasthan,2023-07-07,58,2,99882.35,3,1,2,312,6,Potential Loyalists,Purchased
C4488,Nisha Chauhan,Female,55,Kolkata,West Bengal,2024-01-02,163,2,112649.5,2,1,2,212,5,Hibernating,Purchased
C4489,Manish Yadav,Male,28,Aurangabad,Maharashtra,2023-05-12,90,16,668653.61,3,5,5,355,13,Loyal Customers,Purchased
C4490,Neha Srivastava,Male,46,Chennai,Tamil Nadu,2025-10-23,35,11,390796.45,4,4,4,444,12,Champions,Purchased
C4491,Riya Joshi,Male,31,Surat,Gujarat,2024-03-21,394,3,70250.01000000001,1,2,2,122,5,Hibernating,Purchased
C4492,Vikas Kapoor,Female,23,Noida,Uttar Pradesh,2023-10-02,36,15,677906.13,4,5,5,455,14,Champions,Purchased
C4493,Sakshi Mehta,Male,45,Faridabad,Haryana,2023-08-11,11,13,844779.8300000001,5,5,5,555,15,Champions,Purchased
C4494,Riya Gupta,Female,19,Vadodara,Gujarat,2023-03-23,213,4,22489.12,2,2,1,221,5,Hibernating,Purchased
C4495,Nikhil Saxena,Male,22,Noida,Uttar Pradesh,2024-05-31,245,1,6484.18,1,1,1,111,3,Hibernating,Purchased
C4496,Aditi Saxena,Female,43,Warangal,Telangana,2025-04-25,79,8,301610.62,3,4,4,344,11,Loyal Customers,Purchased
C4497,Rohit Mishra,Female,61,Durgapur,West Bengal,2023-12-20,4,17,710685.97,5,5,5,555,15,Champions,Purchased
C4498,Ananya Bansal,Male,52,Siliguri,West Bengal,2024-03-19,19,9,357069.46,5,4,4,544,13,Champions,Purchased
C4499,Aarav Shah,Female,18,Bengaluru,Karnataka,2024-11-27,16,17,543632.12,5,5,5,555,15,Champions,Purchased
C4500,Ayush Tiwari,Male,23,Panipat,Haryana,2024-01-25,133,10,943002.1499999999,2,4,5,245,11,Can't Lose Them,Purchased
C4501,Deepak Saxena,Female,38,Bengaluru,Karnataka,2025-03-20,17,26,621715.47,5,5,5,555,15,Champions,Purchased
C4502,Rohit Sharma,Male,38,Ahmedabad,Gujarat,2023-12-18,134,7,138278.43,2,3,3,233,8,At Risk,Purchased
C4503,Sneha Srivastava,Male,19,Agra,Uttar Pradesh,2024-05-03,210,4,44700.25,2,2,1,221,5,Hibernating,Purchased
C4504,Divya Chauhan,Male,30,Jodhpur,Rajasthan,2025-12-09,115,9,312312.55,2,4,4,244,10,Can't Lose Them,Purchased
C4505,Vikas Kapoor,Male,24,Kolkata,West Bengal,2025-07-04,103,8,391507.87,3,4,4,344,11,Loyal Customers,Purchased
C4506,Meera Kumar,Female,45,Rajkot,Gujarat,2024-09-17,9,10,562145.92,5,4,5,545,14,Champions,Purchased
C4507,Nisha Saxena,Female,49,Madurai,Tamil Nadu,2024-03-05,27,17,720039.3899999999,4,5,5,455,14,Champions,Purchased
C4508,Sakshi Joshi,Male,36,Warangal,Telangana,2025-12-22,643,1,2117.59,1,1,1,111,3,Hibernating,Purchased
C4509,Vikas Mishra,Female,45,Jodhpur,Rajasthan,2024-05-21,237,6,247481.29,2,3,4,234,9,At Risk,Purchased
C4510,Aditi Srivastava,Female,27,Nagpur,Maharashtra,2024-01-12,5,37,1124755.98,5,5,5,555,15,Champions,Purchased
C4511,Sameer Mehta,Male,58,Muzaffarpur,Bihar,2024-10-14,279,2,309818.38,1,1,4,114,6,At Risk,Purchased
C4512,Rohit Srivastava,Male,18,Jaipur,Rajasthan,2024-03-29,310,4,46738.399999999994,1,2,1,121,4,Hibernating,Purchased
C4513,Varun Malhotra,Female,42,Gaya,Bihar,2025-08-31,218,11,155300.21,2,4,3,243,9,At Risk,Purchased
C4514,Vikas Yadav,Male,33,Muzaffarpur,Bihar,2023-08-20,13,3,111362.31999999999,5,2,2,522,9,New Customers,Purchased
C4515,Sneha Chauhan,Female,39,Indore,Madhya Pradesh,2023-02-24,220,3,61962.92,2,2,2,222,6,Hibernating,Purchased
C4516,Isha Mehta,Male,42,Durgapur,West Bengal,2024-04-16,80,8,203815.03,3,4,3,343,10,Loyal Customers,Purchased
C4517,Shreya Shah,Male,49,Surat,Gujarat,2025-11-04,27,19,516888.79000000004,4,5,5,455,14,Champions,Purchased
C4518,Tanya Jain,Female,62,Nagpur,Maharashtra,2023-03-09,333,1,379830.9,1,1,4,114,6,At Risk,Purchased
C4519,Divya Kumar,Female,44,Salem,Tamil Nadu,2025-06-03,25,2,121004.66,4,1,2,412,7,New Customers,Purchased
C4520,Yash Malhotra,Other,28,Kolkata,West Bengal,2023-01-01,45,6,182126.12,4,3,3,433,10,Loyal Customers,Purchased
C4521,Sakshi Jain,Male,43,Salem,Tamil Nadu,2024-09-02,10,16,366317.45,5,5,4,554,14,Champions,Purchased
C4522,Nikhil Tiwari,Female,42,Gurugram,Haryana,2024-05-11,31,6,72718.87,4,3,2,432,9,Potential Loyalists,Purchased
C4523,Shreya Chauhan,Female,59,Lucknow,Uttar Pradesh,2023-06-24,408,3,153390.5,1,2,3,123,6,At Risk,Purchased
C4524,Vivek Bansal,Female,45,Delhi,Delhi,2025-03-27,2,12,630953.5599999999,5,5,5,555,15,Champions,Purchased
C4525,Rohit Verma,Female,59,Madurai,Tamil Nadu,2023-07-11,150,2,37748.44,2,1,1,211,4,Hibernating,Purchased
C4526,Shivam Kapoor,Other,49,Hubballi,Karnataka,2024-04-23,121,10,426961.58999999997,2,4,5,245,11,Can't Lose Them,Purchased
C4527,Rahul Sharma,Female,45,Ghaziabad,Uttar Pradesh,2024-09-03,144,7,231417.21000000002,2,3,3,233,8,At Risk,Purchased
C4528,Tanya Saxena,Other,33,Varanasi,Uttar Pradesh,2024-07-21,61,7,110961.97,3,3,2,332,8,Potential Loyalists,Purchased
C4529,Mohit Patel,Female,30,Warangal,Telangana,2023-02-04,162,3,15683.14,2,2,1,221,5,Hibernating,Purchased
C4530,Ananya Tiwari,Female,22,Coimbatore,Tamil Nadu,2024-05-02,34,9,308856.54000000004,4,4,4,444,12,Champions,Purchased
C4531,Isha Agarwal,Female,44,Prayagraj,Uttar Pradesh,2024-12-17,33,22,907327.61,4,5,5,455,14,Champions,Purchased
C4532,Nisha Yadav,Female,62,Varanasi,Uttar Pradesh,2024-07-30,18,7,92661.87999999999,5,3,2,532,10,Potential Loyalists,Purchased
C4533,Sanjay Chauhan,Male,18,Bengaluru,Karnataka,2025-03-10,,,,,,,,,No Purchase,No Purchase
C4534,Ankit Shah,Male,63,Thane,Maharashtra,2025-04-29,20,30,1013017.16,5,5,5,555,15,Champions,Purchased
C4535,Arjun Srivastava,Male,59,Jodhpur,Rajasthan,2023-07-16,30,7,109444.45,4,3,2,432,9,Potential Loyalists,Purchased
C4536,Karan Tiwari,Female,39,Hyderabad,Telangana,2025-05-30,299,2,18048.86,1,1,1,111,3,Hibernating,Purchased
C4537,Neha Shah,Male,33,Nagpur,Maharashtra,2025-09-06,40,9,397686.53,4,4,4,444,12,Champions,Purchased
C4538,Nisha Patel,Male,45,Rajkot,Gujarat,2025-07-06,53,16,541487.41,4,5,5,455,14,Champions,Purchased
C4539,Ayush Mehta,Female,59,Lucknow,Uttar Pradesh,2025-07-21,37,10,114258.05,4,4,2,442,10,At Risk,Purchased
C4540,Nikhil Saxena,Male,19,New Delhi,Delhi,2023-08-21,,,,,,,,,No Purchase,No Purchase
C4541,Priya Chauhan,Female,39,Gurugram,Haryana,2024-12-14,110,10,387741.24,3,4,4,344,11,Loyal Customers,Purchased
C4542,Kavya Mishra,Female,20,Coimbatore,Tamil Nadu,2024-05-16,643,1,36342.85,1,1,1,111,3,Hibernating,Purchased
C4543,Aditi Kapoor,Male,48,Gurugram,Haryana,2025-12-13,2,8,289914.22000000003,5,4,4,544,13,Champions,Purchased
C4544,Akash Yadav,Male,21,Nashik,Maharashtra,2025-06-28,248,3,130216.88,1,2,3,123,6,At Risk,Purchased
C4545,Rakesh Joshi,Female,33,Delhi,Delhi,2023-06-26,102,7,515901.68999999994,3,3,5,335,11,Loyal Customers,Purchased
C4546,Rohit Saxena,Female,53,Mysuru,Karnataka,2025-10-28,104,3,173721.16,3,2,3,323,8,Potential Loyalists,Purchased
C4547,Varun Srivastava,Male,54,Salem,Tamil Nadu,2025-02-02,8,6,245481.95,5,3,4,534,12,Loyal Customers,Purchased
C4548,Shivam Jain,Male,28,Muzaffarpur,Bihar,2024-08-17,116,9,430416.31,2,4,5,245,11,Can't Lose Them,Purchased
C4549,Arjun Agarwal,Female,42,Noida,Uttar Pradesh,2024-05-03,24,17,680670.44,5,5,5,555,15,Champions,Purchased
C4550,Sneha Yadav,Female,26,Faridabad,Haryana,2024-06-23,22,2,107463.90000000001,5,1,2,512,8,New Customers,Purchased
C4551,Shivam Kumar,Female,46,Faridabad,Haryana,2025-04-24,78,7,409714.72,3,3,4,334,10,Loyal Customers,Purchased
C4552,Akash Agarwal,Male,18,Coimbatore,Tamil Nadu,2025-04-17,104,2,166076.89,3,1,3,313,7,Potential Loyalists,Purchased
C4553,Isha Srivastava,Other,57,Delhi,Delhi,2024-08-27,455,5,69448.56,1,3,2,132,6,At Risk,Purchased
C4554,Neha Jain,Female,19,Coimbatore,Tamil Nadu,2025-12-21,33,14,415336.80000000005,4,5,4,454,13,Champions,Purchased
C4555,Nikhil Mishra,Male,47,New Delhi,Delhi,2024-04-11,145,3,12186.529999999999,2,2,1,221,5,Hibernating,Purchased
C4556,Rakesh Kapoor,Female,37,Warangal,Telangana,2024-10-17,258,9,252283.63,1,4,4,144,9,Can't Lose Them,Purchased
C4557,Ayush Verma,Female,28,Chennai,Tamil Nadu,2023-06-30,188,5,244894.86,2,3,4,234,9,At Risk,Purchased
C4558,Amit Yadav,Female,44,Bhopal,Madhya Pradesh,2024-06-30,64,6,109202.19,3,3,2,332,8,Potential Loyalists,Purchased
C4559,Shivam Tiwari,Female,24,Vadodara,Gujarat,2025-07-02,404,1,7080.24,1,1,1,111,3,Hibernating,Purchased
C4560,Priya Singh,Male,45,Madurai,Tamil Nadu,2025-01-09,132,2,189146.29000000004,2,1,3,213,6,At Risk,Purchased
C4561,Aditi Jain,Female,48,Kolkata,West Bengal,2025-02-16,150,1,82303.70000000001,2,1,2,212,5,Hibernating,Purchased
C4562,Karan Mehta,Male,39,Coimbatore,Tamil Nadu,2023-06-27,24,1,1515.35,5,1,1,511,7,New Customers,Purchased
C4563,Ananya Verma,Female,35,Indore,Madhya Pradesh,2023-06-08,1,10,239810.0,5,4,4,544,13,Champions,Purchased
C4564,Rohit Yadav,Male,40,Nagpur,Maharashtra,2024-04-28,21,17,338709.73000000004,5,5,4,554,14,Champions,Purchased
C4565,Mohit Verma,Male,63,Gaya,Bihar,2023-12-21,42,18,1213860.68,4,5,5,455,14,Champions,Purchased
C4566,Akash Mishra,Female,54,Warangal,Telangana,2023-01-12,35,13,290163.41,4,5,4,454,13,Champions,Purchased
C4567,Meera Srivastava,Male,18,Gurugram,Haryana,2024-08-28,174,2,4735.85,2,1,1,211,4,Hibernating,Purchased
C4568,Simran Jain,Female,31,Chennai,Tamil Nadu,2025-04-05,85,5,86025.58,3,3,2,332,8,Potential Loyalists,Purchased
C4569,Kavya Jain,Male,19,Warangal,Telangana,2025-03-11,20,3,41833.31,5,2,1,521,8,New Customers,Purchased
C4570,Sameer Agarwal,Male,29,Delhi,Delhi,2023-04-23,26,10,288680.94,4,4,4,444,12,Champions,Purchased
C4571,Varun Chauhan,Male,55,Kolkata,West Bengal,2025-05-04,88,6,399044.38,3,3,4,334,10,Loyal Customers,Purchased
C4572,Nikhil Kumar,Male,59,Agra,Uttar Pradesh,2024-02-21,83,6,130715.81,3,3,3,333,9,Loyal Customers,Purchased
C4573,Ananya Srivastava,Male,39,New Delhi,Delhi,2023-06-20,267,2,191693.47999999998,1,1,3,113,5,At Risk,Purchased
C4574,Nikhil Mishra,Male,51,Mysuru,Karnataka,2024-05-31,63,9,347046.92,3,4,4,344,11,Loyal Customers,Purchased
C4575,Sameer Chauhan,Female,35,Delhi,Delhi,2023-08-26,53,9,174167.5,4,4,3,443,11,Loyal Customers,Purchased
C4576,Nikhil Mishra,Male,40,Delhi,Delhi,2025-01-06,42,8,420322.33,4,4,4,444,12,Champions,Purchased
C4577,Ankit Singh,Male,57,Warangal,Telangana,2025-03-25,149,11,649362.4400000001,2,4,5,245,11,Can't Lose Them,Purchased
C4578,Yash Shah,Male,31,Thane,Maharashtra,2025-03-05,,,,,,,,,No Purchase,No Purchase
C4579,Aarav Verma,Male,33,Kolkata,West Bengal,2023-05-08,276,4,103634.14,1,2,2,122,5,Hibernating,Purchased
C4580,Shreya Bansal,Male,24,Prayagraj,Uttar Pradesh,2024-01-17,,,,,,,,,No Purchase,No Purchase
C4581,Deepak Malhotra,Male,28,Siliguri,West Bengal,2024-06-29,60,14,455248.10000000003,3,5,5,355,13,Loyal Customers,Purchased
C4582,Aditya Malhotra,Female,19,Hyderabad,Telangana,2025-12-14,113,6,288811.33,3,3,4,334,10,Loyal Customers,Purchased
C4583,Sneha Gupta,Female,57,Hubballi,Karnataka,2024-08-20,411,4,52362.11,1,2,2,122,5,Hibernating,Purchased
C4584,Sanjay Kapoor,Female,58,Kolkata,West Bengal,2024-12-16,301,3,284984.0,1,2,4,124,7,At Risk,Purchased
C4585,Ananya Mishra,Female,38,Indore,Madhya Pradesh,2024-01-07,101,3,152446.68,3,2,3,323,8,Potential Loyalists,Purchased
C4586,Simran Chauhan,Female,46,Warangal,Telangana,2023-11-20,300,1,12976.78,1,1,1,111,3,Hibernating,Purchased
C4587,Ayush Kapoor,Male,29,Mangaluru,Karnataka,2025-05-21,398,2,58217.68,1,1,2,112,4,Hibernating,Purchased
C4588,Rahul Mehta,Male,20,Madurai,Tamil Nadu,2025-07-02,8,27,947372.74,5,5,5,555,15,Champions,Purchased
C4589,Rahul Srivastava,Female,42,Kolkata,West Bengal,2024-08-12,198,6,206324.98,2,3,3,233,8,At Risk,Purchased
C4590,Nisha Mehta,Male,25,Delhi,Delhi,2025-05-01,65,4,52752.5,3,2,2,322,7,Potential Loyalists,Purchased
C4591,Shivam Mehta,Male,58,Hyderabad,Telangana,2023-06-22,142,6,213335.02000000002,2,3,3,233,8,At Risk,Purchased
C4592,Simran Verma,Female,31,Delhi,Delhi,2024-12-08,42,9,176605.24,4,4,3,443,11,Loyal Customers,Purchased
C4593,Komal Malhotra,Male,53,Warangal,Telangana,2024-06-02,128,11,343193.41000000003,2,4,4,244,10,Can't Lose Them,Purchased
C4594,Tanya Agarwal,Male,30,Prayagraj,Uttar Pradesh,2024-07-09,248,2,1641.73,1,1,1,111,3,Hibernating,Purchased
C4595,Priya Sharma,Female,24,Ghaziabad,Uttar Pradesh,2024-10-12,7,35,815732.4,5,5,5,555,15,Champions,Purchased
C4596,Rakesh Saxena,Male,44,Patna,Bihar,2025-08-13,22,7,136003.08000000002,5,3,3,533,11,Loyal Customers,Purchased
C4597,Kavya Singh,Male,26,Gurugram,Haryana,2023-04-06,210,2,16788.73,2,1,1,211,4,Hibernating,Purchased
C4598,Shreya Malhotra,Male,37,Faridabad,Haryana,2024-01-13,493,1,5216.75,1,1,1,111,3,Hibernating,Purchased
C4599,Riya Gupta,Male,32,Muzaffarpur,Bihar,2025-05-26,62,11,429438.48999999993,3,4,5,345,12,Loyal Customers,Purchased
C4600,Rakesh Jain,Female,60,Bengaluru,Karnataka,2024-10-10,66,2,80688.5,3,1,2,312,6,Potential Loyalists,Purchased
C4601,Sneha Srivastava,Female,42,Nagpur,Maharashtra,2023-07-25,51,8,119738.52,4,4,2,442,10,At Risk,Purchased
C4602,Riya Singh,Male,52,Kanpur,Uttar Pradesh,2023-01-26,282,4,119833.05,1,2,2,122,5,Hibernating,Purchased
C4603,Simran Malhotra,Male,46,Coimbatore,Tamil Nadu,2025-12-20,,,,,,,,,No Purchase,No Purchase
C4604,Simran Joshi,Male,61,Nashik,Maharashtra,2023-05-31,42,7,528512.51,4,3,5,435,12,Loyal Customers,Purchased
C4605,Rakesh Srivastava,Female,39,Indore,Madhya Pradesh,2023-02-05,7,12,274048.75,5,5,4,554,14,Champions,Purchased
C4606,Divya Gupta,Male,59,Agra,Uttar Pradesh,2024-03-21,42,7,101391.35,4,3,2,432,9,Potential Loyalists,Purchased
C4607,Ayush Bansal,Male,61,Prayagraj,Uttar Pradesh,2024-08-28,186,3,110449.8,2,2,2,222,6,Hibernating,Purchased
C4608,Isha Patel,Female,62,Nagpur,Maharashtra,2023-10-11,421,3,242804.38,1,2,4,124,7,At Risk,Purchased
C4609,Vikas Jain,Female,51,Mumbai,Maharashtra,2023-07-03,3,5,152455.63999999998,5,3,3,533,11,Loyal Customers,Purchased
C4610,Akash Agarwal,Female,65,Aurangabad,Maharashtra,2023-04-05,347,4,115853.35,1,2,2,122,5,Hibernating,Purchased
C4611,Amit Agarwal,Female,53,Jodhpur,Rajasthan,2024-03-22,7,4,207322.15,5,2,3,523,10,New Customers,Purchased
C4612,Suresh Shah,Female,32,Delhi,Delhi,2025-11-08,,,,,,,,,No Purchase,No Purchase
C4613,Shivam Kumar,Female,25,Rajkot,Gujarat,2023-06-12,57,3,123692.7,4,2,2,422,8,New Customers,Purchased
C4614,Varun Jain,Female,28,Faridabad,Haryana,2024-09-19,77,1,832.1999999999999,3,1,1,311,5,Potential Loyalists,Purchased
C4615,Kavya Malhotra,Male,45,Ahmedabad,Gujarat,2023-08-01,509,1,499.86,1,1,1,111,3,Hibernating,Purchased
C4616,Arjun Patel,Male,25,Kota,Rajasthan,2025-01-07,,,,,,,,,No Purchase,No Purchase
C4617,Nikhil Gupta,Male,29,Delhi,Delhi,2023-03-08,20,19,499884.09,5,5,5,555,15,Champions,Purchased
C4618,Tanya Agarwal,Other,48,Kanpur,Uttar Pradesh,2023-08-11,47,11,205039.83000000002,4,4,3,443,11,Loyal Customers,Purchased
C4619,Aditi Jain,Female,33,Delhi,Delhi,2023-01-09,489,3,66343.76000000001,1,2,2,122,5,Hibernating,Purchased
C4620,Tanya Malhotra,Female,50,Muzaffarpur,Bihar,2024-12-11,23,5,111084.24,5,3,2,532,10,Potential Loyalists,Purchased
C4621,Sanjay Tiwari,Male,65,Rajkot,Gujarat,2025-02-26,12,1,25496.6,5,1,1,511,7,New Customers,Purchased
C4622,Amit Mehta,Female,22,Pune,Maharashtra,2023-07-07,58,7,169676.73,3,3,3,333,9,Loyal Customers,Purchased
C4623,Manish Malhotra,Male,48,Mangaluru,Karnataka,2024-05-11,50,22,539962.08,4,5,5,455,14,Champions,Purchased
C4624,Ankit Singh,Male,57,Hyderabad,Telangana,2023-11-18,56,7,80437.42000000001,4,3,2,432,9,Potential Loyalists,Purchased
C4625,Ayush Chauhan,Female,24,Jaipur,Rajasthan,2023-02-19,,,,,,,,,No Purchase,No Purchase
C4626,Priya Mishra,Female,55,Surat,Gujarat,2023-02-10,597,1,62606.32,1,1,2,112,4,Hibernating,Purchased
C4627,Ayush Agarwal,Female,42,Gurugram,Haryana,2025-10-25,10,12,399137.87,5,5,4,554,14,Champions,Purchased
C4628,Aarav Verma,Male,48,Jaipur,Rajasthan,2024-12-09,44,20,264165.32,4,5,4,454,13,Champions,Purchased
C4629,Deepak Singh,Male,20,Udaipur,Rajasthan,2024-12-29,102,3,22753.82,3,2,1,321,6,Potential Loyalists,Purchased
C4630,Tanya Bansal,Male,38,Nashik,Maharashtra,2023-11-20,172,9,148957.51,2,4,3,243,9,At Risk,Purchased
C4631,Komal Verma,Male,35,Kanpur,Uttar Pradesh,2023-10-17,172,8,222422.88999999998,2,4,3,243,9,At Risk,Purchased
C4632,Kavya Yadav,Female,25,Patna,Bihar,2024-04-25,6,11,353317.05,5,4,4,544,13,Champions,Purchased
C4633,Rohit Gupta,Male,54,Rajkot,Gujarat,2023-04-22,43,2,50084.32000000001,4,1,1,411,6,New Customers,Purchased
C4634,Isha Chauhan,Male,42,Mangaluru,Karnataka,2024-06-19,85,9,325832.42,3,4,4,344,11,Loyal Customers,Purchased
C4635,Mohit Bansal,Male,60,Vadodara,Gujarat,2024-07-25,106,5,141645.23,3,3,3,333,9,Loyal Customers,Purchased
C4636,Isha Tiwari,Female,25,Lucknow,Uttar Pradesh,2024-09-16,,,,,,,,,No Purchase,No Purchase
C4637,Shreya Srivastava,Female,53,Hyderabad,Telangana,2024-08-10,184,2,8600.28,2,1,1,211,4,Hibernating,Purchased
C4638,Rahul Tiwari,Male,47,Mumbai,Maharashtra,2025-07-27,235,3,194719.88999999998,2,2,3,223,7,At Risk,Purchased
C4639,Mohit Patel,Male,49,Hyderabad,Telangana,2023-09-25,188,3,6950.71,2,2,1,221,5,Hibernating,Purchased
C4640,Akash Gupta,Female,32,Salem,Tamil Nadu,2024-10-07,123,3,120449.64000000001,2,2,2,222,6,Hibernating,Purchased
C4641,Varun Mishra,Female,51,Nagpur,Maharashtra,2025-08-30,9,20,1134383.83,5,5,5,555,15,Champions,Purchased
C4642,Ananya Yadav,Male,29,Varanasi,Uttar Pradesh,2025-12-07,136,8,135399.03000000003,2,4,3,243,9,At Risk,Purchased
C4643,Mohit Kapoor,Male,54,Warangal,Telangana,2025-11-22,27,12,505694.25,4,5,5,455,14,Champions,Purchased
C4644,Amit Sharma,Other,39,Aurangabad,Maharashtra,2025-03-06,133,10,626075.7,2,4,5,245,11,Can't Lose Them,Purchased
C4645,Sneha Kumar,Female,41,Kanpur,Uttar Pradesh,2023-04-27,79,12,323330.18,3,5,4,354,12,Loyal Customers,Purchased
C4646,Nikhil Malhotra,Male,45,Siliguri,West Bengal,2025-12-18,1,16,532794.6,5,5,5,555,15,Champions,Purchased
C4647,Rahul Kumar,Male,22,New Delhi,Delhi,2023-02-05,179,5,149812.89,2,3,3,233,8,At Risk,Purchased
C4648,Sneha Sharma,Male,35,New Delhi,Delhi,2024-08-26,75,3,106081.17,3,2,2,322,7,Potential Loyalists,Purchased
C4649,Isha Kumar,Male,27,Thane,Maharashtra,2024-05-04,141,18,544911.02,2,5,5,255,12,Can't Lose Them,Purchased
C4650,Rahul Malhotra,Male,64,Faridabad,Haryana,2025-01-12,422,2,10693.18,1,1,1,111,3,Hibernating,Purchased
C4651,Sanjay Kumar,Male,38,New Delhi,Delhi,2025-05-07,,,,,,,,,No Purchase,No Purchase
C4652,Meera Kumar,Male,18,Nashik,Maharashtra,2025-03-18,180,7,277740.71,2,3,4,234,9,At Risk,Purchased
C4653,Meera Verma,Male,19,Delhi,Delhi,2023-09-06,501,2,3639.6,1,1,1,111,3,Hibernating,Purchased
C4654,Suresh Bansal,Male,61,Mumbai,Maharashtra,2025-04-06,433,2,42750.14,1,1,1,111,3,Hibernating,Purchased
C4655,Vivek Verma,Male,25,Delhi,Delhi,2025-04-09,44,11,369171.8,4,4,4,444,12,Champions,Purchased
C4656,Aarav Sharma,Female,18,Ghaziabad,Uttar Pradesh,2023-01-27,4,10,189966.36000000002,5,4,3,543,12,Loyal Customers,Purchased
C4657,Yash Tiwari,Male,28,Prayagraj,Uttar Pradesh,2024-11-28,,,,,,,,,No Purchase,No Purchase
C4658,Divya Srivastava,Female,28,Mangaluru,Karnataka,2023-05-20,32,16,587979.8,4,5,5,455,14,Champions,Purchased
C4659,Riya Gupta,Female,21,Gurugram,Haryana,2024-09-07,1,25,760635.23,5,5,5,555,15,Champions,Purchased
C4660,Manish Yadav,Female,65,Prayagraj,Uttar Pradesh,2023-09-07,212,3,211455.38,2,2,3,223,7,At Risk,Purchased
C4661,Varun Gupta,Male,20,Thane,Maharashtra,2024-01-28,63,11,218112.45,3,4,3,343,10,Loyal Customers,Purchased
C4662,Deepak Kapoor,Male,52,Bhopal,Madhya Pradesh,2023-10-25,521,1,35279.42,1,1,1,111,3,Hibernating,Purchased
C4663,Manish Yadav,Female,58,Faridabad,Haryana,2025-08-02,292,8,272474.54,1,4,4,144,9,Can't Lose Them,Purchased
C4664,Vivek Tiwari,Male,48,Udaipur,Rajasthan,2025-09-18,24,5,216072.84999999998,5,3,3,533,11,Loyal Customers,Purchased
C4665,Rohit Saxena,Male,24,Mumbai,Maharashtra,2025-05-24,109,5,220347.4,3,3,3,333,9,Loyal Customers,Purchased
C4666,Yash Mehta,Male,52,Mysuru,Karnataka,2025-03-02,496,2,73555.58,1,1,2,112,4,Hibernating,Purchased
C4667,Yash Sharma,Female,33,Thane,Maharashtra,2024-02-02,358,7,184584.41,1,3,3,133,7,At Risk,Purchased
C4668,Aditi Srivastava,Female,37,Ghaziabad,Uttar Pradesh,2023-06-06,461,1,3070.4,1,1,1,111,3,Hibernating,Purchased
C4669,Arjun Kapoor,Male,30,New Delhi,Delhi,2024-09-14,197,7,82898.96,2,3,2,232,7,At Risk,Purchased
C4670,Nikhil Bansal,Female,55,Surat,Gujarat,2024-04-11,78,19,676739.58,3,5,5,355,13,Loyal Customers,Purchased
C4671,Shivam Singh,Female,45,Delhi,Delhi,2023-11-06,98,1,72749.78,3,1,2,312,6,Potential Loyalists,Purchased
C4672,Meera Kapoor,Male,25,Ahmedabad,Gujarat,2023-09-24,10,20,573888.16,5,5,5,555,15,Champions,Purchased
C4673,Rakesh Saxena,Male,37,New Delhi,Delhi,2023-06-26,617,1,40165.02,1,1,1,111,3,Hibernating,Purchased
C4674,Simran Chauhan,Male,56,New Delhi,Delhi,2025-06-27,,,,,,,,,No Purchase,No Purchase
C4675,Simran Mehta,Female,63,Hyderabad,Telangana,2023-12-18,197,14,628231.63,2,5,5,255,12,Can't Lose Them,Purchased
C4676,Meera Shah,Female,63,Faridabad,Haryana,2025-10-01,63,7,101145.35999999999,3,3,2,332,8,Potential Loyalists,Purchased
C4677,Vikas Jain,Female,24,New Delhi,Delhi,2025-01-03,470,2,106276.46,1,1,2,112,4,Hibernating,Purchased
C4678,Yash Kapoor,Female,59,Rajkot,Gujarat,2023-06-29,470,1,12182.36,1,1,1,111,3,Hibernating,Purchased
C4679,Divya Tiwari,Male,45,Aurangabad,Maharashtra,2023-03-10,496,1,21688.32,1,1,1,111,3,Hibernating,Purchased
C4680,Yash Mehta,Female,53,Ghaziabad,Uttar Pradesh,2024-04-01,202,4,53710.95,2,2,2,222,6,Hibernating,Purchased
C4681,Deepak Verma,Female,36,Durgapur,West Bengal,2023-03-31,93,5,103878.52,3,3,2,332,8,Potential Loyalists,Purchased
C4682,Yash Sharma,Female,49,Thane,Maharashtra,2025-11-09,351,5,127338.09,1,3,2,132,6,At Risk,Purchased
C4683,Priya Joshi,Male,30,Mangaluru,Karnataka,2025-09-20,13,15,547718.5800000001,5,5,5,555,15,Champions,Purchased
C4684,Isha Srivastava,Male,43,Salem,Tamil Nadu,2024-12-20,26,8,184762.82,4,4,3,443,11,Loyal Customers,Purchased
C4685,Rahul Singh,Male,28,Mumbai,Maharashtra,2023-11-17,23,6,287222.56,5,3,4,534,12,Loyal Customers,Purchased
C4686,Manish Agarwal,Male,36,Prayagraj,Uttar Pradesh,2025-08-08,86,2,77193.7,3,1,2,312,6,Potential Loyalists,Purchased
C4687,Divya Tiwari,Female,37,New Delhi,Delhi,2024-12-09,347,1,38899.41,1,1,1,111,3,Hibernating,Purchased
C4688,Mohit Shah,Female,59,Gaya,Bihar,2024-01-27,65,1,32847.82000000001,3,1,1,311,5,Potential Loyalists,Purchased
C4689,Riya Verma,Female,48,Surat,Gujarat,2025-08-21,30,7,236504.19,4,3,3,433,10,Loyal Customers,Purchased
C4690,Rohit Agarwal,Male,49,Delhi,Delhi,2023-08-18,97,6,226616.55,3,3,3,333,9,Loyal Customers,Purchased
C4691,Aarav Jain,Male,31,Prayagraj,Uttar Pradesh,2024-09-13,277,5,161101.19999999998,1,3,3,133,7,At Risk,Purchased
C4692,Sakshi Kumar,Male,38,Ahmedabad,Gujarat,2025-01-26,210,7,475508.76,2,3,5,235,10,At Risk,Purchased
C4693,Vikas Malhotra,Other,40,Varanasi,Uttar Pradesh,2025-09-21,163,8,226992.13,2,4,3,243,9,At Risk,Purchased
C4694,Manish Mehta,Female,55,Chennai,Tamil Nadu,2023-05-31,171,2,15927.939999999999,2,1,1,211,4,Hibernating,Purchased
C4695,Manish Joshi,Male,26,Kolkata,West Bengal,2023-11-11,122,9,249934.2,2,4,4,244,10,Can't Lose Them,Purchased
C4696,Ayush Joshi,Female,20,Mysuru,Karnataka,2025-07-08,316,2,64130.09,1,1,2,112,4,Hibernating,Purchased
C4697,Akash Sharma,Female,42,Delhi,Delhi,2024-07-01,10,15,570350.39,5,5,5,555,15,Champions,Purchased
C4698,Karan Gupta,Male,57,Lucknow,Uttar Pradesh,2025-04-06,66,3,42551.39,3,2,1,321,6,Potential Loyalists,Purchased
C4699,Priya Gupta,Male,53,Kanpur,Uttar Pradesh,2025-04-27,9,12,694443.19,5,5,5,555,15,Champions,Purchased
C4700,Isha Singh,Male,56,Hubballi,Karnataka,2023-11-30,70,8,259049.80000000002,3,4,4,344,11,Loyal Customers,Purchased
C4701,Simran Kapoor,Male,36,Faridabad,Haryana,2023-12-29,523,1,17705.33,1,1,1,111,3,Hibernating,Purchased
C4702,Divya Kumar,Female,28,Aurangabad,Maharashtra,2024-06-30,166,6,209831.77999999997,2,3,3,233,8,At Risk,Purchased
C4703,Ankit Malhotra,Male,49,Rajkot,Gujarat,2023-01-31,10,6,232323.21000000002,5,3,3,533,11,Loyal Customers,Purchased
C4704,Simran Gupta,Female,19,Jodhpur,Rajasthan,2025-05-25,26,5,98554.79,4,3,2,432,9,Potential Loyalists,Purchased
C4705,Mohit Kumar,Female,60,Varanasi,Uttar Pradesh,2023-05-07,77,2,10462.419999999998,3,1,1,311,5,Potential Loyalists,Purchased
C4706,Nikhil Gupta,Female,52,Varanasi,Uttar Pradesh,2025-10-20,75,3,123757.24000000002,3,2,2,322,7,Potential Loyalists,Purchased
C4707,Aarav Shah,Female,42,New Delhi,Delhi,2025-05-02,387,1,22603.53,1,1,1,111,3,Hibernating,Purchased
C4708,Aditya Joshi,Male,27,Jodhpur,Rajasthan,2024-01-21,14,6,70756.04000000001,5,3,2,532,10,Potential Loyalists,Purchased
C4709,Varun Saxena,Female,30,Mysuru,Karnataka,2023-03-21,16,9,201057.52000000002,5,4,3,543,12,Loyal Customers,Purchased
C4710,Tanya Kumar,Male,65,Kolkata,West Bengal,2025-05-15,,,,,,,,,No Purchase,No Purchase
C4711,Karan Joshi,Female,18,Gurugram,Haryana,2024-05-06,41,6,226389.07,4,3,3,433,10,Loyal Customers,Purchased
C4712,Vivek Bansal,Female,18,Siliguri,West Bengal,2023-08-01,,,,,,,,,No Purchase,No Purchase
C4713,Suresh Mishra,Male,34,Muzaffarpur,Bihar,2024-04-15,151,5,124074.45999999999,2,3,2,232,7,At Risk,Purchased
C4714,Mohit Singh,Male,29,Kolkata,West Bengal,2025-09-16,650,1,130078.97999999998,1,1,3,113,5,At Risk,Purchased
C4715,Manish Gupta,Female,50,Gurugram,Haryana,2025-01-23,9,24,442570.48,5,5,5,555,15,Champions,Purchased
C4716,Komal Singh,Female,20,Hyderabad,Telangana,2025-01-21,191,7,197415.44999999998,2,3,3,233,8,At Risk,Purchased
C4717,Mohit Srivastava,Female,55,Siliguri,West Bengal,2024-07-17,25,4,72207.28,4,2,2,422,8,New Customers,Purchased
C4718,Tanya Agarwal,Male,55,Hyderabad,Telangana,2023-06-17,49,17,450826.57999999996,4,5,5,455,14,Champions,Purchased
C4719,Pooja Shah,Female,29,Indore,Madhya Pradesh,2025-11-05,195,2,391371.59,2,1,4,214,7,At Risk,Purchased
C4720,Vivek Bansal,Female,45,Bengaluru,Karnataka,2025-03-21,107,13,555742.3,3,5,5,355,13,Loyal Customers,Purchased
C4721,Rahul Agarwal,Male,50,Surat,Gujarat,2024-07-18,13,7,315715.96,5,3,4,534,12,Loyal Customers,Purchased
C4722,Mohit Joshi,Female,58,Chennai,Tamil Nadu,2025-03-03,330,3,35568.72,1,2,1,121,4,Hibernating,Purchased
C4723,Yash Singh,Female,53,Panipat,Haryana,2024-02-02,21,5,90436.48999999999,5,3,2,532,10,Potential Loyalists,Purchased
C4724,Varun Patel,Female,64,Hubballi,Karnataka,2025-03-23,84,11,373197.71,3,4,4,344,11,Loyal Customers,Purchased
C4725,Arjun Singh,Male,23,Hyderabad,Telangana,2025-11-25,85,6,285438.47,3,3,4,334,10,Loyal Customers,Purchased
C4726,Meera Verma,Male,47,Hyderabad,Telangana,2024-01-13,6,8,256789.32,5,4,4,544,13,Champions,Purchased
C4727,Ananya Yadav,Other,55,Patna,Bihar,2023-01-10,25,11,351154.39999999997,4,4,4,444,12,Champions,Purchased
C4728,Yash Kapoor,Female,29,Pune,Maharashtra,2025-03-21,48,7,205430.28,4,3,3,433,10,Loyal Customers,Purchased
C4729,Divya Malhotra,Male,28,Jodhpur,Rajasthan,2025-07-22,,,,,,,,,No Purchase,No Purchase
C4730,Pooja Kapoor,Female,22,Siliguri,West Bengal,2025-06-24,34,6,108173.33,4,3,2,432,9,Potential Loyalists,Purchased
C4731,Isha Singh,Male,65,Indore,Madhya Pradesh,2025-12-03,28,5,134266.68,4,3,3,433,10,Loyal Customers,Purchased
C4732,Manish Chauhan,Female,59,Bhopal,Madhya Pradesh,2024-01-16,32,7,163975.65000000002,4,3,3,433,10,Loyal Customers,Purchased
C4733,Rohit Singh,Male,23,Surat,Gujarat,2025-10-02,149,2,65568.31,2,1,2,212,5,Hibernating,Purchased
C4734,Aditya Saxena,Male,29,Vadodara,Gujarat,2023-08-16,10,10,334027.08,5,4,4,544,13,Champions,Purchased
C4735,Riya Kapoor,Other,39,Thane,Maharashtra,2024-10-04,75,6,314252.85,3,3,4,334,10,Loyal Customers,Purchased
C4736,Deepak Mehta,Male,60,Patna,Bihar,2025-08-30,22,11,386411.95,5,4,4,544,13,Champions,Purchased
C4737,Rakesh Jain,Female,57,Nagpur,Maharashtra,2025-09-29,96,12,349002.99,3,5,4,354,12,Loyal Customers,Purchased
C4738,Aditi Bansal,Female,60,Siliguri,West Bengal,2024-11-10,172,4,76758.54000000001,2,2,2,222,6,Hibernating,Purchased
C4739,Suresh Kapoor,Male,57,Warangal,Telangana,2024-08-20,5,23,1049006.59,5,5,5,555,15,Champions,Purchased
C4740,Sanjay Kumar,Female,48,Mangaluru,Karnataka,2024-05-19,175,2,50065.46,2,1,1,211,4,Hibernating,Purchased
C4741,Ananya Bansal,Female,31,Nashik,Maharashtra,2025-08-07,,,,,,,,,No Purchase,No Purchase
C4742,Ankit Singh,Female,46,Thane,Maharashtra,2025-08-21,41,14,740068.9299999999,4,5,5,455,14,Champions,Purchased
C4743,Sakshi Shah,Female,41,Faridabad,Haryana,2023-09-20,75,9,217266.34,3,4,3,343,10,Loyal Customers,Purchased
C4744,Mohit Joshi,Male,63,Madurai,Tamil Nadu,2023-05-29,59,1,46679.299999999996,3,1,1,311,5,Potential Loyalists,Purchased
C4745,Rakesh Saxena,Male,39,Kanpur,Uttar Pradesh,2025-06-10,241,17,470781.69999999995,1,5,5,155,11,Can't Lose Them,Purchased
C4746,Ayush Patel,Male,54,Siliguri,West Bengal,2025-06-06,65,3,50615.84,3,2,1,321,6,Potential Loyalists,Purchased
C4747,Komal Verma,Female,26,Mumbai,Maharashtra,2023-04-20,123,1,4373.56,2,1,1,211,4,Hibernating,Purchased
C4748,Ankit Patel,Male,50,Faridabad,Haryana,2024-06-21,33,18,942862.5,4,5,5,455,14,Champions,Purchased
C4749,Rahul Yadav,Male,39,New Delhi,Delhi,2024-07-08,10,14,604349.84,5,5,5,555,15,Champions,Purchased
C4750,Rakesh Shah,Female,38,Pune,Maharashtra,2023-02-16,13,19,819234.15,5,5,5,555,15,Champions,Purchased
C4751,Rohit Patel,Male,54,Kanpur,Uttar Pradesh,2024-12-28,374,2,177981.61,1,1,3,113,5,At Risk,Purchased
C4752,Amit Bansal,Female,41,Madurai,Tamil Nadu,2025-12-01,84,5,193966.43000000002,3,3,3,333,9,Loyal Customers,Purchased
C4753,Meera Verma,Male,20,Hubballi,Karnataka,2023-08-20,24,5,77787.64,5,3,2,532,10,Potential Loyalists,Purchased
C4754,Vikas Gupta,Male,36,Kolkata,West Bengal,2025-05-01,,,,,,,,,No Purchase,No Purchase
C4755,Shreya Patel,Male,64,Hubballi,Karnataka,2023-03-30,,,,,,,,,No Purchase,No Purchase
C4756,Vikas Singh,Male,63,New Delhi,Delhi,2023-08-24,249,2,230761.55000000002,1,1,3,113,5,At Risk,Purchased
C4757,Varun Verma,Female,47,Thane,Maharashtra,2024-09-10,51,10,545756.23,4,4,5,445,13,Champions,Purchased
C4758,Ankit Agarwal,Male,48,Thane,Maharashtra,2025-10-08,,,,,,,,,No Purchase,No Purchase
C4759,Aarav Patel,Female,30,Gwalior,Madhya Pradesh,2025-08-27,244,6,138219.66999999998,1,3,3,133,7,At Risk,Purchased
C4760,Akash Yadav,Female,55,Mumbai,Maharashtra,2025-10-21,529,1,22724.61,1,1,1,111,3,Hibernating,Purchased
C4761,Sneha Mehta,Male,46,Muzaffarpur,Bihar,2025-12-17,21,11,398900.88,5,4,4,544,13,Champions,Purchased
C4762,Sneha Srivastava,Female,19,New Delhi,Delhi,2025-05-26,108,6,218353.76,3,3,3,333,9,Loyal Customers,Purchased
C4763,Pooja Shah,Female,63,Ghaziabad,Uttar Pradesh,2024-02-02,92,13,405568.28,3,5,4,354,12,Loyal Customers,Purchased
C4764,Akash Yadav,Male,58,Nashik,Maharashtra,2023-05-20,175,8,199354.88999999998,2,4,3,243,9,At Risk,Purchased
C4765,Sneha Singh,Female,21,Agra,Uttar Pradesh,2025-06-19,59,4,134880.8,3,2,3,323,8,Potential Loyalists,Purchased
C4766,Mohit Kumar,Male,38,Hyderabad,Telangana,2023-07-24,84,30,1040477.0499999999,3,5,5,355,13,Loyal Customers,Purchased
C4767,Ankit Mehta,Female,53,Chennai,Tamil Nadu,2024-07-24,13,7,349274.19,5,3,4,534,12,Loyal Customers,Purchased
C4768,Sanjay Malhotra,Male,53,Delhi,Delhi,2025-04-05,278,2,65058.770000000004,1,1,2,112,4,Hibernating,Purchased
C4769,Divya Sharma,Female,26,Udaipur,Rajasthan,2023-02-07,86,3,68447.92,3,2,2,322,7,Potential Loyalists,Purchased
C4770,Neha Gupta,Female,19,Rajkot,Gujarat,2025-09-27,12,17,625864.81,5,5,5,555,15,Champions,Purchased
C4771,Manish Mishra,Female,65,Gwalior,Madhya Pradesh,2023-11-29,,,,,,,,,No Purchase,No Purchase
C4772,Vikas Mishra,Other,60,Muzaffarpur,Bihar,2023-08-24,10,19,492440.12,5,5,5,555,15,Champions,Purchased
C4773,Ayush Chauhan,Male,53,Kota,Rajasthan,2024-02-12,12,7,102634.48,5,3,2,532,10,Potential Loyalists,Purchased
C4774,Aditi Verma,Female,49,Hyderabad,Telangana,2024-05-19,4,11,677583.48,5,4,5,545,14,Champions,Purchased
C4775,Meera Singh,Male,50,Warangal,Telangana,2024-05-12,9,15,327914.61,5,5,4,554,14,Champions,Purchased
C4776,Simran Agarwal,Male,39,Coimbatore,Tamil Nadu,2023-06-19,85,7,306789.08,3,3,4,334,10,Loyal Customers,Purchased
C4777,Vikas Kumar,Male,50,Kota,Rajasthan,2023-07-27,84,8,1029726.97,3,4,5,345,12,Loyal Customers,Purchased
C4778,Rahul Kumar,Female,32,Varanasi,Uttar Pradesh,2024-06-07,5,11,320379.47,5,4,4,544,13,Champions,Purchased
C4779,Isha Jain,Female,22,Siliguri,West Bengal,2023-09-05,37,11,207065.55,4,4,3,443,11,Loyal Customers,Purchased
C4780,Ankit Mishra,Male,32,Gaya,Bihar,2024-12-04,21,2,70792.42,5,1,2,512,8,New Customers,Purchased
C4781,Varun Singh,Other,32,Lucknow,Uttar Pradesh,2025-09-11,17,5,150312.59000000003,5,3,3,533,11,Loyal Customers,Purchased
C4782,Karan Joshi,Female,32,Warangal,Telangana,2023-01-21,107,7,187665.7,3,3,3,333,9,Loyal Customers,Purchased
C4783,Pooja Shah,Male,40,Bhopal,Madhya Pradesh,2023-02-09,65,9,348624.07,3,4,4,344,11,Loyal Customers,Purchased
C4784,Shreya Singh,Male,24,Pune,Maharashtra,2024-12-05,18,12,371867.83,5,5,4,554,14,Champions,Purchased
C4785,Shreya Srivastava,Female,37,Salem,Tamil Nadu,2023-02-01,211,9,259511.86,2,4,4,244,10,Can't Lose Them,Purchased
C4786,Varun Yadav,Female,40,Indore,Madhya Pradesh,2024-12-01,12,9,399960.64999999997,5,4,4,544,13,Champions,Purchased
C4787,Mohit Chauhan,Male,27,Muzaffarpur,Bihar,2024-06-20,10,9,392438.46,5,4,4,544,13,Champions,Purchased
C4788,Vikas Tiwari,Female,39,Lucknow,Uttar Pradesh,2024-05-13,9,17,812859.93,5,5,5,555,15,Champions,Purchased
C4789,Rakesh Jain,Male,50,New Delhi,Delhi,2024-10-26,231,1,31523.050000000003,2,1,1,211,4,Hibernating,Purchased
C4790,Arjun Verma,Female,37,Jaipur,Rajasthan,2025-09-07,156,14,503954.58,2,5,5,255,12,Can't Lose Them,Purchased
C4791,Kavya Saxena,Male,18,Mumbai,Maharashtra,2023-05-20,52,6,361979.0,4,3,4,434,11,Loyal Customers,Purchased
C4792,Kavya Agarwal,Male,51,New Delhi,Delhi,2023-05-28,103,6,47548.29,3,3,1,331,7,Potential Loyalists,Purchased
C4793,Ankit Gupta,Male,45,Prayagraj,Uttar Pradesh,2025-02-01,11,20,683925.5599999999,5,5,5,555,15,Champions,Purchased
C4794,Shivam Mehta,Female,38,Ghaziabad,Uttar Pradesh,2023-02-26,25,26,1395140.54,4,5,5,455,14,Champions,Purchased
C4795,Aditya Patel,Male,19,Vadodara,Gujarat,2024-04-14,64,19,782218.63,3,5,5,355,13,Loyal Customers,Purchased
C4796,Rahul Srivastava,Male,22,Jaipur,Rajasthan,2024-06-26,128,3,428498.72,2,2,5,225,9,At Risk,Purchased
C4797,Aditya Kapoor,Male,21,Kota,Rajasthan,2024-03-04,73,2,43957.450000000004,3,1,1,311,5,Potential Loyalists,Purchased
C4798,Shreya Srivastava,Female,58,Siliguri,West Bengal,2024-08-06,207,2,5568.46,2,1,1,211,4,Hibernating,Purchased
C4799,Aditya Kapoor,Male,32,Mangaluru,Karnataka,2023-05-05,5,13,543800.15,5,5,5,555,15,Champions,Purchased
C4800,Kavya Joshi,Male,38,Aurangabad,Maharashtra,2023-10-20,437,1,24763.47,1,1,1,111,3,Hibernating,Purchased
C4801,Isha Shah,Male,51,Kanpur,Uttar Pradesh,2023-01-06,58,5,136511.25,3,3,3,333,9,Loyal Customers,Purchased
C4802,Nisha Chauhan,Female,49,Nagpur,Maharashtra,2025-11-18,138,4,69597.23000000001,2,2,2,222,6,Hibernating,Purchased
C4803,Rohit Chauhan,Male,21,Delhi,Delhi,2025-06-30,98,1,7828.72,3,1,1,311,5,Potential Loyalists,Purchased
C4804,Vivek Saxena,Male,62,Nashik,Maharashtra,2023-10-05,712,1,1029.3400000000001,1,1,1,111,3,Hibernating,Purchased
C4805,Ayush Bansal,Female,30,Prayagraj,Uttar Pradesh,2023-02-09,725,2,64803.74,1,1,2,112,4,Hibernating,Purchased
C4806,Karan Mehta,Female,54,Varanasi,Uttar Pradesh,2023-10-23,159,4,77343.44,2,2,2,222,6,Hibernating,Purchased
C4807,Priya Yadav,Female,57,Kota,Rajasthan,2025-11-12,105,2,1435.1799999999998,3,1,1,311,5,Potential Loyalists,Purchased
C4808,Aditya Srivastava,Male,43,Surat,Gujarat,2025-06-07,632,1,12961.419999999998,1,1,1,111,3,Hibernating,Purchased
C4809,Rohit Sharma,Female,25,Indore,Madhya Pradesh,2024-12-22,101,12,507249.19,3,5,5,355,13,Loyal Customers,Purchased
C4810,Deepak Verma,Female,44,Hyderabad,Telangana,2025-10-07,451,1,4441.0,1,1,1,111,3,Hibernating,Purchased
C4811,Tanya Jain,Female,29,Vadodara,Gujarat,2023-07-13,274,6,99014.84,1,3,2,132,6,At Risk,Purchased
C4812,Aditi Mehta,Female,58,Prayagraj,Uttar Pradesh,2024-08-10,465,3,89324.01000000001,1,2,2,122,5,Hibernating,Purchased
C4813,Tanya Mehta,Female,54,Surat,Gujarat,2025-05-19,98,2,107944.61,3,1,2,312,6,Potential Loyalists,Purchased
C4814,Nisha Gupta,Female,57,Prayagraj,Uttar Pradesh,2023-01-21,103,16,574890.37,3,5,5,355,13,Loyal Customers,Purchased
C4815,Simran Kumar,Male,57,Hubballi,Karnataka,2024-04-21,32,9,341817.32,4,4,4,444,12,Champions,Purchased
C4816,Komal Verma,Other,26,Hubballi,Karnataka,2024-01-25,,,,,,,,,No Purchase,No Purchase
C4817,Arjun Mishra,Female,19,Hubballi,Karnataka,2023-07-13,83,6,94910.31,3,3,2,332,8,Potential Loyalists,Purchased
C4818,Aarav Sharma,Female,48,Aurangabad,Maharashtra,2023-09-03,490,1,2769.0,1,1,1,111,3,Hibernating,Purchased
C4819,Deepak Malhotra,Male,47,Udaipur,Rajasthan,2025-11-26,14,4,40146.65,5,2,1,521,8,New Customers,Purchased
C4820,Vivek Verma,Male,59,Faridabad,Haryana,2024-07-13,264,3,68695.68,1,2,2,122,5,Hibernating,Purchased
C4821,Sanjay Agarwal,Female,48,Siliguri,West Bengal,2023-03-31,,,,,,,,,No Purchase,No Purchase
C4822,Nisha Mishra,Female,56,Vadodara,Gujarat,2025-01-17,98,4,98413.0,3,2,2,322,7,Potential Loyalists,Purchased
C4823,Simran Shah,Male,34,Chennai,Tamil Nadu,2024-10-09,7,28,1425746.18,5,5,5,555,15,Champions,Purchased
C4824,Rahul Srivastava,Female,23,Varanasi,Uttar Pradesh,2024-03-05,93,11,381488.38,3,4,4,344,11,Loyal Customers,Purchased
C4825,Shivam Kumar,Male,19,Siliguri,West Bengal,2024-03-10,1,9,141266.38999999998,5,4,3,543,12,Loyal Customers,Purchased
C4826,Deepak Mishra,Female,38,Madurai,Tamil Nadu,2024-08-11,397,1,5660.41,1,1,1,111,3,Hibernating,Purchased
C4827,Amit Malhotra,Female,18,Nagpur,Maharashtra,2025-10-14,45,10,389388.53,4,4,4,444,12,Champions,Purchased
C4828,Priya Sharma,Female,42,Delhi,Delhi,2025-04-12,124,3,104985.26,2,2,2,222,6,Hibernating,Purchased
C4829,Nikhil Saxena,Male,37,Indore,Madhya Pradesh,2024-03-14,57,17,257319.84999999998,4,5,4,454,13,Champions,Purchased
C4830,Rakesh Chauhan,Male,30,Vadodara,Gujarat,2023-09-27,8,15,364432.19,5,5,4,554,14,Champions,Purchased
C4831,Rakesh Joshi,Male,46,Hubballi,Karnataka,2023-04-30,21,3,25439.659999999996,5,2,1,521,8,New Customers,Purchased
C4832,Komal Chauhan,Female,50,Rajkot,Gujarat,2023-08-03,108,3,111527.48999999999,3,2,2,322,7,Potential Loyalists,Purchased
C4833,Sanjay Jain,Female,19,Hubballi,Karnataka,2023-05-31,155,3,26890.48,2,2,1,221,5,Hibernating,Purchased
C4834,Tanya Jain,Female,40,Mysuru,Karnataka,2025-06-01,355,1,14091.699999999999,1,1,1,111,3,Hibernating,Purchased
C4835,Ayush Kumar,Female,63,New Delhi,Delhi,2024-09-22,1,6,100617.03,5,3,2,532,10,Potential Loyalists,Purchased
C4836,Rohit Sharma,Male,32,Mangaluru,Karnataka,2023-02-10,32,6,340903.97,4,3,4,434,11,Loyal Customers,Purchased
C4837,Ananya Verma,Male,55,Jaipur,Rajasthan,2025-10-11,130,8,304992.64999999997,2,4,4,244,10,Can't Lose Them,Purchased
C4838,Riya Patel,Female,34,Lucknow,Uttar Pradesh,2023-06-14,240,9,162112.76,1,4,3,143,8,At Risk,Purchased
C4839,Rahul Shah,Female,31,Warangal,Telangana,2024-12-07,263,5,145390.03,1,3,3,133,7,At Risk,Purchased
C4840,Aditya Verma,Male,59,Nashik,Maharashtra,2023-01-14,540,1,183611.52,1,1,3,113,5,At Risk,Purchased
C4841,Pooja Joshi,Female,35,Udaipur,Rajasthan,2024-10-06,175,3,60046.72,2,2,2,222,6,Hibernating,Purchased
C4842,Karan Gupta,Female,59,Kota,Rajasthan,2024-08-31,6,6,101117.45,5,3,2,532,10,Potential Loyalists,Purchased
C4843,Aditi Mishra,Male,49,Jaipur,Rajasthan,2025-09-22,176,5,207766.02000000002,2,3,3,233,8,At Risk,Purchased
C4844,Karan Gupta,Male,56,Rajkot,Gujarat,2024-10-19,253,2,159427.84,1,1,3,113,5,At Risk,Purchased
C4845,Karan Malhotra,Female,57,Gaya,Bihar,2024-06-19,406,2,5961.17,1,1,1,111,3,Hibernating,Purchased
C4846,Yash Shah,Male,61,Coimbatore,Tamil Nadu,2024-08-04,35,22,679534.28,4,5,5,455,14,Champions,Purchased
C4847,Akash Kapoor,Male,44,Siliguri,West Bengal,2024-11-24,,,,,,,,,No Purchase,No Purchase
C4848,Ayush Singh,Female,63,Udaipur,Rajasthan,2024-03-29,3,24,734047.0399999999,5,5,5,555,15,Champions,Purchased
C4849,Rohit Jain,Other,20,Nashik,Maharashtra,2025-02-20,339,3,351937.36,1,2,4,124,7,At Risk,Purchased
C4850,Manish Chauhan,Male,41,Nagpur,Maharashtra,2024-08-02,616,1,15733.550000000001,1,1,1,111,3,Hibernating,Purchased
C4851,Amit Singh,Male,37,Bengaluru,Karnataka,2025-11-27,193,5,154448.25999999998,2,3,3,233,8,At Risk,Purchased
C4852,Sakshi Jain,Female,22,Pune,Maharashtra,2023-08-01,674,1,39621.56,1,1,1,111,3,Hibernating,Purchased
C4853,Vivek Sharma,Male,59,New Delhi,Delhi,2025-03-09,16,15,498407.22000000003,5,5,5,555,15,Champions,Purchased
C4854,Nikhil Kumar,Female,56,Mysuru,Karnataka,2025-06-23,15,13,227921.31,5,5,3,553,13,Loyal Customers,Purchased
C4855,Aditi Patel,Female,53,Vadodara,Gujarat,2025-02-25,97,8,79838.84,3,4,2,342,9,At Risk,Purchased
C4856,Suresh Gupta,Male,48,Aurangabad,Maharashtra,2025-12-09,11,3,104102.22,5,2,2,522,9,New Customers,Purchased
C4857,Yash Shah,Female,46,Hyderabad,Telangana,2024-04-20,116,4,40656.49,2,2,1,221,5,Hibernating,Purchased
C4858,Priya Tiwari,Male,36,Mysuru,Karnataka,2024-08-14,47,9,298845.75,4,4,4,444,12,Champions,Purchased
C4859,Meera Verma,Female,50,Jaipur,Rajasthan,2023-06-18,71,19,722229.4,3,5,5,355,13,Loyal Customers,Purchased
C4860,Vikas Kumar,Female,64,Ghaziabad,Uttar Pradesh,2024-02-14,115,14,294364.0,2,5,4,254,11,Can't Lose Them,Purchased
C4861,Ankit Saxena,Male,30,Mangaluru,Karnataka,2023-06-24,47,9,470740.37,4,4,5,445,13,Champions,Purchased
C4862,Aditya Patel,Male,34,Lucknow,Uttar Pradesh,2025-05-17,97,4,18848.31,3,2,1,321,6,Potential Loyalists,Purchased
C4863,Sameer Srivastava,Female,23,Jodhpur,Rajasthan,2025-05-06,108,5,259673.26,3,3,4,334,10,Loyal Customers,Purchased
C4864,Arjun Mishra,Male,61,Delhi,Delhi,2023-07-31,53,11,169233.08,4,4,3,443,11,Loyal Customers,Purchased
C4865,Pooja Joshi,Male,43,Gwalior,Madhya Pradesh,2025-05-29,336,3,43182.55999999999,1,2,1,121,4,Hibernating,Purchased
C4866,Shreya Tiwari,Male,46,Delhi,Delhi,2023-12-18,14,4,65881.7,5,2,2,522,9,New Customers,Purchased
C4867,Priya Gupta,Male,30,Surat,Gujarat,2025-03-10,343,4,184162.25,1,2,3,123,6,At Risk,Purchased
C4868,Deepak Saxena,Female,19,Thane,Maharashtra,2025-10-26,6,18,574369.43,5,5,5,555,15,Champions,Purchased
C4869,Pooja Joshi,Male,56,Vadodara,Gujarat,2025-06-27,27,6,144368.53,4,3,3,433,10,Loyal Customers,Purchased
C4870,Rohit Saxena,Male,59,Mangaluru,Karnataka,2023-07-23,142,8,233770.03,2,4,3,243,9,At Risk,Purchased
C4871,Divya Gupta,Male,34,New Delhi,Delhi,2023-07-17,96,1,19663.06,3,1,1,311,5,Potential Loyalists,Purchased
C4872,Suresh Jain,Female,54,Thane,Maharashtra,2023-05-03,134,14,337873.12,2,5,4,254,11,Can't Lose Them,Purchased
C4873,Vivek Kumar,Female,45,Noida,Uttar Pradesh,2025-07-10,41,6,275478.15,4,3,4,434,11,Loyal Customers,Purchased
C4874,Karan Chauhan,Female,48,Ghaziabad,Uttar Pradesh,2024-08-21,41,17,308302.41000000003,4,5,4,454,13,Champions,Purchased
C4875,Yash Singh,Female,26,Muzaffarpur,Bihar,2023-06-20,2,51,2354475.7399999998,5,5,5,555,15,Champions,Purchased
C4876,Vivek Singh,Female,47,Mangaluru,Karnataka,2024-10-05,238,3,61439.47,2,2,2,222,6,Hibernating,Purchased
C4877,Ananya Srivastava,Male,25,Varanasi,Uttar Pradesh,2024-08-03,3,11,206898.02,5,4,3,543,12,Loyal Customers,Purchased
C4878,Arjun Mishra,Male,28,Patna,Bihar,2024-10-15,17,17,642385.1900000001,5,5,5,555,15,Champions,Purchased
C4879,Arjun Mehta,Male,35,Ghaziabad,Uttar Pradesh,2024-11-26,150,6,324061.69,2,3,4,234,9,At Risk,Purchased
C4880,Akash Yadav,Male,28,Mysuru,Karnataka,2023-06-30,175,1,79023.68999999999,2,1,2,212,5,Hibernating,Purchased
C4881,Meera Joshi,Other,61,Kolkata,West Bengal,2024-02-29,47,13,556565.4,4,5,5,455,14,Champions,Purchased
C4882,Priya Gupta,Male,19,Gwalior,Madhya Pradesh,2025-02-28,47,20,448615.87,4,5,5,455,14,Champions,Purchased
C4883,Pooja Patel,Female,61,Durgapur,West Bengal,2025-09-22,579,1,37148.9,1,1,1,111,3,Hibernating,Purchased
C4884,Mohit Shah,Male,25,Mysuru,Karnataka,2023-09-23,290,7,58455.8,1,3,2,132,6,At Risk,Purchased
C4885,Meera Mishra,Male,59,Gaya,Bihar,2024-09-17,33,3,68494.74,4,2,2,422,8,New Customers,Purchased
C4886,Vikas Yadav,Male,34,Agra,Uttar Pradesh,2025-11-04,481,3,65929.11,1,2,2,122,5,Hibernating,Purchased
C4887,Meera Kumar,Male,62,Patna,Bihar,2024-10-20,,,,,,,,,No Purchase,No Purchase
C4888,Shreya Kapoor,Male,43,Faridabad,Haryana,2023-09-07,183,12,314969.52,2,5,4,254,11,Can't Lose Them,Purchased
C4889,Shreya Gupta,Female,41,Gwalior,Madhya Pradesh,2024-10-01,126,3,28065.46,2,2,1,221,5,Hibernating,Purchased
C4890,Pooja Yadav,Female,24,Nagpur,Maharashtra,2023-01-19,65,18,911812.9,3,5,5,355,13,Loyal Customers,Purchased
C4891,Varun Mishra,Female,38,Prayagraj,Uttar Pradesh,2024-06-19,240,6,202743.84,1,3,3,133,7,At Risk,Purchased
C4892,Nikhil Patel,Female,44,Kota,Rajasthan,2024-09-13,279,5,76824.09999999999,1,3,2,132,6,At Risk,Purchased
C4893,Varun Kapoor,Male,65,Salem,Tamil Nadu,2023-03-03,246,3,81395.88,1,2,2,122,5,Hibernating,Purchased
C4894,Vivek Jain,Other,30,Madurai,Tamil Nadu,2023-08-11,251,5,120223.59,1,3,2,132,6,At Risk,Purchased
C4895,Vivek Srivastava,Male,21,Gwalior,Madhya Pradesh,2025-12-18,17,5,19499.92,5,3,1,531,9,Potential Loyalists,Purchased
C4896,Rahul Malhotra,Male,30,Vadodara,Gujarat,2024-11-19,15,12,472947.07999999996,5,5,5,555,15,Champions,Purchased
C4897,Rakesh Saxena,Male,29,Delhi,Delhi,2024-05-17,122,5,250330.05,2,3,4,234,9,At Risk,Purchased
C4898,Kavya Kapoor,Female,63,Mangaluru,Karnataka,2023-09-08,17,24,695385.81,5,5,5,555,15,Champions,Purchased
C4899,Nisha Kumar,Female,25,Prayagraj,Uttar Pradesh,2023-05-16,24,17,273274.88,5,5,4,554,14,Champions,Purchased
C4900,Mohit Chauhan,Female,65,Aurangabad,Maharashtra,2024-04-13,20,19,707626.3300000001,5,5,5,555,15,Champions,Purchased
C4901,Tanya Bansal,Female,23,Ghaziabad,Uttar Pradesh,2024-08-20,61,12,590698.66,3,5,5,355,13,Loyal Customers,Purchased
C4902,Aditya Mehta,Male,56,Warangal,Telangana,2023-07-16,80,3,73258.35,3,2,2,322,7,Potential Loyalists,Purchased
C4903,Varun Gupta,Female,37,Udaipur,Rajasthan,2025-05-26,2,12,451382.29,5,5,5,555,15,Champions,Purchased
C4904,Kavya Gupta,Female,20,Salem,Tamil Nadu,2024-04-14,17,20,793130.02,5,5,5,555,15,Champions,Purchased
C4905,Komal Joshi,Female,47,New Delhi,Delhi,2023-03-03,81,23,761982.4099999999,3,5,5,355,13,Loyal Customers,Purchased
C4906,Komal Jain,Male,52,Jaipur,Rajasthan,2023-05-30,127,2,29351.75,2,1,1,211,4,Hibernating,Purchased
C4907,Nikhil Malhotra,Male,58,Warangal,Telangana,2025-08-01,70,11,309280.99,3,4,4,344,11,Loyal Customers,Purchased
C4908,Rohit Agarwal,Male,26,Faridabad,Haryana,2024-01-06,,,,,,,,,No Purchase,No Purchase
C4909,Manish Shah,Female,47,Coimbatore,Tamil Nadu,2024-02-13,45,14,332334.06,4,5,4,454,13,Champions,Purchased
C4910,Amit Gupta,Male,45,Warangal,Telangana,2023-08-06,164,4,12068.72,2,2,1,221,5,Hibernating,Purchased
C4911,Aditi Gupta,Male,39,Chennai,Tamil Nadu,2025-06-03,105,2,143575.85,3,1,3,313,7,Potential Loyalists,Purchased
C4912,Deepak Singh,Female,60,Mysuru,Karnataka,2025-06-12,37,11,487993.77,4,4,5,445,13,Champions,Purchased
C4913,Akash Saxena,Female,38,Gurugram,Haryana,2023-09-23,71,3,184411.72,3,2,3,323,8,Potential Loyalists,Purchased
C4914,Deepak Mehta,Female,36,New Delhi,Delhi,2025-03-09,32,10,128855.35999999999,4,4,2,442,10,At Risk,Purchased
C4915,Amit Tiwari,Female,43,Hubballi,Karnataka,2024-05-10,341,4,111842.07999999999,1,2,2,122,5,Hibernating,Purchased
C4916,Isha Kapoor,Female,62,Delhi,Delhi,2023-07-02,39,11,362098.64,4,4,4,444,12,Champions,Purchased
C4917,Sanjay Bansal,Male,59,Chennai,Tamil Nadu,2025-05-21,53,6,10232.36,4,3,1,431,8,Potential Loyalists,Purchased
C4918,Sanjay Shah,Female,52,Coimbatore,Tamil Nadu,2023-04-01,4,37,1288605.52,5,5,5,555,15,Champions,Purchased
C4919,Varun Saxena,Male,21,Jaipur,Rajasthan,2025-08-15,9,8,192898.87,5,4,3,543,12,Loyal Customers,Purchased
C4920,Neha Tiwari,Male,32,Hubballi,Karnataka,2023-01-29,93,5,246402.03,3,3,4,334,10,Loyal Customers,Purchased
C4921,Aditya Kapoor,Other,18,Pune,Maharashtra,2023-12-20,115,4,276132.95,2,2,4,224,8,At Risk,Purchased
C4922,Komal Kumar,Female,22,Faridabad,Haryana,2023-09-06,41,11,197381.6,4,4,3,443,11,Loyal Customers,Purchased
C4923,Riya Malhotra,Female,57,New Delhi,Delhi,2023-09-15,2,46,2077155.53,5,5,5,555,15,Champions,Purchased
C4924,Komal Kumar,Male,57,Indore,Madhya Pradesh,2024-06-09,9,16,634464.86,5,5,5,555,15,Champions,Purchased
C4925,Vivek Singh,Female,22,Thane,Maharashtra,2025-04-03,9,6,127979.06999999999,5,3,2,532,10,Potential Loyalists,Purchased
C4926,Mohit Malhotra,Male,39,Vadodara,Gujarat,2024-03-13,526,1,588.19,1,1,1,111,3,Hibernating,Purchased
C4927,Kavya Saxena,Male,31,Coimbatore,Tamil Nadu,2024-07-18,47,3,70102.8,4,2,2,422,8,New Customers,Purchased
C4928,Komal Gupta,Male,21,Hyderabad,Telangana,2025-11-29,177,7,654330.65,2,3,5,235,10,At Risk,Purchased
C4929,Karan Singh,Male,36,Varanasi,Uttar Pradesh,2024-06-29,673,1,67972.58,1,1,2,112,4,Hibernating,Purchased
C4930,Sneha Srivastava,Male,22,Indore,Madhya Pradesh,2025-05-17,31,7,580854.77,4,3,5,435,12,Loyal Customers,Purchased
C4931,Sameer Kumar,Female,53,Salem,Tamil Nadu,2024-02-26,97,10,580050.51,3,4,5,345,12,Loyal Customers,Purchased
C4932,Ayush Sharma,Male,64,Vadodara,Gujarat,2023-03-27,204,1,43434.34,2,1,1,211,4,Hibernating,Purchased
C4933,Priya Kapoor,Female,38,Chennai,Tamil Nadu,2023-10-08,19,15,565940.49,5,5,5,555,15,Champions,Purchased
C4934,Ayush Saxena,Female,29,Agra,Uttar Pradesh,2023-06-24,394,2,31870.12,1,1,1,111,3,Hibernating,Purchased
C4935,Karan Shah,Male,41,Salem,Tamil Nadu,2025-09-20,,,,,,,,,No Purchase,No Purchase
C4936,Shivam Shah,Female,64,Pune,Maharashtra,2023-01-30,,,,,,,,,No Purchase,No Purchase
C4937,Priya Mishra,Male,25,Delhi,Delhi,2025-06-19,473,4,85792.14,1,2,2,122,5,Hibernating,Purchased
C4938,Nisha Verma,Female,50,Udaipur,Rajasthan,2023-06-01,,,,,,,,,No Purchase,No Purchase
C4939,Kavya Bansal,Male,22,Salem,Tamil Nadu,2023-06-14,214,3,30598.530000000002,2,2,1,221,5,Hibernating,Purchased
C4940,Simran Saxena,Male,32,Agra,Uttar Pradesh,2024-08-02,,,,,,,,,No Purchase,No Purchase
C4941,Meera Mishra,Male,39,Prayagraj,Uttar Pradesh,2023-03-26,,,,,,,,,No Purchase,No Purchase
C4942,Akash Yadav,Female,36,Thane,Maharashtra,2025-04-29,168,4,32209.1,2,2,1,221,5,Hibernating,Purchased
C4943,Sakshi Yadav,Male,26,Aurangabad,Maharashtra,2023-03-07,20,2,54945.909999999996,5,1,2,512,8,New Customers,Purchased
C4944,Suresh Singh,Female,55,Surat,Gujarat,2024-10-15,39,25,812475.6699999999,4,5,5,455,14,Champions,Purchased
C4945,Nikhil Yadav,Male,50,Thane,Maharashtra,2023-05-10,75,3,109834.78,3,2,2,322,7,Potential Loyalists,Purchased
C4946,Priya Sharma,Female,38,Gurugram,Haryana,2023-04-04,110,6,220763.58,3,3,3,333,9,Loyal Customers,Purchased
C4947,Nikhil Bansal,Male,38,Aurangabad,Maharashtra,2025-01-03,166,7,250884.77,2,3,4,234,9,At Risk,Purchased
C4948,Ankit Yadav,Male,21,Ghaziabad,Uttar Pradesh,2024-03-05,8,13,396620.3,5,5,4,554,14,Champions,Purchased
C4949,Nisha Malhotra,Male,49,Gurugram,Haryana,2023-01-22,66,17,802270.03,3,5,5,355,13,Loyal Customers,Purchased
C4950,Pooja Shah,Male,29,Delhi,Delhi,2025-01-16,100,13,535342.89,3,5,5,355,13,Loyal Customers,Purchased
C4951,Meera Saxena,Female,32,Hubballi,Karnataka,2025-11-27,148,7,402340.68,2,3,4,234,9,At Risk,Purchased
C4952,Sanjay Chauhan,Female,59,Patna,Bihar,2024-09-06,266,6,52502.44000000001,1,3,2,132,6,At Risk,Purchased
C4953,Vikas Agarwal,Male,48,Gwalior,Madhya Pradesh,2024-02-21,200,10,303953.7,2,4,4,244,10,Can't Lose Them,Purchased
C4954,Meera Singh,Male,51,Durgapur,West Bengal,2025-07-12,6,13,696906.08,5,5,5,555,15,Champions,Purchased
C4955,Sameer Kapoor,Male,30,Ghaziabad,Uttar Pradesh,2024-01-04,87,5,147990.61,3,3,3,333,9,Loyal Customers,Purchased
C4956,Mohit Sharma,Female,42,Ahmedabad,Gujarat,2024-11-02,26,9,262919.69,4,4,4,444,12,Champions,Purchased
C4957,Yash Verma,Female,18,Muzaffarpur,Bihar,2024-06-03,13,11,908560.83,5,4,5,545,14,Champions,Purchased
C4958,Sakshi Singh,Female,29,Gwalior,Madhya Pradesh,2025-03-06,78,10,304892.29,3,4,4,344,11,Loyal Customers,Purchased
C4959,Akash Srivastava,Female,56,Noida,Uttar Pradesh,2024-07-21,36,9,245703.55,4,4,4,444,12,Champions,Purchased
C4960,Shivam Sharma,Male,40,Mangaluru,Karnataka,2024-06-11,165,10,144576.78999999998,2,4,3,243,9,At Risk,Purchased
C4961,Ananya Patel,Male,48,Delhi,Delhi,2024-04-04,366,4,57343.35,1,2,2,122,5,Hibernating,Purchased
C4962,Shreya Jain,Female,55,Ghaziabad,Uttar Pradesh,2023-11-20,314,7,108247.38,1,3,2,132,6,At Risk,Purchased
C4963,Ankit Malhotra,Male,62,Jaipur,Rajasthan,2024-06-16,41,7,319505.82,4,3,4,434,11,Loyal Customers,Purchased
C4964,Sameer Yadav,Male,21,Aurangabad,Maharashtra,2023-03-08,151,18,229819.33,2,5,3,253,10,At Risk,Purchased
C4965,Shreya Srivastava,Male,45,Delhi,Delhi,2024-01-08,,,,,,,,,No Purchase,No Purchase
C4966,Aditi Kapoor,Female,65,Lucknow,Uttar Pradesh,2023-03-25,18,12,277161.55,5,5,4,554,14,Champions,Purchased
C4967,Simran Jain,Female,27,Coimbatore,Tamil Nadu,2023-12-19,95,4,41844.48,3,2,1,321,6,Potential Loyalists,Purchased
C4968,Varun Agarwal,Other,59,Prayagraj,Uttar Pradesh,2024-01-21,41,14,535971.97,4,5,5,455,14,Champions,Purchased
C4969,Deepak Saxena,Male,45,Hubballi,Karnataka,2023-01-30,5,13,125461.25,5,5,2,552,12,At Risk,Purchased
C4970,Manish Bansal,Male,33,Kanpur,Uttar Pradesh,2023-11-21,56,7,94342.97,4,3,2,432,9,Potential Loyalists,Purchased
C4971,Manish Agarwal,Male,55,Muzaffarpur,Bihar,2025-01-05,1,16,591364.11,5,5,5,555,15,Champions,Purchased
C4972,Shreya Mishra,Female,59,Varanasi,Uttar Pradesh,2025-11-28,,,,,,,,,No Purchase,No Purchase
C4973,Vivek Sharma,Male,24,Chennai,Tamil Nadu,2024-11-06,,,,,,,,,No Purchase,No Purchase
C4974,Aarav Singh,Female,50,Nashik,Maharashtra,2025-02-18,89,17,778328.61,3,5,5,355,13,Loyal Customers,Purchased
C4975,Karan Singh,Female,62,Prayagraj,Uttar Pradesh,2025-01-02,1,16,126089.31999999999,5,5,2,552,12,At Risk,Purchased
C4976,Neha Sharma,Female,49,Mumbai,Maharashtra,2025-10-31,90,8,118459.32,3,4,2,342,9,At Risk,Purchased
C4977,Varun Gupta,Female,44,Noida,Uttar Pradesh,2025-10-27,155,4,335610.72,2,2,4,224,8,At Risk,Purchased
C4978,Tanya Srivastava,Male,24,Noida,Uttar Pradesh,2023-05-06,145,1,1309.72,2,1,1,211,4,Hibernating,Purchased
C4979,Shreya Bansal,Female,39,Madurai,Tamil Nadu,2024-06-02,8,11,85688.54999999999,5,4,2,542,11,At Risk,Purchased
C4980,Varun Saxena,Male,61,Jaipur,Rajasthan,2025-09-21,,,,,,,,,No Purchase,No Purchase
C4981,Rohit Joshi,Female,56,Ghaziabad,Uttar Pradesh,2025-08-23,19,10,279770.16,5,4,4,544,13,Champions,Purchased
C4982,Pooja Joshi,Female,39,Bengaluru,Karnataka,2024-08-08,51,2,87849.35,4,1,2,412,7,New Customers,Purchased
C4983,Neha Kumar,Female,32,Ahmedabad,Gujarat,2024-05-01,78,11,442992.43999999994,3,4,5,345,12,Loyal Customers,Purchased
C4984,Komal Malhotra,Male,56,Pune,Maharashtra,2023-03-05,117,3,388005.19,2,2,4,224,8,At Risk,Purchased
C4985,Sneha Yadav,Female,64,Delhi,Delhi,2024-06-06,34,11,242910.6,4,4,4,444,12,Champions,Purchased
C4986,Varun Shah,Female,32,Ghaziabad,Uttar Pradesh,2024-07-08,14,9,174620.76,5,4,3,543,12,Loyal Customers,Purchased
C4987,Amit Chauhan,Female,56,Pune,Maharashtra,2024-11-24,44,6,424280.87,4,3,5,435,12,Loyal Customers,Purchased
C4988,Aditya Srivastava,Other,32,Mangaluru,Karnataka,2024-07-25,129,4,234915.32,2,2,3,223,7,At Risk,Purchased
C4989,Pooja Verma,Female,57,Muzaffarpur,Bihar,2023-08-25,407,1,558.0600000000001,1,1,1,111,3,Hibernating,Purchased
C4990,Aarav Kapoor,Male,64,Muzaffarpur,Bihar,2025-11-26,12,12,269267.75,5,5,4,554,14,Champions,Purchased
C4991,Simran Kumar,Male,49,Patna,Bihar,2023-08-27,32,2,2206.66,4,1,1,411,6,New Customers,Purchased
C4992,Shreya Sharma,Male,41,Hubballi,Karnataka,2024-02-23,191,3,37580.630000000005,2,2,1,221,5,Hibernating,Purchased
C4993,Vikas Sharma,Female,33,Ghaziabad,Uttar Pradesh,2024-07-12,29,8,142061.78,4,4,3,443,11,Loyal Customers,Purchased
C4994,Aditya Gupta,Female,20,Delhi,Delhi,2023-11-18,179,7,384111.55,2,3,4,234,9,At Risk,Purchased
C4995,Nikhil Malhotra,Male,20,Nashik,Maharashtra,2023-03-17,251,6,335035.01,1,3,4,134,8,At Risk,Purchased
C4996,Yash Agarwal,Male,58,Kanpur,Uttar Pradesh,2024-10-31,32,3,167585.75,4,2,3,423,9,New Customers,Purchased
C4997,Aditya Sharma,Female,49,Ghaziabad,Uttar Pradesh,2023-09-17,4,10,477902.19999999995,5,4,5,545,14,Champions,Purchased
C4998,Pooja Chauhan,Female,28,Hubballi,Karnataka,2025-08-20,343,7,108581.77,1,3,2,132,6,At Risk,Purchased
C4999,Karan Shah,Other,44,Delhi,Delhi,2024-04-13,179,2,25786.91,2,1,1,211,4,Hibernating,Purchased
C5000,Nisha Agarwal,Male,60,Thane,Maharashtra,2024-05-22,644,1,18437.76,1,1,1,111,3,Hibernating,Purchased
C5001,Varun Shah,Female,49,Siliguri,West Bengal,2025-11-05,88,11,249087.97,3,4,4,344,11,Loyal Customers,Purchased
C5002,Sneha Shah,Male,61,Delhi,Delhi,2023-01-30,358,2,11141.23,1,1,1,111,3,Hibernating,Purchased
C5003,Aditya Patel,Male,23,Gurugram,Haryana,2024-02-19,79,9,478954.83999999997,3,4,5,345,12,Loyal Customers,Purchased
C5004,Vikas Joshi,Female,21,Aurangabad,Maharashtra,2023-03-08,94,15,728441.85,3,5,5,355,13,Loyal Customers,Purchased
C5005,Vivek Srivastava,Male,49,Madurai,Tamil Nadu,2023-06-01,27,7,217570.15,4,3,3,433,10,Loyal Customers,Purchased
C5006,Isha Mishra,Female,45,Nashik,Maharashtra,2025-10-03,2,23,1503803.1099999999,5,5,5,555,15,Champions,Purchased
C5007,Manish Patel,Male,51,Chennai,Tamil Nadu,2023-04-22,31,7,210728.91999999998,4,3,3,433,10,Loyal Customers,Purchased
C5008,Priya Sharma,Male,65,Agra,Uttar Pradesh,2025-11-13,100,6,137955.78,3,3,3,333,9,Loyal Customers,Purchased
C5009,Simran Srivastava,Female,23,Mumbai,Maharashtra,2025-05-08,53,15,378683.07,4,5,4,454,13,Champions,Purchased
C5010,Sameer Mishra,Male,62,Rajkot,Gujarat,2024-12-03,217,3,93264.29999999999,2,2,2,222,6,Hibernating,Purchased
C5011,Yash Yadav,Male,20,Thane,Maharashtra,2025-03-23,78,12,577965.82,3,5,5,355,13,Loyal Customers,Purchased
C5012,Manish Chauhan,Male,43,Nagpur,Maharashtra,2023-07-22,300,3,130075.23000000001,1,2,3,123,6,At Risk,Purchased
C5013,Rakesh Mehta,Male,57,Gwalior,Madhya Pradesh,2023-05-09,74,13,225467.28,3,5,3,353,11,Loyal Customers,Purchased
C5014,Ayush Kumar,Female,50,Prayagraj,Uttar Pradesh,2024-02-08,12,15,482257.60000000003,5,5,5,555,15,Champions,Purchased
C5015,Tanya Yadav,Male,28,Ahmedabad,Gujarat,2025-04-17,86,1,27154.71,3,1,1,311,5,Potential Loyalists,Purchased
C5016,Shreya Agarwal,Female,47,Chennai,Tamil Nadu,2023-12-01,33,5,298461.89,4,3,4,434,11,Loyal Customers,Purchased
C5017,Priya Chauhan,Female,61,Pune,Maharashtra,2023-07-12,161,12,199860.15,2,5,3,253,10,At Risk,Purchased
C5018,Sakshi Jain,Female,27,Bengaluru,Karnataka,2025-05-09,316,3,106382.13999999998,1,2,2,122,5,Hibernating,Purchased
C5019,Nikhil Verma,Male,62,Varanasi,Uttar Pradesh,2024-11-25,117,2,14183.44,2,1,1,211,4,Hibernating,Purchased
C5020,Rohit Mehta,Female,49,Siliguri,West Bengal,2024-08-11,216,4,65937.13,2,2,2,222,6,Hibernating,Purchased
C5021,Amit Jain,Female,22,Nashik,Maharashtra,2024-03-27,48,16,504521.39,4,5,5,455,14,Champions,Purchased
C5022,Sanjay Singh,Male,33,Mumbai,Maharashtra,2025-05-03,119,11,315300.16,2,4,4,244,10,Can't Lose Them,Purchased
C5023,Aditya Srivastava,Female,59,Delhi,Delhi,2025-03-15,9,5,113393.15000000001,5,3,2,532,10,Potential Loyalists,Purchased
C5024,Sanjay Sharma,Male,34,Gwalior,Madhya Pradesh,2024-01-30,121,6,208000.46000000002,2,3,3,233,8,At Risk,Purchased
C5025,Rahul Srivastava,Male,63,Warangal,Telangana,2023-05-22,44,1,2603.25,4,1,1,411,6,New Customers,Purchased
C5026,Aarav Bansal,Female,38,Indore,Madhya Pradesh,2025-08-10,30,2,34228.189999999995,4,1,1,411,6,New Customers,Purchased
C5027,Yash Singh,Male,34,Jodhpur,Rajasthan,2023-05-30,,,,,,,,,No Purchase,No Purchase
C5028,Isha Kapoor,Male,58,Udaipur,Rajasthan,2024-04-14,122,1,393.51,2,1,1,211,4,Hibernating,Purchased
C5029,Rakesh Bansal,Male,55,Madurai,Tamil Nadu,2025-09-08,27,8,254722.99000000002,4,4,4,444,12,Champions,Purchased
C5030,Riya Joshi,Male,29,Indore,Madhya Pradesh,2024-04-02,128,5,188802.90000000002,2,3,3,233,8,At Risk,Purchased
C5031,Rahul Mehta,Female,55,Salem,Tamil Nadu,2025-06-29,62,7,206409.27000000002,3,3,3,333,9,Loyal Customers,Purchased
C5032,Varun Sharma,Male,30,Delhi,Delhi,2025-03-26,56,6,125487.12,4,3,2,432,9,Potential Loyalists,Purchased
C5033,Divya Singh,Female,60,Udaipur,Rajasthan,2024-10-10,76,5,471482.36000000004,3,3,5,335,11,Loyal Customers,Purchased
C5034,Vikas Kapoor,Female,18,Coimbatore,Tamil Nadu,2023-11-03,70,2,70972.48999999999,3,1,2,312,6,Potential Loyalists,Purchased
C5035,Akash Kumar,Male,49,Agra,Uttar Pradesh,2025-09-06,46,16,637067.42,4,5,5,455,14,Champions,Purchased
C5036,Karan Verma,Male,25,Bengaluru,Karnataka,2024-05-26,,,,,,,,,No Purchase,No Purchase
C5037,Rahul Patel,Male,50,Delhi,Delhi,2024-05-16,303,5,81112.40999999999,1,3,2,132,6,At Risk,Purchased
C5038,Mohit Gupta,Female,64,Gurugram,Haryana,2024-12-22,48,12,314249.77,4,5,4,454,13,Champions,Purchased
C5039,Sanjay Bansal,Male,50,New Delhi,Delhi,2025-10-15,39,12,362875.70999999996,4,5,4,454,13,Champions,Purchased
C5040,Sanjay Saxena,Male,38,Warangal,Telangana,2025-08-12,50,9,666335.5599999999,4,4,5,445,13,Champions,Purchased
C5041,Rakesh Saxena,Other,57,Mangaluru,Karnataka,2024-03-07,29,3,79199.72000000002,4,2,2,422,8,New Customers,Purchased
C5042,Shivam Sharma,Female,27,Durgapur,West Bengal,2023-09-11,51,1,99.39,4,1,1,411,6,New Customers,Purchased
C5043,Meera Jain,Male,44,Agra,Uttar Pradesh,2023-12-22,2,5,147205.44999999998,5,3,3,533,11,Loyal Customers,Purchased
C5044,Sneha Saxena,Female,64,Gwalior,Madhya Pradesh,2023-10-15,379,3,106419.46,1,2,2,122,5,Hibernating,Purchased
C5045,Sanjay Agarwal,Female,35,Salem,Tamil Nadu,2023-11-20,9,15,401541.83,5,5,4,554,14,Champions,Purchased
C5046,Vikas Malhotra,Female,19,Nagpur,Maharashtra,2024-04-16,634,2,11568.94,1,1,1,111,3,Hibernating,Purchased
C5047,Vikas Mehta,Male,39,Aurangabad,Maharashtra,2023-01-24,293,1,68529.92,1,1,2,112,4,Hibernating,Purchased
C5048,Sanjay Mishra,Male,41,Nagpur,Maharashtra,2024-08-06,130,4,98252.73,2,2,2,222,6,Hibernating,Purchased
C5049,Neha Yadav,Male,56,Delhi,Delhi,2025-07-18,28,10,279473.75,4,4,4,444,12,Champions,Purchased
C5050,Karan Malhotra,Male,56,Kolkata,West Bengal,2024-04-16,305,8,720810.57,1,4,5,145,10,Can't Lose Them,Purchased
C5051,Neha Kumar,Male,34,Indore,Madhya Pradesh,2023-03-28,213,8,303922.99,2,4,4,244,10,Can't Lose Them,Purchased
C5052,Aditi Srivastava,Female,55,Udaipur,Rajasthan,2024-03-02,75,16,275817.57,3,5,4,354,12,Loyal Customers,Purchased
C5053,Nisha Mehta,Female,24,Coimbatore,Tamil Nadu,2024-01-02,,,,,,,,,No Purchase,No Purchase
C5054,Rakesh Kumar,Female,27,Mangaluru,Karnataka,2024-10-12,4,16,529087.06,5,5,5,555,15,Champions,Purchased
C5055,Komal Kapoor,Female,46,Hyderabad,Telangana,2023-10-02,50,8,270909.62,4,4,4,444,12,Champions,Purchased
C5056,Sanjay Jain,Male,51,Gurugram,Haryana,2023-11-26,2,7,137237.83000000002,5,3,3,533,11,Loyal Customers,Purchased
C5057,Sneha Verma,Male,56,Delhi,Delhi,2025-03-26,248,6,249749.63,1,3,4,134,8,At Risk,Purchased
C5058,Manish Chauhan,Female,47,Gaya,Bihar,2023-07-12,26,10,184588.29,4,4,3,443,11,Loyal Customers,Purchased
C5059,Kavya Kapoor,Male,24,Hubballi,Karnataka,2025-10-18,21,16,443184.86,5,5,5,555,15,Champions,Purchased
C5060,Komal Mehta,Male,50,Warangal,Telangana,2023-11-22,105,1,14842.34,3,1,1,311,5,Potential Loyalists,Purchased
C5061,Kavya Saxena,Female,38,Muzaffarpur,Bihar,2025-06-13,265,7,322074.67,1,3,4,134,8,At Risk,Purchased
C5062,Yash Shah,Male,30,Jaipur,Rajasthan,2023-03-31,15,10,308844.64,5,4,4,544,13,Champions,Purchased
C5063,Ananya Jain,Male,34,Nashik,Maharashtra,2023-12-17,140,1,702.15,2,1,1,211,4,Hibernating,Purchased
C5064,Nisha Gupta,Female,56,Ahmedabad,Gujarat,2024-02-18,,,,,,,,,No Purchase,No Purchase
C5065,Nikhil Gupta,Female,26,Lucknow,Uttar Pradesh,2024-05-14,,,,,,,,,No Purchase,No Purchase
C5066,Shreya Jain,Female,44,Hyderabad,Telangana,2023-04-11,48,8,149741.87,4,4,3,443,11,Loyal Customers,Purchased
C5067,Suresh Patel,Male,21,Nagpur,Maharashtra,2023-09-28,,,,,,,,,No Purchase,No Purchase
C5068,Sneha Kapoor,Female,52,Jaipur,Rajasthan,2025-08-18,,,,,,,,,No Purchase,No Purchase
C5069,Ayush Jain,Female,25,Bhopal,Madhya Pradesh,2025-10-08,712,1,9947.6,1,1,1,111,3,Hibernating,Purchased
C5070,Suresh Mehta,Male,63,Mumbai,Maharashtra,2024-04-27,18,12,174650.92,5,5,3,553,13,Loyal Customers,Purchased
C5071,Divya Saxena,Female,60,Mangaluru,Karnataka,2023-05-11,238,3,126841.34999999999,2,2,2,222,6,Hibernating,Purchased
C5072,Deepak Chauhan,Female,59,Udaipur,Rajasthan,2023-10-29,,,,,,,,,No Purchase,No Purchase
C5073,Sneha Mishra,Female,34,Bengaluru,Karnataka,2025-11-08,51,13,576880.12,4,5,5,455,14,Champions,Purchased
C5074,Deepak Tiwari,Male,55,Mumbai,Maharashtra,2025-10-03,76,4,106321.40000000001,3,2,2,322,7,Potential Loyalists,Purchased
C5075,Rahul Saxena,Female,24,Prayagraj,Uttar Pradesh,2025-06-09,113,10,340356.83,3,4,4,344,11,Loyal Customers,Purchased
C5076,Yash Singh,Male,31,Mangaluru,Karnataka,2025-08-02,,,,,,,,,No Purchase,No Purchase
C5077,Shreya Mishra,Male,24,Jodhpur,Rajasthan,2025-02-18,566,1,83622.20000000001,1,1,2,112,4,Hibernating,Purchased
C5078,Rakesh Verma,Male,20,Rajkot,Gujarat,2024-11-13,141,5,124538.79,2,3,2,232,7,At Risk,Purchased
C5079,Aditi Malhotra,Male,35,Lucknow,Uttar Pradesh,2025-04-27,144,5,77438.7,2,3,2,232,7,At Risk,Purchased
C5080,Rohit Mehta,Male,45,Hubballi,Karnataka,2024-12-08,94,5,123524.3,3,3,2,332,8,Potential Loyalists,Purchased
C5081,Karan Patel,Female,59,New Delhi,Delhi,2024-01-07,142,11,201548.98,2,4,3,243,9,At Risk,Purchased
C5082,Tanya Bansal,Female,19,Nashik,Maharashtra,2024-12-03,64,5,243380.08000000002,3,3,4,334,10,Loyal Customers,Purchased
C5083,Aditya Mishra,Male,37,Kolkata,West Bengal,2023-11-20,,,,,,,,,No Purchase,No Purchase
C5084,Ankit Agarwal,Female,52,New Delhi,Delhi,2024-11-15,5,9,287471.31,5,4,4,544,13,Champions,Purchased
C5085,Komal Srivastava,Other,27,Coimbatore,Tamil Nadu,2024-02-22,61,6,98995.4,3,3,2,332,8,Potential Loyalists,Purchased
C5086,Ayush Chauhan,Male,53,Indore,Madhya Pradesh,2024-06-17,13,10,208977.75,5,4,3,543,12,Loyal Customers,Purchased
C5087,Sameer Bansal,Female,45,Coimbatore,Tamil Nadu,2023-07-18,74,5,147662.22,3,3,3,333,9,Loyal Customers,Purchased
C5088,Sakshi Verma,Other,45,Ahmedabad,Gujarat,2025-11-13,109,2,60164.04000000001,3,1,2,312,6,Potential Loyalists,Purchased
C5089,Aditya Kumar,Female,23,Noida,Uttar Pradesh,2025-03-28,83,3,51229.45,3,2,1,321,6,Potential Loyalists,Purchased
C5090,Vivek Verma,Female,26,Aurangabad,Maharashtra,2023-04-28,314,4,12766.75,1,2,1,121,4,Hibernating,Purchased
C5091,Vikas Jain,Female,60,Ghaziabad,Uttar Pradesh,2024-06-04,91,18,613700.84,3,5,5,355,13,Loyal Customers,Purchased
C5092,Isha Verma,Female,60,Durgapur,West Bengal,2024-05-12,19,19,381574.27,5,5,4,554,14,Champions,Purchased
C5093,Manish Tiwari,Male,39,Hyderabad,Telangana,2025-08-27,325,9,400854.33999999997,1,4,4,144,9,Can't Lose Them,Purchased
C5094,Varun Malhotra,Male,46,Nagpur,Maharashtra,2025-04-06,661,1,39621.56,1,1,1,111,3,Hibernating,Purchased
C5095,Sanjay Jain,Female,44,Pune,Maharashtra,2025-08-19,195,3,160976.74000000002,2,2,3,223,7,At Risk,Purchased
C5096,Rakesh Yadav,Male,42,New Delhi,Delhi,2024-05-26,105,5,181770.54,3,3,3,333,9,Loyal Customers,Purchased
C5097,Komal Agarwal,Male,52,Surat,Gujarat,2023-06-20,466,1,70556.44,1,1,2,112,4,Hibernating,Purchased
C5098,Meera Patel,Male,45,Vadodara,Gujarat,2025-02-28,59,8,169744.14,3,4,3,343,10,Loyal Customers,Purchased
C5099,Suresh Kapoor,Female,24,Jodhpur,Rajasthan,2023-08-28,11,5,96792.39,5,3,2,532,10,Potential Loyalists,Purchased
C5100,Varun Singh,Female,21,Indore,Madhya Pradesh,2024-11-28,,,,,,,,,No Purchase,No Purchase
C5101,Ayush Saxena,Male,58,Delhi,Delhi,2024-03-25,29,13,375827.69,4,5,4,454,13,Champions,Purchased
C5102,Aditya Kumar,Male,53,Kota,Rajasthan,2024-01-18,61,8,561220.4,3,4,5,345,12,Loyal Customers,Purchased
C5103,Rakesh Yadav,Male,27,Coimbatore,Tamil Nadu,2023-05-11,,,,,,,,,No Purchase,No Purchase
C5104,Aditya Chauhan,Male,20,New Delhi,Delhi,2025-05-26,163,7,298888.51,2,3,4,234,9,At Risk,Purchased
C5105,Sanjay Gupta,Female,28,Bhopal,Madhya Pradesh,2025-01-24,169,2,78713.40999999999,2,1,2,212,5,Hibernating,Purchased
C5106,Vikas Kumar,Male,45,Kanpur,Uttar Pradesh,2024-01-10,97,14,228418.88,3,5,3,353,11,Loyal Customers,Purchased
C5107,Meera Joshi,Female,46,Durgapur,West Bengal,2025-03-18,40,5,30217.58,4,3,1,431,8,Potential Loyalists,Purchased
C5108,Akash Agarwal,Male,26,Siliguri,West Bengal,2025-12-16,381,1,410.76,1,1,1,111,3,Hibernating,Purchased
C5109,Vikas Singh,Male,26,Indore,Madhya Pradesh,2025-02-28,24,4,97920.7,5,2,2,522,9,New Customers,Purchased
C5110,Mohit Sharma,Female,27,Chennai,Tamil Nadu,2025-11-05,381,3,157872.02,1,2,3,123,6,At Risk,Purchased
C5111,Shivam Singh,Male,39,New Delhi,Delhi,2024-05-29,425,2,2769.68,1,1,1,111,3,Hibernating,Purchased
C5112,Kavya Shah,Male,29,Hyderabad,Telangana,2024-02-17,50,20,407300.61,4,5,4,454,13,Champions,Purchased
C5113,Divya Verma,Male,39,Kolkata,West Bengal,2025-07-12,263,4,111303.51999999999,1,2,2,122,5,Hibernating,Purchased
C5114,Yash Bansal,Female,18,Salem,Tamil Nadu,2024-12-26,202,2,22452.8,2,1,1,211,4,Hibernating,Purchased
C5115,Amit Srivastava,Male,62,Durgapur,West Bengal,2024-10-25,402,1,346.44,1,1,1,111,3,Hibernating,Purchased
C5116,Pooja Kumar,Female,60,Mumbai,Maharashtra,2024-12-03,12,22,818675.5599999999,5,5,5,555,15,Champions,Purchased
C5117,Rakesh Mishra,Female,34,Rajkot,Gujarat,2025-12-24,,,,,,,,,No Purchase,No Purchase
C5118,Meera Kumar,Female,56,Faridabad,Haryana,2025-01-22,87,12,228741.03999999998,3,5,3,353,11,Loyal Customers,Purchased
C5119,Simran Yadav,Female,43,New Delhi,Delhi,2025-06-11,131,2,1156.0300000000002,2,1,1,211,4,Hibernating,Purchased
C5120,Sakshi Verma,Female,19,Coimbatore,Tamil Nadu,2023-02-09,16,6,208220.72,5,3,3,533,11,Loyal Customers,Purchased
C5121,Simran Bansal,Female,31,Gaya,Bihar,2025-03-01,5,7,95982.45,5,3,2,532,10,Potential Loyalists,Purchased
C5122,Rahul Mishra,Male,20,Hyderabad,Telangana,2023-12-14,5,11,228929.33000000002,5,4,3,543,12,Loyal Customers,Purchased
C5123,Shivam Patel,Female,51,Panipat,Haryana,2023-05-16,118,6,116368.15000000001,2,3,2,232,7,At Risk,Purchased
C5124,Komal Malhotra,Female,55,New Delhi,Delhi,2023-10-30,11,17,1076893.98,5,5,5,555,15,Champions,Purchased
C5125,Aditi Saxena,Male,47,Patna,Bihar,2025-06-30,11,11,593463.35,5,4,5,545,14,Champions,Purchased
C5126,Deepak Mishra,Female,18,Lucknow,Uttar Pradesh,2025-06-14,42,11,223563.62000000002,4,4,3,443,11,Loyal Customers,Purchased
C5127,Nisha Verma,Male,29,Chennai,Tamil Nadu,2023-12-01,73,5,322476.13,3,3,4,334,10,Loyal Customers,Purchased
C5128,Komal Chauhan,Female,40,Bengaluru,Karnataka,2023-07-30,113,11,382286.96,3,4,4,344,11,Loyal Customers,Purchased
C5129,Ayush Mishra,Male,24,Hyderabad,Telangana,2024-04-03,43,14,313299.13,4,5,4,454,13,Champions,Purchased
C5130,Mohit Malhotra,Male,23,Bhopal,Madhya Pradesh,2023-12-30,151,4,80560.5,2,2,2,222,6,Hibernating,Purchased
C5131,Sakshi Malhotra,Male,32,Kolkata,West Bengal,2025-05-08,49,8,433203.74,4,4,5,445,13,Champions,Purchased
C5132,Aditi Shah,Male,46,Rajkot,Gujarat,2023-12-29,153,5,81231.08,2,3,2,232,7,At Risk,Purchased
C5133,Divya Verma,Male,22,Hubballi,Karnataka,2023-07-09,29,7,95027.21,4,3,2,432,9,Potential Loyalists,Purchased
C5134,Varun Kumar,Male,65,Madurai,Tamil Nadu,2023-04-29,46,9,414363.06,4,4,4,444,12,Champions,Purchased
C5135,Aditi Patel,Female,40,Madurai,Tamil Nadu,2025-01-20,6,13,741747.28,5,5,5,555,15,Champions,Purchased
C5136,Suresh Shah,Male,26,Ghaziabad,Uttar Pradesh,2023-08-07,9,6,46919.91000000001,5,3,1,531,9,Potential Loyalists,Purchased
C5137,Ayush Bansal,Other,18,Coimbatore,Tamil Nadu,2023-08-29,77,19,947789.68,3,5,5,355,13,Loyal Customers,Purchased
C5138,Neha Kapoor,Female,63,Faridabad,Haryana,2025-05-29,,,,,,,,,No Purchase,No Purchase
C5139,Divya Tiwari,Male,46,Jaipur,Rajasthan,2023-04-12,59,11,183343.68,3,4,3,343,10,Loyal Customers,Purchased
C5140,Kavya Chauhan,Male,59,Warangal,Telangana,2024-12-15,140,14,265469.84,2,5,4,254,11,Can't Lose Them,Purchased
C5141,Neha Kapoor,Male,55,Bengaluru,Karnataka,2023-01-13,118,2,50706.11,2,1,1,211,4,Hibernating,Purchased
C5142,Rahul Singh,Male,65,Madurai,Tamil Nadu,2025-10-29,135,3,158612.11000000002,2,2,3,223,7,At Risk,Purchased
C5143,Amit Jain,Female,60,Prayagraj,Uttar Pradesh,2025-02-20,119,14,383448.76,2,5,4,254,11,Can't Lose Them,Purchased
C5144,Deepak Joshi,Female,54,New Delhi,Delhi,2025-06-18,229,7,204860.59,2,3,3,233,8,At Risk,Purchased
C5145,Arjun Mehta,Female,58,Mangaluru,Karnataka,2024-12-30,169,10,166565.05,2,4,3,243,9,At Risk,Purchased
C5146,Divya Gupta,Male,59,Pune,Maharashtra,2024-03-16,25,5,411468.08999999997,4,3,4,434,11,Loyal Customers,Purchased
C5147,Mohit Mehta,Female,30,Kanpur,Uttar Pradesh,2025-12-25,,,,,,,,,No Purchase,No Purchase
C5148,Neha Mishra,Male,46,Udaipur,Rajasthan,2025-05-10,445,3,3212.25,1,2,1,121,4,Hibernating,Purchased
C5149,Meera Mishra,Female,65,Bengaluru,Karnataka,2023-04-08,20,6,160662.73,5,3,3,533,11,Loyal Customers,Purchased
C5150,Nikhil Saxena,Female,59,Hubballi,Karnataka,2024-09-23,12,2,121764.22000000002,5,1,2,512,8,New Customers,Purchased
C5151,Sakshi Jain,Male,23,Nagpur,Maharashtra,2024-08-17,9,12,383662.42000000004,5,5,4,554,14,Champions,Purchased
C5152,Suresh Shah,Female,23,Coimbatore,Tamil Nadu,2023-11-10,296,6,16048.67,1,3,1,131,5,At Risk,Purchased
C5153,Komal Mehta,Female,27,Hubballi,Karnataka,2024-05-14,,,,,,,,,No Purchase,No Purchase
C5154,Divya Mehta,Female,53,Bengaluru,Karnataka,2025-12-03,25,14,794186.7,4,5,5,455,14,Champions,Purchased
C5155,Varun Verma,Male,36,Surat,Gujarat,2023-04-05,212,3,166324.79000000004,2,2,3,223,7,At Risk,Purchased
C5156,Divya Mehta,Female,48,Ghaziabad,Uttar Pradesh,2025-10-13,178,5,346501.56,2,3,4,234,9,At Risk,Purchased
C5157,Simran Mishra,Male,24,Bhopal,Madhya Pradesh,2025-02-05,38,1,14256.23,4,1,1,411,6,New Customers,Purchased
C5158,Rahul Malhotra,Male,20,Noida,Uttar Pradesh,2023-05-03,178,8,363296.11,2,4,4,244,10,Can't Lose Them,Purchased
C5159,Shivam Kumar,Female,55,Mysuru,Karnataka,2023-12-01,260,2,79371.02,1,1,2,112,4,Hibernating,Purchased
C5160,Neha Chauhan,Male,31,Aurangabad,Maharashtra,2025-07-08,186,3,80933.54000000001,2,2,2,222,6,Hibernating,Purchased
C5161,Simran Bansal,Male,20,Salem,Tamil Nadu,2025-02-09,31,15,318126.18,4,5,4,454,13,Champions,Purchased
C5162,Aarav Jain,Other,28,Thane,Maharashtra,2023-03-27,28,24,676907.06,4,5,5,455,14,Champions,Purchased
C5163,Akash Mishra,Male,33,Gurugram,Haryana,2023-06-11,238,3,104620.14,2,2,2,222,6,Hibernating,Purchased
C5164,Ankit Agarwal,Female,37,Hubballi,Karnataka,2025-10-14,27,10,656593.38,4,4,5,445,13,Champions,Purchased
C5165,Ayush Kapoor,Female,61,Surat,Gujarat,2023-06-22,62,8,173445.27,3,4,3,343,10,Loyal Customers,Purchased
C5166,Varun Malhotra,Male,27,Thane,Maharashtra,2024-11-14,107,8,166793.03,3,4,3,343,10,Loyal Customers,Purchased
C5167,Vivek Kapoor,Female,46,Ghaziabad,Uttar Pradesh,2025-12-26,51,1,745.08,4,1,1,411,6,New Customers,Purchased
C5168,Sanjay Srivastava,Female,31,Bengaluru,Karnataka,2023-07-02,216,3,54542.95,2,2,2,222,6,Hibernating,Purchased
C5169,Manish Patel,Female,41,Salem,Tamil Nadu,2023-02-18,127,12,493860.33999999997,2,5,5,255,12,Can't Lose Them,Purchased
C5170,Rohit Malhotra,Female,32,Mangaluru,Karnataka,2025-06-13,51,28,634746.82,4,5,5,455,14,Champions,Purchased
C5171,Priya Jain,Female,34,Muzaffarpur,Bihar,2025-11-06,,,,,,,,,No Purchase,No Purchase
C5172,Ayush Joshi,Female,46,Kota,Rajasthan,2024-07-18,4,11,161368.99,5,4,3,543,12,Loyal Customers,Purchased
C5173,Ananya Patel,Male,46,Patna,Bihar,2023-09-13,138,5,269169.57999999996,2,3,4,234,9,At Risk,Purchased
C5174,Nikhil Bansal,Male,24,Delhi,Delhi,2023-03-07,93,4,269488.16,3,2,4,324,9,Potential Loyalists,Purchased
C5175,Priya Sharma,Female,25,Hyderabad,Telangana,2025-09-24,56,17,400274.3,4,5,4,454,13,Champions,Purchased
C5176,Rahul Verma,Female,29,Coimbatore,Tamil Nadu,2025-09-08,622,1,73.62,1,1,1,111,3,Hibernating,Purchased
C5177,Neha Yadav,Female,61,Ahmedabad,Gujarat,2025-05-13,38,20,504493.81,4,5,5,455,14,Champions,Purchased
C5178,Ayush Tiwari,Male,33,Patna,Bihar,2024-04-19,,,,,,,,,No Purchase,No Purchase
C5179,Karan Shah,Female,45,Kota,Rajasthan,2024-06-11,19,6,144105.75,5,3,3,533,11,Loyal Customers,Purchased
C5180,Yash Agarwal,Male,39,Gurugram,Haryana,2024-02-23,112,13,700283.01,3,5,5,355,13,Loyal Customers,Purchased
C5181,Komal Jain,Male,34,Siliguri,West Bengal,2025-03-11,4,8,208142.81,5,4,3,543,12,Loyal Customers,Purchased
C5182,Komal Patel,Female,19,Agra,Uttar Pradesh,2023-04-20,164,3,221038.77000000002,2,2,3,223,7,At Risk,Purchased
C5183,Aarav Srivastava,Male,39,Udaipur,Rajasthan,2023-02-13,45,6,69400.36000000002,4,3,2,432,9,Potential Loyalists,Purchased
C5184,Ankit Chauhan,Female,65,Madurai,Tamil Nadu,2025-11-18,272,6,351766.22,1,3,4,134,8,At Risk,Purchased
C5185,Ananya Saxena,Male,63,Bhopal,Madhya Pradesh,2023-12-15,564,3,5287.599999999999,1,2,1,121,4,Hibernating,Purchased
C5186,Meera Saxena,Female,32,Warangal,Telangana,2023-02-07,13,23,602944.66,5,5,5,555,15,Champions,Purchased
C5187,Tanya Gupta,Female,43,Agra,Uttar Pradesh,2025-01-07,8,4,65768.22,5,2,2,522,9,New Customers,Purchased
C5188,Mohit Yadav,Male,31,Prayagraj,Uttar Pradesh,2024-03-12,272,2,85589.33,1,1,2,112,4,Hibernating,Purchased
C5189,Manish Mehta,Female,62,Ghaziabad,Uttar Pradesh,2023-09-10,143,7,179964.56,2,3,3,233,8,At Risk,Purchased
C5190,Nikhil Malhotra,Female,44,Madurai,Tamil Nadu,2024-04-20,,,,,,,,,No Purchase,No Purchase
C5191,Shivam Verma,Male,62,Noida,Uttar Pradesh,2024-05-08,14,7,163566.87,5,3,3,533,11,Loyal Customers,Purchased
C5192,Aditi Kapoor,Female,58,Kolkata,West Bengal,2024-11-01,29,26,777031.48,4,5,5,455,14,Champions,Purchased
C5193,Deepak Gupta,Female,33,Madurai,Tamil Nadu,2025-10-17,211,5,71184.95,2,3,2,232,7,At Risk,Purchased
C5194,Sameer Yadav,Male,39,Hyderabad,Telangana,2025-08-22,265,6,271891.32,1,3,4,134,8,At Risk,Purchased
C5195,Deepak Mishra,Female,45,Pune,Maharashtra,2025-06-24,73,7,129838.13,3,3,3,333,9,Loyal Customers,Purchased
C5196,Rahul Saxena,Male,29,Coimbatore,Tamil Nadu,2024-06-22,4,19,394724.79,5,5,4,554,14,Champions,Purchased
C5197,Aditya Kapoor,Male,57,Noida,Uttar Pradesh,2024-09-03,239,8,214958.43,1,4,3,143,8,At Risk,Purchased
C5198,Simran Shah,Male,45,Gurugram,Haryana,2023-05-25,182,3,134815.78,2,2,3,223,7,At Risk,Purchased
C5199,Nikhil Saxena,Female,27,Thane,Maharashtra,2024-09-23,17,13,434050.82,5,5,5,555,15,Champions,Purchased
C5200,Manish Saxena,Female,41,Noida,Uttar Pradesh,2025-01-05,53,2,1028.88,4,1,1,411,6,New Customers,Purchased
C5201,Aditya Agarwal,Male,57,Aurangabad,Maharashtra,2025-08-29,107,14,600593.67,3,5,5,355,13,Loyal Customers,Purchased
C5202,Sanjay Bansal,Male,38,Hyderabad,Telangana,2023-02-20,5,18,580622.1,5,5,5,555,15,Champions,Purchased
C5203,Vikas Verma,Male,52,Prayagraj,Uttar Pradesh,2025-08-03,1,10,266894.04,5,4,4,544,13,Champions,Purchased
C5204,Tanya Shah,Female,65,Surat,Gujarat,2024-07-21,25,7,320321.2,4,3,4,434,11,Loyal Customers,Purchased
C5205,Aditi Kumar,Male,34,Durgapur,West Bengal,2023-04-07,74,14,303303.17,3,5,4,354,12,Loyal Customers,Purchased
C5206,Suresh Jain,Male,65,Siliguri,West Bengal,2025-12-26,16,14,603290.3999999999,5,5,5,555,15,Champions,Purchased
C5207,Ananya Shah,Male,37,Aurangabad,Maharashtra,2024-05-24,4,8,391245.02999999997,5,4,4,544,13,Champions,Purchased
C5208,Sakshi Singh,Male,44,Noida,Uttar Pradesh,2024-03-26,300,2,102096.08,1,1,2,112,4,Hibernating,Purchased
C5209,Mohit Patel,Female,55,Hubballi,Karnataka,2023-07-28,36,16,630298.01,4,5,5,455,14,Champions,Purchased
C5210,Vikas Malhotra,Female,21,Pune,Maharashtra,2023-03-22,,,,,,,,,No Purchase,No Purchase
C5211,Amit Joshi,Male,51,Jodhpur,Rajasthan,2023-04-02,647,1,1384.82,1,1,1,111,3,Hibernating,Purchased
C5212,Rakesh Singh,Female,45,New Delhi,Delhi,2023-10-20,19,11,449680.44,5,4,5,545,14,Champions,Purchased
C5213,Aditya Singh,Male,49,Hubballi,Karnataka,2023-11-17,45,2,204312.53,4,1,3,413,8,New Customers,Purchased
C5214,Sameer Agarwal,Female,63,Varanasi,Uttar Pradesh,2024-05-22,93,19,887589.41,3,5,5,355,13,Loyal Customers,Purchased
C5215,Suresh Saxena,Male,41,Rajkot,Gujarat,2024-10-30,111,1,205.38,3,1,1,311,5,Potential Loyalists,Purchased
C5216,Ankit Srivastava,Male,62,Nashik,Maharashtra,2025-12-22,11,4,247400.41999999998,5,2,4,524,11,New Customers,Purchased
C5217,Vivek Mishra,Female,45,Jaipur,Rajasthan,2025-05-19,90,2,23661.82,3,1,1,311,5,Potential Loyalists,Purchased
C5218,Pooja Kapoor,Male,28,Kanpur,Uttar Pradesh,2024-06-16,707,1,8252.199999999999,1,1,1,111,3,Hibernating,Purchased
C5219,Ayush Mehta,Female,49,Gaya,Bihar,2025-09-26,117,9,485817.09,2,4,5,245,11,Can't Lose Them,Purchased
C5220,Riya Chauhan,Male,27,Jaipur,Rajasthan,2024-09-02,532,2,50488.62,1,1,1,111,3,Hibernating,Purchased
C5221,Aditi Singh,Male,61,Aurangabad,Maharashtra,2024-04-08,,,,,,,,,No Purchase,No Purchase
C5222,Aditi Shah,Female,25,Ghaziabad,Uttar Pradesh,2023-08-27,623,1,2869.36,1,1,1,111,3,Hibernating,Purchased
C5223,Rohit Mehta,Male,41,Delhi,Delhi,2024-04-07,,,,,,,,,No Purchase,No Purchase
C5224,Isha Mishra,Male,57,Varanasi,Uttar Pradesh,2023-02-14,88,11,413695.39,3,4,4,344,11,Loyal Customers,Purchased
C5225,Nikhil Sharma,Female,18,Thane,Maharashtra,2023-06-17,129,3,71495.87,2,2,2,222,6,Hibernating,Purchased
C5226,Varun Singh,Male,41,Panipat,Haryana,2025-10-31,92,3,4990.509999999999,3,2,1,321,6,Potential Loyalists,Purchased
C5227,Shivam Patel,Female,42,Ahmedabad,Gujarat,2023-08-02,88,2,19085.63,3,1,1,311,5,Potential Loyalists,Purchased
C5228,Aditya Malhotra,Male,34,Nashik,Maharashtra,2024-09-12,214,2,230668.69,2,1,3,213,6,At Risk,Purchased
C5229,Priya Kapoor,Female,50,Salem,Tamil Nadu,2023-04-23,,,,,,,,,No Purchase,No Purchase
C5230,Ananya Gupta,Female,33,Thane,Maharashtra,2024-10-20,336,4,82727.46,1,2,2,122,5,Hibernating,Purchased
C5231,Priya Srivastava,Male,35,Gaya,Bihar,2025-12-04,7,8,138436.99,5,4,3,543,12,Loyal Customers,Purchased
C5232,Vivek Agarwal,Female,31,Ghaziabad,Uttar Pradesh,2024-05-16,236,4,141202.21,2,2,3,223,7,At Risk,Purchased
C5233,Kavya Chauhan,Female,47,Siliguri,West Bengal,2023-05-20,309,3,96688.29999999999,1,2,2,122,5,Hibernating,Purchased
C5234,Rohit Kumar,Female,60,Siliguri,West Bengal,2023-01-26,2,14,477948.83,5,5,5,555,15,Champions,Purchased
C5235,Divya Saxena,Male,26,Agra,Uttar Pradesh,2025-04-08,419,4,61255.69,1,2,2,122,5,Hibernating,Purchased
C5236,Simran Tiwari,Female,37,Thane,Maharashtra,2023-04-23,34,4,95767.45999999999,4,2,2,422,8,New Customers,Purchased
C5237,Aarav Saxena,Female,28,Delhi,Delhi,2023-12-14,,,,,,,,,No Purchase,No Purchase
C5238,Ananya Saxena,Female,29,Gurugram,Haryana,2025-07-12,106,12,291514.65,3,5,4,354,12,Loyal Customers,Purchased
C5239,Simran Agarwal,Female,64,Coimbatore,Tamil Nadu,2024-08-11,64,8,151558.94,3,4,3,343,10,Loyal Customers,Purchased
C5240,Deepak Kapoor,Female,52,Udaipur,Rajasthan,2025-08-13,151,14,603334.41,2,5,5,255,12,Can't Lose Them,Purchased
C5241,Akash Mehta,Female,63,Warangal,Telangana,2025-08-13,38,18,304103.76,4,5,4,454,13,Champions,Purchased
C5242,Meera Jain,Female,48,Hyderabad,Telangana,2024-12-25,58,12,299786.86,3,5,4,354,12,Loyal Customers,Purchased
C5243,Yash Chauhan,Female,49,Mangaluru,Karnataka,2025-10-22,29,14,318055.29000000004,4,5,4,454,13,Champions,Purchased
C5244,Nikhil Yadav,Female,52,Chennai,Tamil Nadu,2023-02-09,371,2,331975.6,1,1,4,114,6,At Risk,Purchased
C5245,Yash Jain,Male,49,Kolkata,West Bengal,2023-10-31,59,15,367622.29000000004,3,5,4,354,12,Loyal Customers,Purchased
C5246,Deepak Tiwari,Female,57,Aurangabad,Maharashtra,2025-09-24,33,20,719417.13,4,5,5,455,14,Champions,Purchased
C5247,Aditya Yadav,Male,33,Faridabad,Haryana,2024-11-11,114,10,337124.92,3,4,4,344,11,Loyal Customers,Purchased
C5248,Ayush Gupta,Female,22,Ghaziabad,Uttar Pradesh,2023-10-03,46,8,308980.48,4,4,4,444,12,Champions,Purchased
C5249,Sakshi Mishra,Female,41,Pune,Maharashtra,2023-08-17,,,,,,,,,No Purchase,No Purchase
C5250,Sameer Bansal,Female,18,Hyderabad,Telangana,2025-05-31,9,14,312667.2,5,5,4,554,14,Champions,Purchased
C5251,Aarav Srivastava,Male,20,Delhi,Delhi,2025-07-29,116,4,77703.52,2,2,2,222,6,Hibernating,Purchased
C5252,Aditi Kumar,Female,20,Ghaziabad,Uttar Pradesh,2023-01-17,,,,,,,,,No Purchase,No Purchase
C5253,Sneha Joshi,Male,21,Aurangabad,Maharashtra,2024-02-05,52,12,700235.96,4,5,5,455,14,Champions,Purchased
C5254,Aditya Mehta,Female,51,Coimbatore,Tamil Nadu,2024-08-09,90,5,148758.40000000002,3,3,3,333,9,Loyal Customers,Purchased
C5255,Nikhil Malhotra,Female,46,Panipat,Haryana,2023-09-15,49,16,645798.12,4,5,5,455,14,Champions,Purchased
C5256,Varun Malhotra,Female,62,Agra,Uttar Pradesh,2025-03-05,70,21,588934.78,3,5,5,355,13,Loyal Customers,Purchased
C5257,Mohit Chauhan,Male,31,Prayagraj,Uttar Pradesh,2025-04-09,21,2,108826.44,5,1,2,512,8,New Customers,Purchased
C5258,Manish Mishra,Female,33,Hubballi,Karnataka,2025-07-07,47,4,271790.71,4,2,4,424,10,New Customers,Purchased
C5259,Kavya Yadav,Male,41,Gaya,Bihar,2025-05-10,34,3,72325.26000000001,4,2,2,422,8,New Customers,Purchased
C5260,Divya Mehta,Female,55,Pune,Maharashtra,2025-07-10,417,1,636.42,1,1,1,111,3,Hibernating,Purchased
C5261,Suresh Jain,Female,62,Muzaffarpur,Bihar,2024-02-05,37,11,566047.6900000001,4,4,5,445,13,Champions,Purchased
C5262,Rakesh Patel,Female,53,Faridabad,Haryana,2023-11-24,29,14,422900.43,4,5,5,455,14,Champions,Purchased
C5263,Pooja Singh,Male,42,Nagpur,Maharashtra,2023-12-13,154,4,149720.81,2,2,3,223,7,At Risk,Purchased
C5264,Rakesh Kumar,Male,64,Warangal,Telangana,2025-07-23,310,2,174847.82,1,1,3,113,5,At Risk,Purchased
C5265,Ayush Tiwari,Female,26,Kota,Rajasthan,2024-12-11,26,7,388253.53,4,3,4,434,11,Loyal Customers,Purchased
C5266,Rahul Singh,Other,40,Chennai,Tamil Nadu,2023-12-21,,,,,,,,,No Purchase,No Purchase
C5267,Nisha Mehta,Male,29,Hubballi,Karnataka,2025-02-28,10,8,368088.4,5,4,4,544,13,Champions,Purchased
C5268,Aarav Bansal,Female,25,Hyderabad,Telangana,2023-09-13,13,16,307602.56,5,5,4,554,14,Champions,Purchased
C5269,Shivam Sharma,Male,37,Hyderabad,Telangana,2023-10-19,133,1,4996.12,2,1,1,211,4,Hibernating,Purchased
C5270,Sameer Verma,Male,54,Kolkata,West Bengal,2023-01-02,588,1,1786.53,1,1,1,111,3,Hibernating,Purchased
C5271,Suresh Agarwal,Other,33,Gaya,Bihar,2025-11-24,146,3,61008.729999999996,2,2,2,222,6,Hibernating,Purchased
C5272,Divya Shah,Female,57,Mangaluru,Karnataka,2023-09-16,56,7,128712.98000000001,4,3,2,432,9,Potential Loyalists,Purchased
C5273,Nisha Mishra,Other,47,Warangal,Telangana,2025-04-03,,,,,,,,,No Purchase,No Purchase
C5274,Simran Joshi,Male,51,Gurugram,Haryana,2023-05-10,196,2,21322.02,2,1,1,211,4,Hibernating,Purchased
C5275,Priya Verma,Female,29,Nagpur,Maharashtra,2023-02-09,192,4,90296.72,2,2,2,222,6,Hibernating,Purchased
C5276,Rohit Sharma,Female,59,Lucknow,Uttar Pradesh,2025-01-09,19,10,437219.02,5,4,5,545,14,Champions,Purchased
C5277,Simran Sharma,Female,27,Mysuru,Karnataka,2023-04-18,286,6,281203.49,1,3,4,134,8,At Risk,Purchased
C5278,Shreya Mishra,Male,35,Panipat,Haryana,2023-06-08,384,6,170147.77,1,3,3,133,7,At Risk,Purchased
C5279,Sneha Agarwal,Female,55,Thane,Maharashtra,2023-12-28,41,5,181791.40999999997,4,3,3,433,10,Loyal Customers,Purchased
C5280,Aditi Tiwari,Male,51,Jaipur,Rajasthan,2024-10-02,87,5,387199.76,3,3,4,334,10,Loyal Customers,Purchased
C5281,Varun Sharma,Female,32,Varanasi,Uttar Pradesh,2023-01-20,127,4,174308.12,2,2,3,223,7,At Risk,Purchased
C5282,Aditi Shah,Female,30,New Delhi,Delhi,2023-05-19,299,6,196341.34,1,3,3,133,7,At Risk,Purchased
C5283,Tanya Mehta,Male,38,Surat,Gujarat,2024-01-06,107,4,49462.0,3,2,1,321,6,Potential Loyalists,Purchased
C5284,Aarav Malhotra,Male,39,Varanasi,Uttar Pradesh,2025-02-10,17,4,30950.31,5,2,1,521,8,New Customers,Purchased
C5285,Nisha Joshi,Female,20,Gurugram,Haryana,2023-04-17,,,,,,,,,No Purchase,No Purchase
C5286,Mohit Sharma,Female,29,Prayagraj,Uttar Pradesh,2023-11-09,89,10,531528.6,3,4,5,345,12,Loyal Customers,Purchased
C5287,Aarav Joshi,Male,25,Bhopal,Madhya Pradesh,2023-07-31,185,10,310845.56,2,4,4,244,10,Can't Lose Them,Purchased
C5288,Sanjay Mishra,Male,25,Mumbai,Maharashtra,2023-12-05,99,5,232941.64,3,3,3,333,9,Loyal Customers,Purchased
C5289,Amit Bansal,Female,34,Muzaffarpur,Bihar,2023-10-10,92,5,329453.03,3,3,4,334,10,Loyal Customers,Purchased
C5290,Ayush Gupta,Male,19,Rajkot,Gujarat,2024-12-02,47,3,2959.52,4,2,1,421,7,New Customers,Purchased
C5291,Pooja Kapoor,Female,50,Agra,Uttar Pradesh,2023-03-15,5,20,1132374.34,5,5,5,555,15,Champions,Purchased
C5292,Aditya Joshi,Female,50,Prayagraj,Uttar Pradesh,2025-10-25,37,11,363457.68,4,4,4,444,12,Champions,Purchased
C5293,Tanya Malhotra,Male,28,Lucknow,Uttar Pradesh,2023-09-25,126,2,79037.22,2,1,2,212,5,Hibernating,Purchased
C5294,Yash Gupta,Female,60,Surat,Gujarat,2025-12-21,534,1,1386.8,1,1,1,111,3,Hibernating,Purchased
C5295,Akash Malhotra,Female,46,Hyderabad,Telangana,2025-03-09,154,2,25889.23,2,1,1,211,4,Hibernating,Purchased
C5296,Aditya Kapoor,Female,33,Hubballi,Karnataka,2024-01-27,175,3,36858.95,2,2,1,221,5,Hibernating,Purchased
C5297,Meera Patel,Female,27,Mysuru,Karnataka,2023-11-28,10,7,144278.66999999998,5,3,3,533,11,Loyal Customers,Purchased
C5298,Ananya Mishra,Male,38,Vadodara,Gujarat,2025-11-02,9,3,64739.01000000001,5,2,2,522,9,New Customers,Purchased
C5299,Shreya Gupta,Male,64,Coimbatore,Tamil Nadu,2025-12-27,,,,,,,,,No Purchase,No Purchase
C5300,Priya Yadav,Female,18,Udaipur,Rajasthan,2024-11-01,16,8,258740.3,5,4,4,544,13,Champions,Purchased
C5301,Priya Bansal,Male,18,Bengaluru,Karnataka,2023-02-21,334,3,221068.03,1,2,3,123,6,At Risk,Purchased
C5302,Simran Jain,Male,37,Siliguri,West Bengal,2025-09-19,160,2,2681.1499999999996,2,1,1,211,4,Hibernating,Purchased
C5303,Yash Kapoor,Male,62,Patna,Bihar,2024-06-06,25,4,39350.479999999996,4,2,1,421,7,New Customers,Purchased
C5304,Rakesh Kapoor,Female,31,Delhi,Delhi,2023-01-31,19,10,258027.92,5,4,4,544,13,Champions,Purchased
C5305,Rohit Malhotra,Male,53,Noida,Uttar Pradesh,2025-05-28,61,9,377393.92,3,4,4,344,11,Loyal Customers,Purchased
C5306,Manish Malhotra,Female,45,Ghaziabad,Uttar Pradesh,2023-02-06,573,1,734.9399999999999,1,1,1,111,3,Hibernating,Purchased
C5307,Sneha Joshi,Female,27,Salem,Tamil Nadu,2024-02-11,32,8,203935.28999999998,4,4,3,443,11,Loyal Customers,Purchased
C5308,Ananya Shah,Male,61,Delhi,Delhi,2023-03-23,595,1,827.64,1,1,1,111,3,Hibernating,Purchased
C5309,Sneha Gupta,Female,25,Gwalior,Madhya Pradesh,2024-04-23,183,10,164050.85,2,4,3,243,9,At Risk,Purchased
C5310,Vikas Saxena,Male,42,Rajkot,Gujarat,2025-05-30,158,6,88298.4,2,3,2,232,7,At Risk,Purchased
C5311,Riya Chauhan,Female,49,Chennai,Tamil Nadu,2023-05-22,397,1,20816.58,1,1,1,111,3,Hibernating,Purchased
C5312,Ankit Patel,Female,50,Warangal,Telangana,2023-06-01,19,10,442202.78,5,4,5,545,14,Champions,Purchased
C5313,Simran Tiwari,Female,59,Nagpur,Maharashtra,2025-11-13,242,4,562287.59,1,2,5,125,8,At Risk,Purchased
C5314,Ananya Chauhan,Female,51,Warangal,Telangana,2023-07-13,79,3,55352.28,3,2,2,322,7,Potential Loyalists,Purchased
C5315,Aarav Patel,Female,49,Ghaziabad,Uttar Pradesh,2023-05-04,398,3,18570.37,1,2,1,121,4,Hibernating,Purchased
C5316,Komal Kapoor,Female,25,Rajkot,Gujarat,2024-10-03,102,15,199322.2,3,5,3,353,11,Loyal Customers,Purchased
C5317,Karan Joshi,Female,32,Bhopal,Madhya Pradesh,2023-10-30,174,8,57025.84,2,4,2,242,8,At Risk,Purchased
C5318,Divya Verma,Male,34,Hyderabad,Telangana,2025-11-14,43,8,98741.53,4,4,2,442,10,At Risk,Purchased
C5319,Rakesh Sharma,Female,35,Gurugram,Haryana,2023-06-29,54,8,211976.43,4,4,3,443,11,Loyal Customers,Purchased
C5320,Tanya Patel,Female,23,Bengaluru,Karnataka,2024-09-12,7,1,1238.97,5,1,1,511,7,New Customers,Purchased
C5321,Akash Bansal,Male,22,Warangal,Telangana,2025-10-05,586,1,2804.32,1,1,1,111,3,Hibernating,Purchased
C5322,Aditi Mishra,Other,39,Madurai,Tamil Nadu,2025-03-13,404,3,94998.60999999999,1,2,2,122,5,Hibernating,Purchased
C5323,Isha Bansal,Female,52,Surat,Gujarat,2023-02-01,4,11,348658.34,5,4,4,544,13,Champions,Purchased
C5324,Neha Malhotra,Female,60,Agra,Uttar Pradesh,2023-07-25,181,1,16974.92,2,1,1,211,4,Hibernating,Purchased
C5325,Akash Malhotra,Male,63,Pune,Maharashtra,2025-09-28,48,7,158551.80000000002,4,3,3,433,10,Loyal Customers,Purchased
C5326,Sneha Yadav,Female,41,Madurai,Tamil Nadu,2023-08-10,115,4,18469.77,2,2,1,221,5,Hibernating,Purchased
C5327,Simran Patel,Female,61,Kanpur,Uttar Pradesh,2023-03-03,156,4,76387.44,2,2,2,222,6,Hibernating,Purchased
C5328,Shivam Gupta,Male,39,Durgapur,West Bengal,2024-02-24,156,4,43168.89,2,2,1,221,5,Hibernating,Purchased
C5329,Komal Verma,Female,40,Gurugram,Haryana,2023-11-06,65,4,34019.98,3,2,1,321,6,Potential Loyalists,Purchased
C5330,Sanjay Singh,Female,28,Gwalior,Madhya Pradesh,2023-06-29,10,18,320345.05,5,5,4,554,14,Champions,Purchased
C5331,Aditi Kumar,Male,48,Noida,Uttar Pradesh,2024-05-11,217,6,279334.13,2,3,4,234,9,At Risk,Purchased
C5332,Komal Verma,Female,32,Bhopal,Madhya Pradesh,2025-09-12,56,2,25140.670000000002,4,1,1,411,6,New Customers,Purchased
C5333,Simran Mehta,Male,41,Kanpur,Uttar Pradesh,2023-09-05,115,3,36066.42,2,2,1,221,5,Hibernating,Purchased
C5334,Amit Jain,Female,62,Mangaluru,Karnataka,2025-12-10,10,16,546990.7,5,5,5,555,15,Champions,Purchased
C5335,Priya Yadav,Female,44,Faridabad,Haryana,2024-12-27,,,,,,,,,No Purchase,No Purchase
C5336,Sameer Srivastava,Male,32,Lucknow,Uttar Pradesh,2024-02-23,175,4,137162.96000000002,2,2,3,223,7,At Risk,Purchased
C5337,Simran Shah,Female,50,Agra,Uttar Pradesh,2025-01-13,79,6,214176.33,3,3,3,333,9,Loyal Customers,Purchased
C5338,Simran Tiwari,Male,53,Agra,Uttar Pradesh,2024-01-17,54,12,397004.15,4,5,4,454,13,Champions,Purchased
C5339,Amit Joshi,Male,47,Coimbatore,Tamil Nadu,2023-08-20,7,15,312074.64,5,5,4,554,14,Champions,Purchased
C5340,Varun Sharma,Female,20,Hyderabad,Telangana,2023-09-14,62,6,274980.11,3,3,4,334,10,Loyal Customers,Purchased
C5341,Sameer Tiwari,Male,28,Lucknow,Uttar Pradesh,2023-01-10,24,8,85153.18,5,4,2,542,11,At Risk,Purchased
C5342,Karan Srivastava,Male,24,Agra,Uttar Pradesh,2024-12-11,505,1,7240.57,1,1,1,111,3,Hibernating,Purchased
C5343,Komal Joshi,Male,63,Surat,Gujarat,2023-03-23,271,5,127029.35999999999,1,3,2,132,6,At Risk,Purchased
C5344,Sanjay Shah,Female,32,Nashik,Maharashtra,2023-08-06,223,2,135845.24,2,1,3,213,6,At Risk,Purchased
C5345,Nikhil Patel,Female,40,Kolkata,West Bengal,2023-01-01,128,14,482543.05,2,5,5,255,12,Can't Lose Them,Purchased
C5346,Rahul Patel,Male,61,Gwalior,Madhya Pradesh,2023-03-13,66,12,497872.1,3,5,5,355,13,Loyal Customers,Purchased
C5347,Yash Bansal,Male,65,Kolkata,West Bengal,2025-09-18,347,2,31383.099999999995,1,1,1,111,3,Hibernating,Purchased
C5348,Meera Shah,Male,28,Faridabad,Haryana,2023-01-27,,,,,,,,,No Purchase,No Purchase
C5349,Divya Gupta,Male,59,Salem,Tamil Nadu,2024-11-11,399,2,418797.47,1,1,4,114,6,At Risk,Purchased
C5350,Mohit Singh,Male,52,Hyderabad,Telangana,2023-12-25,8,14,354798.82999999996,5,5,4,554,14,Champions,Purchased
C5351,Ankit Kumar,Female,47,Mumbai,Maharashtra,2023-06-01,265,1,3736.7999999999997,1,1,1,111,3,Hibernating,Purchased
C5352,Meera Yadav,Female,26,Noida,Uttar Pradesh,2023-11-25,44,26,592689.64,4,5,5,455,14,Champions,Purchased
C5353,Divya Agarwal,Male,51,Jodhpur,Rajasthan,2023-04-12,42,1,6078.95,4,1,1,411,6,New Customers,Purchased
C5354,Sneha Srivastava,Female,47,Noida,Uttar Pradesh,2023-12-09,410,1,2122.92,1,1,1,111,3,Hibernating,Purchased
C5355,Deepak Verma,Female,39,Panipat,Haryana,2025-06-14,562,2,107856.01,1,1,2,112,4,Hibernating,Purchased
C5356,Pooja Mishra,Male,46,Kota,Rajasthan,2024-11-10,45,8,265923.87,4,4,4,444,12,Champions,Purchased
C5357,Vikas Verma,Male,28,Muzaffarpur,Bihar,2025-06-07,53,4,32207.09,4,2,1,421,7,New Customers,Purchased
C5358,Nikhil Shah,Female,47,Delhi,Delhi,2025-02-01,10,15,389455.42,5,5,4,554,14,Champions,Purchased
C5359,Neha Joshi,Male,25,Madurai,Tamil Nadu,2025-10-12,89,6,94122.14,3,3,2,332,8,Potential Loyalists,Purchased
C5360,Vikas Shah,Female,31,Kolkata,West Bengal,2023-04-29,9,13,527829.7,5,5,5,555,15,Champions,Purchased
C5361,Pooja Chauhan,Female,41,Nagpur,Maharashtra,2023-06-24,212,3,22648.11,2,2,1,221,5,Hibernating,Purchased
C5362,Aditya Chauhan,Female,25,Coimbatore,Tamil Nadu,2024-03-26,144,1,2069.65,2,1,1,211,4,Hibernating,Purchased
C5363,Aarav Saxena,Male,61,Kota,Rajasthan,2024-07-25,,,,,,,,,No Purchase,No Purchase
C5364,Simran Saxena,Male,60,Gaya,Bihar,2025-05-08,19,19,553182.91,5,5,5,555,15,Champions,Purchased
C5365,Suresh Agarwal,Female,40,Siliguri,West Bengal,2023-05-14,453,3,185356.63999999998,1,2,3,123,6,At Risk,Purchased
C5366,Suresh Mehta,Male,45,Varanasi,Uttar Pradesh,2023-05-02,24,6,273936.66000000003,5,3,4,534,12,Loyal Customers,Purchased
C5367,Yash Agarwal,Male,31,Mysuru,Karnataka,2025-05-21,702,1,935.91,1,1,1,111,3,Hibernating,Purchased
C5368,Suresh Bansal,Female,28,Surat,Gujarat,2024-08-24,628,1,12283.86,1,1,1,111,3,Hibernating,Purchased
C5369,Yash Gupta,Male,64,Lucknow,Uttar Pradesh,2024-03-27,,,,,,,,,No Purchase,No Purchase
C5370,Ankit Verma,Female,37,Bengaluru,Karnataka,2023-09-01,349,1,15962.239999999998,1,1,1,111,3,Hibernating,Purchased
C5371,Komal Sharma,Female,63,Mumbai,Maharashtra,2025-01-31,36,14,558779.3899999999,4,5,5,455,14,Champions,Purchased
C5372,Divya Joshi,Female,21,Kanpur,Uttar Pradesh,2025-05-28,100,3,190671.32,3,2,3,323,8,Potential Loyalists,Purchased
C5373,Riya Malhotra,Male,23,Salem,Tamil Nadu,2023-02-03,373,3,23754.14,1,2,1,121,4,Hibernating,Purchased
C5374,Nikhil Sharma,Female,40,Pune,Maharashtra,2023-03-01,18,27,447126.43,5,5,5,555,15,Champions,Purchased
C5375,Sameer Shah,Female,55,Vadodara,Gujarat,2025-05-01,95,4,63586.67,3,2,2,322,7,Potential Loyalists,Purchased
C5376,Rahul Agarwal,Male,38,Pune,Maharashtra,2025-08-25,,,,,,,,,No Purchase,No Purchase
C5377,Simran Bansal,Female,58,Kolkata,West Bengal,2023-09-09,,,,,,,,,No Purchase,No Purchase
C5378,Deepak Sharma,Male,24,Mumbai,Maharashtra,2025-02-11,106,11,281833.97000000003,3,4,4,344,11,Loyal Customers,Purchased
C5379,Deepak Sharma,Male,59,Faridabad,Haryana,2025-07-11,,,,,,,,,No Purchase,No Purchase
C5380,Sneha Joshi,Female,39,Varanasi,Uttar Pradesh,2023-05-04,,,,,,,,,No Purchase,No Purchase
C5381,Pooja Mehta,Male,31,Coimbatore,Tamil Nadu,2023-07-23,24,38,1167943.96,5,5,5,555,15,Champions,Purchased
C5382,Vivek Saxena,Male,48,Delhi,Delhi,2023-05-23,140,12,338411.26,2,5,4,254,11,Can't Lose Them,Purchased
C5383,Nisha Mehta,Female,55,Nagpur,Maharashtra,2025-05-15,275,4,145311.8,1,2,3,123,6,At Risk,Purchased
C5384,Sakshi Tiwari,Male,62,Mysuru,Karnataka,2025-04-24,28,18,976044.9500000001,4,5,5,455,14,Champions,Purchased
C5385,Varun Mishra,Female,22,Panipat,Haryana,2023-05-27,83,22,510311.24,3,5,5,355,13,Loyal Customers,Purchased
C5386,Simran Agarwal,Male,51,Bhopal,Madhya Pradesh,2023-07-10,18,15,659075.63,5,5,5,555,15,Champions,Purchased
C5387,Varun Chauhan,Female,33,New Delhi,Delhi,2024-12-27,78,5,48373.17,3,3,1,331,7,Potential Loyalists,Purchased
C5388,Vivek Kumar,Female,42,Agra,Uttar Pradesh,2025-09-09,390,4,40727.28,1,2,1,121,4,Hibernating,Purchased
C5389,Divya Bansal,Male,40,Siliguri,West Bengal,2025-05-03,25,10,300496.07,4,4,4,444,12,Champions,Purchased
C5390,Ananya Sharma,Female,54,Rajkot,Gujarat,2023-07-03,37,5,18623.920000000002,4,3,1,431,8,Potential Loyalists,Purchased
C5391,Karan Patel,Male,37,Pune,Maharashtra,2024-02-27,7,11,399525.39,5,4,4,544,13,Champions,Purchased
C5392,Arjun Gupta,Male,31,Durgapur,West Bengal,2023-03-14,69,4,220557.83,3,2,3,323,8,Potential Loyalists,Purchased
C5393,Meera Mehta,Male,41,Madurai,Tamil Nadu,2023-09-25,5,8,249073.25,5,4,4,544,13,Champions,Purchased
C5394,Riya Bansal,Male,50,Jaipur,Rajasthan,2024-09-08,280,5,466346.15,1,3,5,135,9,At Risk,Purchased
C5395,Aditya Sharma,Male,58,New Delhi,Delhi,2024-01-13,11,9,289223.0,5,4,4,544,13,Champions,Purchased
C5396,Shreya Gupta,Female,18,Hubballi,Karnataka,2024-10-26,309,2,267034.3,1,1,4,114,6,At Risk,Purchased
C5397,Mohit Mishra,Female,45,Pune,Maharashtra,2023-11-21,177,2,54892.07,2,1,2,212,5,Hibernating,Purchased
C5398,Sneha Yadav,Other,21,Durgapur,West Bengal,2024-09-09,113,4,55200.44,3,2,2,322,7,Potential Loyalists,Purchased
C5399,Simran Agarwal,Female,47,Prayagraj,Uttar Pradesh,2024-11-24,152,13,558305.59,2,5,5,255,12,Can't Lose Them,Purchased
C5400,Vivek Chauhan,Male,47,Durgapur,West Bengal,2023-08-02,105,10,617515.58,3,4,5,345,12,Loyal Customers,Purchased
C5401,Rahul Kumar,Male,59,Hyderabad,Telangana,2023-02-18,538,1,148.94,1,1,1,111,3,Hibernating,Purchased
C5402,Sneha Jain,Male,27,Siliguri,West Bengal,2024-01-06,34,14,417858.92,4,5,4,454,13,Champions,Purchased
C5403,Meera Patel,Female,56,Kanpur,Uttar Pradesh,2023-02-15,65,10,537537.9400000001,3,4,5,345,12,Loyal Customers,Purchased
C5404,Kavya Yadav,Female,51,Nagpur,Maharashtra,2023-06-24,16,11,276187.01,5,4,4,544,13,Champions,Purchased
C5405,Aditya Yadav,Male,49,Hubballi,Karnataka,2023-11-12,71,14,562213.25,3,5,5,355,13,Loyal Customers,Purchased
C5406,Pooja Kapoor,Male,48,Ahmedabad,Gujarat,2024-01-06,432,1,41804.26,1,1,1,111,3,Hibernating,Purchased
C5407,Divya Joshi,Male,44,Bhopal,Madhya Pradesh,2023-10-31,25,15,616803.23,4,5,5,455,14,Champions,Purchased
C5408,Simran Saxena,Female,21,Delhi,Delhi,2023-02-28,319,1,15934.79,1,1,1,111,3,Hibernating,Purchased
C5409,Aditi Jain,Male,57,Panipat,Haryana,2023-07-13,78,6,502033.94999999995,3,3,5,335,11,Loyal Customers,Purchased
C5410,Aarav Joshi,Female,36,Nashik,Maharashtra,2025-08-24,106,2,141191.87,3,1,3,313,7,Potential Loyalists,Purchased
C5411,Meera Srivastava,Male,23,Delhi,Delhi,2025-02-23,15,21,823333.98,5,5,5,555,15,Champions,Purchased
C5412,Deepak Srivastava,Male,47,Kanpur,Uttar Pradesh,2024-05-01,,,,,,,,,No Purchase,No Purchase
C5413,Meera Tiwari,Male,63,Siliguri,West Bengal,2023-01-27,20,15,532265.4500000001,5,5,5,555,15,Champions,Purchased
C5414,Deepak Yadav,Female,52,Agra,Uttar Pradesh,2024-01-28,16,18,1031321.6699999999,5,5,5,555,15,Champions,Purchased
C5415,Mohit Chauhan,Female,29,Mumbai,Maharashtra,2025-10-09,,,,,,,,,No Purchase,No Purchase
C5416,Suresh Saxena,Male,57,Kolkata,West Bengal,2025-06-05,447,1,33986.29,1,1,1,111,3,Hibernating,Purchased
C5417,Rohit Bansal,Male,58,Salem,Tamil Nadu,2025-04-09,389,2,35414.02,1,1,1,111,3,Hibernating,Purchased
C5418,Sanjay Malhotra,Male,33,Lucknow,Uttar Pradesh,2023-09-30,36,8,219892.32,4,4,3,443,11,Loyal Customers,Purchased
C5419,Yash Chauhan,Male,43,Kanpur,Uttar Pradesh,2024-03-17,125,17,313384.68,2,5,4,254,11,Can't Lose Them,Purchased
C5420,Sakshi Jain,Male,58,Madurai,Tamil Nadu,2023-02-01,511,1,440.96,1,1,1,111,3,Hibernating,Purchased
C5421,Shivam Kapoor,Male,25,Delhi,Delhi,2025-07-29,725,1,40416.54,1,1,1,111,3,Hibernating,Purchased
C5422,Aditya Malhotra,Female,35,Nashik,Maharashtra,2023-05-04,111,13,863683.29,3,5,5,355,13,Loyal Customers,Purchased
C5423,Tanya Kapoor,Female,39,Rajkot,Gujarat,2024-11-07,71,7,384961.23,3,3,4,334,10,Loyal Customers,Purchased
C5424,Tanya Bansal,Female,18,Thane,Maharashtra,2023-11-05,,,,,,,,,No Purchase,No Purchase
C5425,Simran Gupta,Female,26,Rajkot,Gujarat,2024-09-16,161,6,371769.89999999997,2,3,4,234,9,At Risk,Purchased
C5426,Aditya Mishra,Other,47,Delhi,Delhi,2025-06-24,86,9,158128.1,3,4,3,343,10,Loyal Customers,Purchased
C5427,Vikas Agarwal,Female,30,Aurangabad,Maharashtra,2023-12-09,293,1,2775.62,1,1,1,111,3,Hibernating,Purchased
C5428,Pooja Kapoor,Male,29,Varanasi,Uttar Pradesh,2023-01-19,494,1,92735.81,1,1,2,112,4,Hibernating,Purchased
C5429,Riya Kapoor,Male,32,Nashik,Maharashtra,2024-12-27,7,15,415954.73,5,5,4,554,14,Champions,Purchased
C5430,Amit Saxena,Male,23,Prayagraj,Uttar Pradesh,2024-08-05,241,1,11957.04,1,1,1,111,3,Hibernating,Purchased
C5431,Nikhil Bansal,Female,48,Delhi,Delhi,2023-06-02,167,1,59074.340000000004,2,1,2,212,5,Hibernating,Purchased
C5432,Kavya Mehta,Male,30,Indore,Madhya Pradesh,2023-02-23,59,6,189405.86000000002,3,3,3,333,9,Loyal Customers,Purchased
C5433,Sakshi Kumar,Male,49,Warangal,Telangana,2024-07-28,34,4,48038.97,4,2,1,421,7,New Customers,Purchased
C5434,Pooja Joshi,Female,57,Delhi,Delhi,2024-11-02,95,6,20714.34,3,3,1,331,7,Potential Loyalists,Purchased
C5435,Yash Srivastava,Female,40,Rajkot,Gujarat,2023-05-08,12,8,297735.97,5,4,4,544,13,Champions,Purchased
C5436,Neha Joshi,Female,61,Vadodara,Gujarat,2024-10-18,17,8,177839.76,5,4,3,543,12,Loyal Customers,Purchased
C5437,Ayush Srivastava,Female,27,Warangal,Telangana,2024-05-02,,,,,,,,,No Purchase,No Purchase
C5438,Ankit Chauhan,Female,64,Pune,Maharashtra,2023-05-31,67,21,863798.49,3,5,5,355,13,Loyal Customers,Purchased
C5439,Priya Agarwal,Female,33,New Delhi,Delhi,2024-11-05,104,10,369391.32999999996,3,4,4,344,11,Loyal Customers,Purchased
C5440,Varun Kapoor,Male,32,New Delhi,Delhi,2024-12-07,,,,,,,,,No Purchase,No Purchase
C5441,Divya Shah,Female,65,Lucknow,Uttar Pradesh,2023-06-20,51,5,113010.09999999999,4,3,2,432,9,Potential Loyalists,Purchased
C5442,Sanjay Patel,Female,39,New Delhi,Delhi,2025-01-07,82,11,447248.02999999997,3,4,5,345,12,Loyal Customers,Purchased
C5443,Mohit Verma,Male,53,Faridabad,Haryana,2023-09-01,14,8,170508.50999999998,5,4,3,543,12,Loyal Customers,Purchased
C5444,Nikhil Verma,Female,56,Indore,Madhya Pradesh,2024-10-15,61,8,505103.18,3,4,5,345,12,Loyal Customers,Purchased
C5445,Manish Gupta,Female,39,Lucknow,Uttar Pradesh,2025-06-09,63,4,133630.13999999998,3,2,3,323,8,Potential Loyalists,Purchased
C5446,Neha Joshi,Female,33,Mangaluru,Karnataka,2023-10-08,566,1,10060.16,1,1,1,111,3,Hibernating,Purchased
C5447,Neha Kumar,Female,41,Delhi,Delhi,2024-01-06,12,11,286820.85,5,4,4,544,13,Champions,Purchased
C5448,Vivek Jain,Male,36,Chennai,Tamil Nadu,2023-04-15,363,3,158560.53,1,2,3,123,6,At Risk,Purchased
C5449,Sakshi Shah,Male,37,Madurai,Tamil Nadu,2025-11-27,181,2,113589.57999999999,2,1,2,212,5,Hibernating,Purchased
C5450,Rahul Jain,Male,29,Varanasi,Uttar Pradesh,2023-12-29,397,4,75480.55,1,2,2,122,5,Hibernating,Purchased
C5451,Varun Srivastava,Female,61,Panipat,Haryana,2025-05-28,128,11,326260.22,2,4,4,244,10,Can't Lose Them,Purchased
C5452,Rakesh Jain,Female,45,Patna,Bihar,2025-10-20,44,2,49551.369999999995,4,1,1,411,6,New Customers,Purchased
C5453,Meera Singh,Other,56,Udaipur,Rajasthan,2024-06-04,273,1,369.68,1,1,1,111,3,Hibernating,Purchased
C5454,Nisha Chauhan,Female,49,Jaipur,Rajasthan,2025-01-29,277,15,457682.57999999996,1,5,5,155,11,Can't Lose Them,Purchased
C5455,Karan Saxena,Female,34,Chennai,Tamil Nadu,2024-06-01,79,6,204040.52000000002,3,3,3,333,9,Loyal Customers,Purchased
C5456,Varun Malhotra,Male,33,New Delhi,Delhi,2024-09-22,45,24,381213.52999999997,4,5,4,454,13,Champions,Purchased
C5457,Rohit Bansal,Male,65,Prayagraj,Uttar Pradesh,2023-10-01,259,3,28270.59,1,2,1,121,4,Hibernating,Purchased
C5458,Amit Kumar,Male,19,Ahmedabad,Gujarat,2025-07-09,,,,,,,,,No Purchase,No Purchase
C5459,Deepak Bansal,Female,32,Prayagraj,Uttar Pradesh,2023-05-15,131,2,98249.02,2,1,2,212,5,Hibernating,Purchased
C5460,Nisha Verma,Male,53,Warangal,Telangana,2024-12-23,41,11,384285.98,4,4,4,444,12,Champions,Purchased
C5461,Aditi Patel,Female,44,Hubballi,Karnataka,2025-10-04,504,2,91489.74,1,1,2,112,4,Hibernating,Purchased
C5462,Neha Gupta,Female,47,Mysuru,Karnataka,2025-06-07,393,7,218289.75,1,3,3,133,7,At Risk,Purchased
C5463,Aarav Bansal,Male,19,New Delhi,Delhi,2025-04-10,320,1,56323.56,1,1,2,112,4,Hibernating,Purchased
C5464,Vikas Verma,Female,28,Patna,Bihar,2024-12-20,70,7,171891.43,3,3,3,333,9,Loyal Customers,Purchased
C5465,Priya Yadav,Female,46,Thane,Maharashtra,2025-11-01,,,,,,,,,No Purchase,No Purchase
C5466,Nikhil Kumar,Female,33,Lucknow,Uttar Pradesh,2025-08-04,27,19,966177.03,4,5,5,455,14,Champions,Purchased
C5467,Komal Kapoor,Male,40,Nashik,Maharashtra,2023-10-29,20,13,352482.85,5,5,4,554,14,Champions,Purchased
C5468,Rakesh Yadav,Male,63,Jodhpur,Rajasthan,2024-11-14,200,1,111478.04,2,1,2,212,5,Hibernating,Purchased
C5469,Ankit Shah,Male,48,Muzaffarpur,Bihar,2024-04-14,25,4,69226.0,4,2,2,422,8,New Customers,Purchased
C5470,Deepak Mishra,Female,48,Nashik,Maharashtra,2023-10-18,114,6,75334.94,3,3,2,332,8,Potential Loyalists,Purchased
C5471,Vivek Bansal,Female,27,Bhopal,Madhya Pradesh,2025-06-14,304,5,165608.18,1,3,3,133,7,At Risk,Purchased
C5472,Sneha Verma,Female,46,Thane,Maharashtra,2023-02-15,102,4,53808.42999999999,3,2,2,322,7,Potential Loyalists,Purchased
C5473,Sanjay Tiwari,Female,64,Kota,Rajasthan,2023-05-21,98,17,588847.74,3,5,5,355,13,Loyal Customers,Purchased
C5474,Aditi Mishra,Male,48,Kanpur,Uttar Pradesh,2023-04-26,81,13,313864.85,3,5,4,354,12,Loyal Customers,Purchased
C5475,Amit Kumar,Other,55,Madurai,Tamil Nadu,2023-08-10,20,15,400919.12,5,5,4,554,14,Champions,Purchased
C5476,Aditya Verma,Male,63,Udaipur,Rajasthan,2024-07-15,,,,,,,,,No Purchase,No Purchase
C5477,Deepak Singh,Male,61,Salem,Tamil Nadu,2025-10-28,17,20,690659.61,5,5,5,555,15,Champions,Purchased
C5478,Aditya Patel,Female,34,Nagpur,Maharashtra,2025-11-30,31,16,247651.04,4,5,4,454,13,Champions,Purchased
C5479,Vikas Yadav,Female,32,Hyderabad,Telangana,2025-09-12,126,6,325080.86000000004,2,3,4,234,9,At Risk,Purchased
C5480,Sanjay Srivastava,Female,31,Muzaffarpur,Bihar,2025-04-11,99,6,147269.3,3,3,3,333,9,Loyal Customers,Purchased
C5481,Shivam Shah,Female,54,Hubballi,Karnataka,2024-05-18,27,9,249017.87999999998,4,4,4,444,12,Champions,Purchased
C5482,Divya Verma,Male,36,Vadodara,Gujarat,2025-04-29,,,,,,,,,No Purchase,No Purchase
C5483,Sakshi Patel,Male,57,Hyderabad,Telangana,2023-10-21,32,10,117348.82,4,4,2,442,10,At Risk,Purchased
C5484,Aditi Gupta,Male,56,Pune,Maharashtra,2024-12-27,73,10,102192.59,3,4,2,342,9,At Risk,Purchased
C5485,Nisha Gupta,Female,49,Faridabad,Haryana,2023-01-10,19,2,348639.53,5,1,4,514,10,New Customers,Purchased
C5486,Rohit Mishra,Male,23,Thane,Maharashtra,2025-09-16,70,2,22321.420000000002,3,1,1,311,5,Potential Loyalists,Purchased
C5487,Kavya Kumar,Male,52,Durgapur,West Bengal,2025-11-29,7,13,520386.26,5,5,5,555,15,Champions,Purchased
C5488,Rahul Gupta,Male,27,Prayagraj,Uttar Pradesh,2025-03-16,1,33,1618760.48,5,5,5,555,15,Champions,Purchased
C5489,Sanjay Tiwari,Female,44,Mumbai,Maharashtra,2023-07-11,77,6,300390.36,3,3,4,334,10,Loyal Customers,Purchased
C5490,Rakesh Malhotra,Female,28,Coimbatore,Tamil Nadu,2023-10-10,62,11,550499.32,3,4,5,345,12,Loyal Customers,Purchased
C5491,Vivek Tiwari,Male,20,Madurai,Tamil Nadu,2025-03-21,139,2,43079.05,2,1,1,211,4,Hibernating,Purchased
C5492,Shreya Yadav,Male,48,Panipat,Haryana,2024-06-30,78,3,38262.649999999994,3,2,1,321,6,Potential Loyalists,Purchased
C5493,Rahul Srivastava,Female,39,Patna,Bihar,2024-08-22,73,8,276985.14,3,4,4,344,11,Loyal Customers,Purchased
C5494,Shivam Agarwal,Female,48,Ghaziabad,Uttar Pradesh,2024-03-18,26,27,1074320.61,4,5,5,455,14,Champions,Purchased
C5495,Ayush Kumar,Male,41,Mumbai,Maharashtra,2025-07-04,176,7,133929.18,2,3,3,233,8,At Risk,Purchased
C5496,Neha Saxena,Male,35,New Delhi,Delhi,2023-07-01,17,5,293170.13,5,3,4,534,12,Loyal Customers,Purchased
C5497,Rohit Singh,Female,18,Hubballi,Karnataka,2024-04-28,253,2,40871.58,1,1,1,111,3,Hibernating,Purchased
C5498,Rakesh Jain,Female,31,Salem,Tamil Nadu,2023-09-01,21,3,234343.82,5,2,3,523,10,New Customers,Purchased
C5499,Neha Saxena,Male,60,Panipat,Haryana,2025-01-27,99,15,354945.18,3,5,4,354,12,Loyal Customers,Purchased
C5500,Neha Joshi,Female,54,Siliguri,West Bengal,2023-11-09,39,14,347167.68,4,5,4,454,13,Champions,Purchased
C5501,Rakesh Shah,Female,40,Varanasi,Uttar Pradesh,2023-11-24,24,3,2109.35,5,2,1,521,8,New Customers,Purchased
C5502,Sameer Agarwal,Male,19,Mangaluru,Karnataka,2023-07-10,179,8,322724.69,2,4,4,244,10,Can't Lose Them,Purchased
C5503,Simran Singh,Male,65,Vadodara,Gujarat,2025-08-03,580,2,31061.34,1,1,1,111,3,Hibernating,Purchased
C5504,Kavya Chauhan,Female,53,Mangaluru,Karnataka,2023-08-26,219,4,283244.32,2,2,4,224,8,At Risk,Purchased
C5505,Priya Gupta,Female,19,Kanpur,Uttar Pradesh,2025-08-09,119,1,90348.03,2,1,2,212,5,Hibernating,Purchased
C5506,Nikhil Yadav,Male,28,Hubballi,Karnataka,2025-09-30,,,,,,,,,No Purchase,No Purchase
C5507,Riya Verma,Female,26,Mysuru,Karnataka,2025-11-21,566,1,2360.61,1,1,1,111,3,Hibernating,Purchased
C5508,Neha Tiwari,Male,61,Nashik,Maharashtra,2024-01-11,31,18,455078.64,4,5,5,455,14,Champions,Purchased
C5509,Amit Bansal,Female,63,Durgapur,West Bengal,2024-12-18,92,10,246451.96,3,4,4,344,11,Loyal Customers,Purchased
C5510,Amit Patel,Male,37,Delhi,Delhi,2025-06-25,52,7,78248.4,4,3,2,432,9,Potential Loyalists,Purchased
C5511,Shivam Chauhan,Male,26,Vadodara,Gujarat,2023-03-27,106,1,32120.559999999998,3,1,1,311,5,Potential Loyalists,Purchased
C5512,Karan Singh,Male,48,Chennai,Tamil Nadu,2023-03-12,30,2,93299.44,4,1,2,412,7,New Customers,Purchased
C5513,Varun Srivastava,Female,31,Gurugram,Haryana,2023-08-15,33,8,121168.0,4,4,2,442,10,At Risk,Purchased
C5514,Rohit Singh,Female,23,Agra,Uttar Pradesh,2025-12-11,23,14,383046.33999999997,5,5,4,554,14,Champions,Purchased
C5515,Rahul Agarwal,Female,30,Kanpur,Uttar Pradesh,2023-04-09,317,2,83337.76,1,1,2,112,4,Hibernating,Purchased
C5516,Pooja Singh,Male,30,Delhi,Delhi,2025-04-17,6,20,764097.87,5,5,5,555,15,Champions,Purchased
C5517,Manish Chauhan,Female,20,Hubballi,Karnataka,2025-07-07,149,5,212342.47,2,3,3,233,8,At Risk,Purchased
C5518,Aditi Tiwari,Male,51,Delhi,Delhi,2025-09-19,31,7,232551.27,4,3,3,433,10,Loyal Customers,Purchased
C5519,Rahul Mehta,Female,34,Siliguri,West Bengal,2024-08-01,23,13,460350.14,5,5,5,555,15,Champions,Purchased
C5520,Komal Verma,Male,44,Mumbai,Maharashtra,2024-07-29,131,12,132158.38,2,5,3,253,10,At Risk,Purchased
C5521,Aditya Yadav,Female,44,Prayagraj,Uttar Pradesh,2025-03-23,148,2,32334.78,2,1,1,211,4,Hibernating,Purchased
C5522,Meera Jain,Male,54,Hubballi,Karnataka,2024-11-25,19,10,331255.6,5,4,4,544,13,Champions,Purchased
C5523,Sameer Mishra,Male,54,Siliguri,West Bengal,2025-05-11,28,10,422109.84,4,4,5,445,13,Champions,Purchased
C5524,Vikas Sharma,Female,45,Panipat,Haryana,2024-01-31,8,12,939111.4,5,5,5,555,15,Champions,Purchased
C5525,Shivam Malhotra,Male,58,Durgapur,West Bengal,2025-10-19,236,1,4468.759999999999,2,1,1,211,4,Hibernating,Purchased
C5526,Riya Joshi,Male,45,Madurai,Tamil Nadu,2024-04-18,,,,,,,,,No Purchase,No Purchase
C5527,Suresh Tiwari,Female,19,Kolkata,West Bengal,2023-09-29,5,19,731168.1799999999,5,5,5,555,15,Champions,Purchased
C5528,Divya Patel,Male,59,Jaipur,Rajasthan,2025-04-02,9,26,866155.57,5,5,5,555,15,Champions,Purchased
C5529,Rohit Mishra,Female,54,Thane,Maharashtra,2024-11-10,18,6,163556.7,5,3,3,533,11,Loyal Customers,Purchased
C5530,Tanya Shah,Female,38,Madurai,Tamil Nadu,2023-02-24,92,6,161568.48,3,3,3,333,9,Loyal Customers,Purchased
C5531,Sakshi Gupta,Female,36,Kolkata,West Bengal,2023-07-02,4,25,771665.1799999999,5,5,5,555,15,Champions,Purchased
C5532,Nikhil Joshi,Male,60,New Delhi,Delhi,2023-02-10,153,3,29367.02,2,2,1,221,5,Hibernating,Purchased
C5533,Nisha Bansal,Female,38,Kota,Rajasthan,2024-09-22,144,6,257637.24,2,3,4,234,9,At Risk,Purchased
C5534,Arjun Gupta,Female,35,Coimbatore,Tamil Nadu,2025-08-16,36,19,1399762.02,4,5,5,455,14,Champions,Purchased
C5535,Meera Mishra,Male,53,Coimbatore,Tamil Nadu,2023-05-01,18,26,731908.63,5,5,5,555,15,Champions,Purchased
C5536,Vivek Srivastava,Female,33,Varanasi,Uttar Pradesh,2025-07-21,147,2,44299.76,2,1,1,211,4,Hibernating,Purchased
C5537,Pooja Shah,Female,37,Jodhpur,Rajasthan,2025-02-28,386,4,12424.82,1,2,1,121,4,Hibernating,Purchased
C5538,Kavya Shah,Male,55,Panipat,Haryana,2024-08-19,90,5,79425.19,3,3,2,332,8,Potential Loyalists,Purchased
C5539,Sneha Kapoor,Male,28,Varanasi,Uttar Pradesh,2023-08-07,,,,,,,,,No Purchase,No Purchase
C5540,Tanya Mehta,Female,18,New Delhi,Delhi,2025-01-06,174,1,37321.48,2,1,1,211,4,Hibernating,Purchased
C5541,Meera Singh,Male,34,Lucknow,Uttar Pradesh,2024-02-05,,,,,,,,,No Purchase,No Purchase
C5542,Shreya Saxena,Female,26,Ghaziabad,Uttar Pradesh,2023-09-26,61,6,21103.24,3,3,1,331,7,Potential Loyalists,Purchased
C5543,Rohit Tiwari,Male,35,Gaya,Bihar,2023-11-18,123,7,303997.91,2,3,4,234,9,At Risk,Purchased
C5544,Manish Singh,Male,21,Salem,Tamil Nadu,2023-03-09,81,16,361222.48,3,5,4,354,12,Loyal Customers,Purchased
C5545,Sanjay Kumar,Female,46,New Delhi,Delhi,2024-06-20,6,18,127317.88,5,5,2,552,12,At Risk,Purchased
C5546,Amit Kapoor,Other,42,Mumbai,Maharashtra,2025-04-04,32,7,523339.99,4,3,5,435,12,Loyal Customers,Purchased
C5547,Nisha Joshi,Male,31,Muzaffarpur,Bihar,2025-06-24,395,1,86051.03,1,1,2,112,4,Hibernating,Purchased
C5548,Suresh Agarwal,Female,48,Pune,Maharashtra,2025-03-03,480,1,111752.46,1,1,2,112,4,Hibernating,Purchased
C5549,Sameer Shah,Male,24,Durgapur,West Bengal,2025-08-16,230,2,41193.98,2,1,1,211,4,Hibernating,Purchased
C5550,Sakshi Kapoor,Male,18,Thane,Maharashtra,2025-11-21,11,4,98472.39,5,2,2,522,9,New Customers,Purchased
C5551,Neha Shah,Female,40,Lucknow,Uttar Pradesh,2023-09-01,410,1,42652.92,1,1,1,111,3,Hibernating,Purchased
C5552,Sakshi Kumar,Male,25,Kota,Rajasthan,2024-04-19,2,10,268408.18,5,4,4,544,13,Champions,Purchased
C5553,Divya Singh,Female,59,Noida,Uttar Pradesh,2024-01-05,186,4,134561.98,2,2,3,223,7,At Risk,Purchased
C5554,Deepak Jain,Male,32,Jodhpur,Rajasthan,2025-01-19,10,14,625556.63,5,5,5,555,15,Champions,Purchased
C5555,Komal Tiwari,Male,38,Nagpur,Maharashtra,2025-07-05,37,27,905038.41,4,5,5,455,14,Champions,Purchased
C5556,Varun Mehta,Male,32,Siliguri,West Bengal,2025-09-01,384,1,260598.09999999998,1,1,4,114,6,At Risk,Purchased
C5557,Divya Agarwal,Female,38,Siliguri,West Bengal,2023-04-09,39,4,120515.87000000002,4,2,2,422,8,New Customers,Purchased
C5558,Varun Tiwari,Female,22,Siliguri,West Bengal,2024-07-17,155,6,115114.48,2,3,2,232,7,At Risk,Purchased
C5559,Tanya Agarwal,Male,62,Agra,Uttar Pradesh,2023-05-09,68,7,319104.95,3,3,4,334,10,Loyal Customers,Purchased
C5560,Priya Shah,Male,26,Udaipur,Rajasthan,2023-12-28,114,2,240637.06,3,1,4,314,8,Potential Loyalists,Purchased
C5561,Akash Kumar,Other,36,Patna,Bihar,2024-06-09,54,7,210577.56,4,3,3,433,10,Loyal Customers,Purchased
C5562,Aditi Kapoor,Male,58,Thane,Maharashtra,2024-11-09,236,2,979.5600000000001,2,1,1,211,4,Hibernating,Purchased
C5563,Divya Kapoor,Female,38,Mumbai,Maharashtra,2025-05-15,272,2,25447.18,1,1,1,111,3,Hibernating,Purchased
C5564,Neha Bansal,Female,51,Hyderabad,Telangana,2025-12-25,28,8,551846.65,4,4,5,445,13,Champions,Purchased
C5565,Ananya Mishra,Female,21,Thane,Maharashtra,2024-01-03,108,7,186608.47999999998,3,3,3,333,9,Loyal Customers,Purchased
C5566,Divya Jain,Male,32,Jaipur,Rajasthan,2024-09-04,,,,,,,,,No Purchase,No Purchase
C5567,Rohit Gupta,Male,54,Durgapur,West Bengal,2023-03-18,48,14,278102.83,4,5,4,454,13,Champions,Purchased
C5568,Shivam Chauhan,Male,30,Noida,Uttar Pradesh,2023-05-03,39,24,894723.21,4,5,5,455,14,Champions,Purchased
C5569,Aditi Singh,Male,37,Chennai,Tamil Nadu,2025-11-25,,,,,,,,,No Purchase,No Purchase
C5570,Tanya Joshi,Male,21,Rajkot,Gujarat,2025-10-24,167,10,466109.32999999996,2,4,5,245,11,Can't Lose Them,Purchased
C5571,Rakesh Kapoor,Other,42,New Delhi,Delhi,2025-10-25,9,7,189660.68,5,3,3,533,11,Loyal Customers,Purchased
C5572,Sneha Gupta,Male,34,Panipat,Haryana,2023-10-14,29,8,320527.57,4,4,4,444,12,Champions,Purchased
C5573,Rahul Agarwal,Male,59,Nagpur,Maharashtra,2024-12-14,1,17,511229.94999999995,5,5,5,555,15,Champions,Purchased
C5574,Yash Sharma,Male,37,Delhi,Delhi,2023-09-08,22,8,347147.26,5,4,4,544,13,Champions,Purchased
C5575,Aarav Mehta,Male,57,Panipat,Haryana,2025-01-16,9,9,250976.84,5,4,4,544,13,Champions,Purchased
C5576,Tanya Chauhan,Female,61,Mumbai,Maharashtra,2024-06-14,85,6,273706.77999999997,3,3,4,334,10,Loyal Customers,Purchased
C5577,Sakshi Jain,Male,58,Hyderabad,Telangana,2025-10-19,4,8,471742.42,5,4,5,545,14,Champions,Purchased
C5578,Karan Chauhan,Female,53,Varanasi,Uttar Pradesh,2024-02-14,104,1,1295.78,3,1,1,311,5,Potential Loyalists,Purchased
C5579,Deepak Kumar,Female,46,Salem,Tamil Nadu,2024-12-06,1,9,333684.20999999996,5,4,4,544,13,Champions,Purchased
C5580,Rahul Agarwal,Male,40,Lucknow,Uttar Pradesh,2024-12-22,471,1,12564.08,1,1,1,111,3,Hibernating,Purchased
C5581,Priya Tiwari,Female,21,Jaipur,Rajasthan,2025-05-13,13,11,418978.56,5,4,4,544,13,Champions,Purchased
C5582,Karan Srivastava,Male,24,Hyderabad,Telangana,2023-02-26,337,1,39426.5,1,1,1,111,3,Hibernating,Purchased
C5583,Divya Mishra,Male,36,Gurugram,Haryana,2024-05-22,323,4,280370.91000000003,1,2,4,124,7,At Risk,Purchased
C5584,Aarav Malhotra,Female,49,Patna,Bihar,2024-05-10,256,3,19972.41,1,2,1,121,4,Hibernating,Purchased
C5585,Ankit Srivastava,Female,18,Jaipur,Rajasthan,2023-09-07,2,6,219007.62,5,3,3,533,11,Loyal Customers,Purchased
C5586,Ayush Bansal,Male,62,Durgapur,West Bengal,2025-05-31,95,11,297659.72,3,4,4,344,11,Loyal Customers,Purchased
C5587,Arjun Joshi,Male,65,Salem,Tamil Nadu,2025-06-30,29,4,111372.09,4,2,2,422,8,New Customers,Purchased
C5588,Sneha Gupta,Male,21,Indore,Madhya Pradesh,2023-03-31,38,22,447133.08,4,5,5,455,14,Champions,Purchased
C5589,Ananya Singh,Female,22,Udaipur,Rajasthan,2025-01-19,152,3,60679.85,2,2,2,222,6,Hibernating,Purchased
C5590,Sneha Joshi,Female,58,Faridabad,Haryana,2025-08-01,,,,,,,,,No Purchase,No Purchase
C5591,Ananya Shah,Male,27,Nashik,Maharashtra,2023-11-14,349,5,72326.14,1,3,2,132,6,At Risk,Purchased
C5592,Vikas Verma,Female,26,Salem,Tamil Nadu,2024-11-23,,,,,,,,,No Purchase,No Purchase
C5593,Sameer Yadav,Female,26,Siliguri,West Bengal,2024-11-13,401,2,19905.27,1,1,1,111,3,Hibernating,Purchased
C5594,Karan Agarwal,Male,51,Thane,Maharashtra,2023-01-21,42,17,1048464.86,4,5,5,455,14,Champions,Purchased
C5595,Mohit Patel,Female,24,Mumbai,Maharashtra,2025-06-13,173,6,58368.04,2,3,2,232,7,At Risk,Purchased
C5596,Divya Agarwal,Female,26,Patna,Bihar,2025-04-01,138,6,101218.64,2,3,2,232,7,At Risk,Purchased
C5597,Sameer Agarwal,Male,37,Mangaluru,Karnataka,2023-10-24,220,2,88831.22000000002,2,1,2,212,5,Hibernating,Purchased
C5598,Shivam Kumar,Female,46,Aurangabad,Maharashtra,2023-12-10,28,15,510408.02999999997,4,5,5,455,14,Champions,Purchased
C5599,Arjun Srivastava,Female,65,New Delhi,Delhi,2025-04-21,3,6,31781.210000000003,5,3,1,531,9,Potential Loyalists,Purchased
C5600,Pooja Joshi,Female,29,Mangaluru,Karnataka,2025-05-27,315,2,37331.77,1,1,1,111,3,Hibernating,Purchased
C5601,Suresh Kumar,Male,30,Ahmedabad,Gujarat,2023-03-21,,,,,,,,,No Purchase,No Purchase
C5602,Tanya Jain,Female,44,Bhopal,Madhya Pradesh,2024-01-29,200,6,102279.49,2,3,2,232,7,At Risk,Purchased
C5603,Simran Jain,Female,38,Muzaffarpur,Bihar,2024-11-15,45,13,245115.77999999997,4,5,4,454,13,Champions,Purchased
C5604,Nikhil Joshi,Other,46,Udaipur,Rajasthan,2023-05-20,288,2,70060.95999999999,1,1,2,112,4,Hibernating,Purchased
C5605,Deepak Joshi,Male,29,Jaipur,Rajasthan,2025-12-29,411,3,224405.53,1,2,3,123,6,At Risk,Purchased
C5606,Aditya Joshi,Female,47,Delhi,Delhi,2023-08-17,1,9,313222.94999999995,5,4,4,544,13,Champions,Purchased
C5607,Akash Malhotra,Female,62,Panipat,Haryana,2025-08-06,103,7,215609.21000000002,3,3,3,333,9,Loyal Customers,Purchased
C5608,Aditi Kumar,Male,50,Nagpur,Maharashtra,2023-03-12,39,9,177658.53,4,4,3,443,11,Loyal Customers,Purchased
C5609,Kavya Mishra,Male,53,Kanpur,Uttar Pradesh,2025-08-16,47,5,177134.52,4,3,3,433,10,Loyal Customers,Purchased
C5610,Aarav Sharma,Female,21,Gaya,Bihar,2023-02-13,80,2,291765.6,3,1,4,314,8,Potential Loyalists,Purchased
C5611,Vikas Patel,Female,61,Panipat,Haryana,2025-01-14,44,10,512018.04000000004,4,4,5,445,13,Champions,Purchased
C5612,Deepak Jain,Female,51,New Delhi,Delhi,2024-01-30,24,10,423471.01,5,4,5,545,14,Champions,Purchased
C5613,Shreya Kapoor,Male,48,Jaipur,Rajasthan,2024-05-19,8,18,585940.4,5,5,5,555,15,Champions,Purchased
C5614,Kavya Gupta,Female,25,Bengaluru,Karnataka,2023-04-29,33,11,166081.05,4,4,3,443,11,Loyal Customers,Purchased
C5615,Tanya Joshi,Male,44,Delhi,Delhi,2025-01-11,6,14,608623.08,5,5,5,555,15,Champions,Purchased
C5616,Aditya Mishra,Female,50,Thane,Maharashtra,2024-11-12,28,7,204566.32,4,3,3,433,10,Loyal Customers,Purchased
C5617,Ananya Agarwal,Male,47,Prayagraj,Uttar Pradesh,2023-12-18,203,6,286737.52,2,3,4,234,9,At Risk,Purchased
C5618,Meera Kapoor,Male,23,Chennai,Tamil Nadu,2024-06-01,35,7,116160.76000000001,4,3,2,432,9,Potential Loyalists,Purchased
C5619,Sneha Singh,Female,19,Bengaluru,Karnataka,2024-08-28,127,1,34297.240000000005,2,1,1,211,4,Hibernating,Purchased
C5620,Sakshi Mishra,Female,41,Coimbatore,Tamil Nadu,2025-01-23,122,14,388899.19,2,5,4,254,11,Can't Lose Them,Purchased
C5621,Sameer Agarwal,Male,52,Pune,Maharashtra,2024-08-13,493,1,13514.16,1,1,1,111,3,Hibernating,Purchased
C5622,Riya Kapoor,Male,36,Bhopal,Madhya Pradesh,2023-03-06,122,2,32784.78,2,1,1,211,4,Hibernating,Purchased
C5623,Kavya Gupta,Female,51,Vadodara,Gujarat,2024-08-18,274,7,287305.83,1,3,4,134,8,At Risk,Purchased
C5624,Sneha Tiwari,Other,64,Gurugram,Haryana,2024-01-17,6,19,314321.79,5,5,4,554,14,Champions,Purchased
C5625,Nisha Chauhan,Male,60,Noida,Uttar Pradesh,2024-03-27,42,9,225079.18,4,4,3,443,11,Loyal Customers,Purchased
C5626,Deepak Saxena,Female,48,Surat,Gujarat,2024-02-10,110,5,175055.73,3,3,3,333,9,Loyal Customers,Purchased
C5627,Aditya Yadav,Male,52,Panipat,Haryana,2024-01-22,187,14,487832.61,2,5,5,255,12,Can't Lose Them,Purchased
C5628,Arjun Malhotra,Female,22,Delhi,Delhi,2023-09-16,216,1,331.15000000000003,2,1,1,211,4,Hibernating,Purchased
C5629,Ankit Singh,Male,22,Pune,Maharashtra,2023-12-28,,,,,,,,,No Purchase,No Purchase
C5630,Sanjay Srivastava,Male,51,Pune,Maharashtra,2025-02-19,88,7,322280.84,3,3,4,334,10,Loyal Customers,Purchased
C5631,Aditi Shah,Female,56,Nashik,Maharashtra,2023-09-04,46,3,47051.57000000001,4,2,1,421,7,New Customers,Purchased
C5632,Amit Gupta,Male,27,Bengaluru,Karnataka,2025-04-11,32,9,575314.6,4,4,5,445,13,Champions,Purchased
C5633,Priya Mishra,Female,46,Delhi,Delhi,2024-04-25,469,1,7220.679999999999,1,1,1,111,3,Hibernating,Purchased
C5634,Amit Saxena,Male,31,Aurangabad,Maharashtra,2024-10-30,20,23,517896.73,5,5,5,555,15,Champions,Purchased
C5635,Divya Srivastava,Male,23,Jaipur,Rajasthan,2023-05-09,35,13,495426.61,4,5,5,455,14,Champions,Purchased
C5636,Deepak Shah,Female,36,Ghaziabad,Uttar Pradesh,2023-08-15,,,,,,,,,No Purchase,No Purchase
C5637,Suresh Patel,Female,39,New Delhi,Delhi,2025-09-14,670,2,178261.02000000002,1,1,3,113,5,At Risk,Purchased
C5638,Nikhil Bansal,Male,55,Jodhpur,Rajasthan,2025-06-28,74,23,912299.1900000001,3,5,5,355,13,Loyal Customers,Purchased
C5639,Aarav Saxena,Female,59,Thane,Maharashtra,2023-03-18,649,2,112650.06999999999,1,1,2,112,4,Hibernating,Purchased
C5640,Shreya Bansal,Male,63,Pune,Maharashtra,2025-09-16,152,1,370.31,2,1,1,211,4,Hibernating,Purchased
C5641,Nikhil Agarwal,Female,23,Pune,Maharashtra,2025-07-05,29,8,243340.5,4,4,4,444,12,Champions,Purchased
C5642,Rohit Joshi,Male,62,Noida,Uttar Pradesh,2023-05-31,294,2,1867.25,1,1,1,111,3,Hibernating,Purchased
C5643,Komal Srivastava,Female,42,Mangaluru,Karnataka,2023-09-22,578,1,68660.06000000001,1,1,2,112,4,Hibernating,Purchased
C5644,Akash Gupta,Male,26,Noida,Uttar Pradesh,2023-07-14,15,24,1024491.71,5,5,5,555,15,Champions,Purchased
C5645,Komal Agarwal,Female,49,Nagpur,Maharashtra,2025-07-23,397,1,220274.74,1,1,3,113,5,At Risk,Purchased
C5646,Sakshi Singh,Female,20,Gaya,Bihar,2025-07-23,170,6,241814.51,2,3,4,234,9,At Risk,Purchased
C5647,Ananya Jain,Female,40,Gwalior,Madhya Pradesh,2025-02-27,6,12,276459.41000000003,5,5,4,554,14,Champions,Purchased
C5648,Sneha Bansal,Male,57,Aurangabad,Maharashtra,2023-10-01,39,17,641752.42,4,5,5,455,14,Champions,Purchased
C5649,Simran Gupta,Male,64,Delhi,Delhi,2025-10-05,141,5,148614.57,2,3,3,233,8,At Risk,Purchased
C5650,Divya Shah,Male,31,Mangaluru,Karnataka,2025-07-16,22,5,200917.35,5,3,3,533,11,Loyal Customers,Purchased
C5651,Riya Sharma,Female,26,Faridabad,Haryana,2025-08-10,72,9,218189.15,3,4,3,343,10,Loyal Customers,Purchased
C5652,Nisha Srivastava,Male,45,Hyderabad,Telangana,2024-01-30,93,4,132852.86,3,2,3,323,8,Potential Loyalists,Purchased
C5653,Ayush Saxena,Female,25,Lucknow,Uttar Pradesh,2025-02-06,36,2,113929.37,4,1,2,412,7,New Customers,Purchased
C5654,Nisha Shah,Male,64,Ghaziabad,Uttar Pradesh,2025-01-09,,,,,,,,,No Purchase,No Purchase
C5655,Sanjay Kapoor,Other,33,Mysuru,Karnataka,2023-06-16,615,1,207249.05000000002,1,1,3,113,5,At Risk,Purchased
C5656,Sanjay Kumar,Female,26,Faridabad,Haryana,2024-09-30,230,4,6050.700000000001,2,2,1,221,5,Hibernating,Purchased
C5657,Kavya Saxena,Female,29,Gurugram,Haryana,2024-08-24,240,2,11012.650000000001,1,1,1,111,3,Hibernating,Purchased
C5658,Aditi Kapoor,Female,35,Lucknow,Uttar Pradesh,2024-10-02,68,6,80232.0,3,3,2,332,8,Potential Loyalists,Purchased
C5659,Rahul Kumar,Female,53,Vadodara,Gujarat,2024-01-08,76,5,213280.93999999997,3,3,3,333,9,Loyal Customers,Purchased
C5660,Ananya Chauhan,Female,59,Kanpur,Uttar Pradesh,2025-01-02,138,10,247078.88,2,4,4,244,10,Can't Lose Them,Purchased
C5661,Aditi Sharma,Female,53,Udaipur,Rajasthan,2025-08-27,146,2,38565.399999999994,2,1,1,211,4,Hibernating,Purchased
C5662,Aarav Joshi,Female,49,Indore,Madhya Pradesh,2024-10-24,165,4,137092.66999999998,2,2,3,223,7,At Risk,Purchased
C5663,Komal Gupta,Male,30,Bengaluru,Karnataka,2025-08-13,538,2,66562.49,1,1,2,112,4,Hibernating,Purchased
C5664,Vikas Kapoor,Male,63,Ghaziabad,Uttar Pradesh,2025-04-24,139,1,1157.44,2,1,1,211,4,Hibernating,Purchased
C5665,Isha Singh,Female,65,Surat,Gujarat,2023-12-10,108,10,343211.4,3,4,4,344,11,Loyal Customers,Purchased
C5666,Priya Singh,Female,48,Mysuru,Karnataka,2025-03-16,56,4,152024.23,4,2,3,423,9,New Customers,Purchased
C5667,Ananya Patel,Male,55,Hyderabad,Telangana,2025-01-05,54,10,291390.0,4,4,4,444,12,Champions,Purchased
C5668,Vivek Chauhan,Male,32,Delhi,Delhi,2025-10-30,103,9,641855.1,3,4,5,345,12,Loyal Customers,Purchased
C5669,Sanjay Yadav,Female,39,Faridabad,Haryana,2024-01-06,69,6,186109.93,3,3,3,333,9,Loyal Customers,Purchased
C5670,Meera Joshi,Male,56,Nagpur,Maharashtra,2023-06-29,21,10,71173.51000000001,5,4,2,542,11,At Risk,Purchased
C5671,Ayush Shah,Female,38,Ghaziabad,Uttar Pradesh,2025-01-12,51,3,115294.68000000001,4,2,2,422,8,New Customers,Purchased
C5672,Varun Saxena,Female,54,Delhi,Delhi,2024-11-23,8,7,286674.27,5,3,4,534,12,Loyal Customers,Purchased
C5673,Akash Yadav,Male,59,Lucknow,Uttar Pradesh,2024-11-03,,,,,,,,,No Purchase,No Purchase
C5674,Karan Mehta,Male,62,Nashik,Maharashtra,2025-03-21,174,3,2548.8,2,2,1,221,5,Hibernating,Purchased
C5675,Deepak Chauhan,Male,31,Kota,Rajasthan,2024-07-13,125,5,81042.59,2,3,2,232,7,At Risk,Purchased
C5676,Rakesh Mishra,Male,40,Agra,Uttar Pradesh,2023-02-03,9,27,854667.49,5,5,5,555,15,Champions,Purchased
C5677,Nikhil Jain,Female,36,Noida,Uttar Pradesh,2025-08-19,157,6,390746.57,2,3,4,234,9,At Risk,Purchased
C5678,Aditi Srivastava,Female,42,Noida,Uttar Pradesh,2023-10-31,285,7,400871.64,1,3,4,134,8,At Risk,Purchased
C5679,Vikas Mishra,Female,53,Varanasi,Uttar Pradesh,2023-09-27,470,2,181664.77999999997,1,1,3,113,5,At Risk,Purchased
C5680,Riya Agarwal,Male,33,Panipat,Haryana,2025-06-10,91,8,239134.13,3,4,4,344,11,Loyal Customers,Purchased
C5681,Isha Mishra,Female,29,Indore,Madhya Pradesh,2025-05-23,78,4,78139.66,3,2,2,322,7,Potential Loyalists,Purchased
C5682,Ananya Saxena,Male,30,Agra,Uttar Pradesh,2024-07-07,50,13,406125.62,4,5,4,454,13,Champions,Purchased
C5683,Shivam Tiwari,Female,54,Siliguri,West Bengal,2025-01-25,491,2,31853.61,1,1,1,111,3,Hibernating,Purchased
C5684,Aarav Joshi,Male,65,Kolkata,West Bengal,2023-03-30,193,4,81993.01,2,2,2,222,6,Hibernating,Purchased
C5685,Rohit Joshi,Female,22,Gaya,Bihar,2023-11-04,,,,,,,,,No Purchase,No Purchase
C5686,Aditya Agarwal,Female,64,Delhi,Delhi,2023-09-23,126,6,520134.25,2,3,5,235,10,At Risk,Purchased
C5687,Arjun Sharma,Male,19,Pune,Maharashtra,2024-04-06,160,1,20300.8,2,1,1,211,4,Hibernating,Purchased
C5688,Priya Gupta,Female,43,Bengaluru,Karnataka,2024-01-27,503,1,12840.82,1,1,1,111,3,Hibernating,Purchased
C5689,Arjun Kumar,Male,24,Faridabad,Haryana,2023-03-17,141,13,378313.0,2,5,4,254,11,Can't Lose Them,Purchased
C5690,Kavya Kumar,Male,63,Kolkata,West Bengal,2025-01-24,63,10,268681.45999999996,3,4,4,344,11,Loyal Customers,Purchased
C5691,Priya Malhotra,Female,54,Mangaluru,Karnataka,2024-10-16,32,3,80155.46999999999,4,2,2,422,8,New Customers,Purchased
C5692,Kavya Kumar,Female,35,Nashik,Maharashtra,2024-02-20,13,18,580814.16,5,5,5,555,15,Champions,Purchased
C5693,Rohit Singh,Male,50,Kolkata,West Bengal,2025-08-30,236,2,18605.88,2,1,1,211,4,Hibernating,Purchased
C5694,Suresh Agarwal,Male,58,Faridabad,Haryana,2024-01-31,108,5,12311.56,3,3,1,331,7,Potential Loyalists,Purchased
C5695,Nikhil Verma,Male,28,Mangaluru,Karnataka,2023-05-10,190,17,476217.11,2,5,5,255,12,Can't Lose Them,Purchased
C5696,Kavya Kumar,Female,48,Jodhpur,Rajasthan,2025-07-17,,,,,,,,,No Purchase,No Purchase
C5697,Rohit Kumar,Female,32,Mangaluru,Karnataka,2023-05-25,23,7,339017.45999999996,5,3,4,534,12,Loyal Customers,Purchased
C5698,Shreya Yadav,Male,52,Mysuru,Karnataka,2023-03-20,130,5,255698.48999999996,2,3,4,234,9,At Risk,Purchased
C5699,Rohit Shah,Male,45,Coimbatore,Tamil Nadu,2024-06-03,37,10,329389.75,4,4,4,444,12,Champions,Purchased
C5700,Sanjay Bansal,Female,52,Kolkata,West Bengal,2024-09-26,1,8,358334.4,5,4,4,544,13,Champions,Purchased
C5701,Rohit Srivastava,Female,48,Patna,Bihar,2023-11-04,9,8,164614.72,5,4,3,543,12,Loyal Customers,Purchased
C5702,Karan Bansal,Male,48,Bengaluru,Karnataka,2025-07-07,48,7,430425.28,4,4,5,445,13,Champions,Purchased
C5703,Meera Joshi,Female,22,Delhi,Delhi,2023-10-31,197,4,86907.09999999999,2,2,2,222,6,Hibernating,Purchased
C5704,Priya Tiwari,Male,58,New Delhi,Delhi,2025-11-21,92,13,368615.31,3,5,4,354,12,Loyal Customers,Purchased
C5705,Karan Shah,Male,26,Varanasi,Uttar Pradesh,2024-11-30,103,4,30088.699999999997,3,2,1,321,6,Potential Loyalists,Purchased
C5706,Ayush Joshi,Female,36,Delhi,Delhi,2023-07-22,3,2,44009.020000000004,5,1,1,511,7,New Customers,Purchased
C5707,Aditi Jain,Female,42,Varanasi,Uttar Pradesh,2024-03-25,101,16,455065.33,3,5,5,355,13,Loyal Customers,Purchased
C5708,Aarav Mishra,Male,58,Mangaluru,Karnataka,2023-03-25,5,12,165120.51,5,5,3,553,13,Loyal Customers,Purchased
C5709,Priya Mishra,Female,48,Mumbai,Maharashtra,2025-07-13,20,2,3944.1800000000003,5,1,1,511,7,New Customers,Purchased
C5710,Neha Kumar,Female,26,New Delhi,Delhi,2024-12-10,75,9,149794.71,3,4,3,343,10,Loyal Customers,Purchased
C5711,Sneha Bansal,Female,31,Warangal,Telangana,2024-04-14,162,7,237352.97000000003,2,4,3,243,9,At Risk,Purchased
C5712,Pooja Singh,Female,27,Nagpur,Maharashtra,2025-01-13,11,19,635148.91,5,5,5,555,15,Champions,Purchased
C5713,Akash Malhotra,Female,46,Rajkot,Gujarat,2024-11-04,574,2,1517.57,1,1,1,111,3,Hibernating,Purchased
C5714,Komal Srivastava,Female,52,Gwalior,Madhya Pradesh,2024-10-18,122,2,3728.66,2,1,1,211,4,Hibernating,Purchased
C5715,Nikhil Patel,Male,52,Surat,Gujarat,2024-03-11,29,20,498604.55,4,5,5,455,14,Champions,Purchased
C5716,Ayush Singh,Female,54,Mumbai,Maharashtra,2024-01-20,5,17,395663.16000000003,5,5,4,554,14,Champions,Purchased
C5717,Varun Jain,Male,51,New Delhi,Delhi,2023-10-08,126,2,65154.17,2,2,2,222,6,Hibernating,Purchased
C5718,Priya Mishra,Female,61,Surat,Gujarat,2025-05-11,12,5,84483.8,5,3,2,532,10,Potential Loyalists,Purchased
C5719,Manish Chauhan,Male,61,Coimbatore,Tamil Nadu,2024-05-31,80,6,341325.78,3,3,4,334,10,Loyal Customers,Purchased
C5720,Vivek Malhotra,Male,31,Varanasi,Uttar Pradesh,2024-05-28,56,10,184715.71,4,4,3,443,11,Loyal Customers,Purchased
C5721,Neha Kapoor,Female,32,Mangaluru,Karnataka,2025-02-27,,,,,,,,,No Purchase,No Purchase
C5722,Meera Shah,Male,20,Coimbatore,Tamil Nadu,2024-08-04,517,3,77945.97,1,2,2,122,5,Hibernating,Purchased
C5723,Arjun Kapoor,Male,30,Thane,Maharashtra,2025-11-09,138,10,152819.99,2,4,3,243,9,At Risk,Purchased
C5724,Akash Kapoor,Male,42,Rajkot,Gujarat,2023-09-21,34,7,424477.39,4,4,5,445,13,Champions,Purchased
C5725,Sameer Singh,Female,49,Varanasi,Uttar Pradesh,2023-02-16,64,14,658275.68,3,5,5,355,13,Loyal Customers,Purchased
C5726,Rahul Verma,Male,60,Delhi,Delhi,2024-04-06,590,1,60911.66,1,1,2,112,4,Hibernating,Purchased
C5727,Priya Sharma,Male,46,Hyderabad,Telangana,2024-08-05,64,2,53558.799999999996,3,2,2,322,7,Potential Loyalists,Purchased
C5728,Sneha Shah,Female,64,Thane,Maharashtra,2025-06-18,294,3,79604.44,1,2,2,122,5,Hibernating,Purchased
C5729,Mohit Srivastava,Female,44,Surat,Gujarat,2024-11-27,70,7,248755.1,3,4,4,344,11,Loyal Customers,Purchased
C5730,Sanjay Joshi,Female,59,Bengaluru,Karnataka,2025-10-25,71,10,129429.83,3,4,2,342,9,At Risk,Purchased
C5731,Arjun Shah,Male,56,New Delhi,Delhi,2023-04-04,179,2,78089.44,2,2,2,222,6,Hibernating,Purchased
C5732,Sneha Tiwari,Female,41,Indore,Madhya Pradesh,2024-08-11,110,3,333283.85,3,2,4,324,9,Potential Loyalists,Purchased
C5733,Sameer Gupta,Female,59,Delhi,Delhi,2025-06-26,,,,,,,,,No Purchase,No Purchase
C5734,Shreya Singh,Female,59,Pune,Maharashtra,2024-07-03,290,1,5043.24,1,1,1,111,3,Hibernating,Purchased
C5735,Manish Tiwari,Female,32,Gwalior,Madhya Pradesh,2023-10-30,35,10,386191.45999999996,4,4,4,444,12,Champions,Purchased
C5736,Vivek Tiwari,Male,28,Durgapur,West Bengal,2025-04-21,29,12,296999.94,4,5,4,454,13,Champions,Purchased
C5737,Mohit Malhotra,Female,23,Jodhpur,Rajasthan,2025-08-16,26,15,578737.99,4,5,5,455,14,Champions,Purchased
C5738,Sneha Verma,Female,62,Ghaziabad,Uttar Pradesh,2023-10-11,633,1,51640.74,1,1,2,112,4,Hibernating,Purchased
C5739,Komal Chauhan,Male,39,Ghaziabad,Uttar Pradesh,2024-08-28,,,,,,,,,No Purchase,No Purchase
C5740,Ananya Bansal,Male,45,Rajkot,Gujarat,2025-05-31,329,1,247048.79,1,1,4,114,6,At Risk,Purchased
C5741,Nisha Malhotra,Male,31,Nagpur,Maharashtra,2023-06-16,148,1,2713.7200000000003,2,1,1,211,4,Hibernating,Purchased
C5742,Rohit Verma,Female,36,Pune,Maharashtra,2023-01-13,,,,,,,,,No Purchase,No Purchase
C5743,Amit Shah,Male,37,Kolkata,West Bengal,2025-03-20,29,18,703128.42,4,5,5,455,14,Champions,Purchased
C5744,Yash Saxena,Female,45,Aurangabad,Maharashtra,2025-04-03,,,,,,,,,No Purchase,No Purchase
C5745,Karan Srivastava,Female,26,Ghaziabad,Uttar Pradesh,2023-06-22,45,3,108307.32,4,2,2,422,8,New Customers,Purchased
C5746,Mohit Mehta,Male,55,Agra,Uttar Pradesh,2024-10-15,463,4,8181.51,1,2,1,121,4,Hibernating,Purchased
C5747,Manish Shah,Male,36,Bengaluru,Karnataka,2025-02-27,15,7,48358.02,5,4,1,541,10,At Risk,Purchased
C5748,Riya Malhotra,Male,29,Rajkot,Gujarat,2025-11-20,,,,,,,,,No Purchase,No Purchase
C5749,Pooja Shah,Male,18,Gurugram,Haryana,2025-06-03,14,12,491757.43,5,5,5,555,15,Champions,Purchased
C5750,Shivam Jain,Female,22,Agra,Uttar Pradesh,2023-08-29,78,3,68233.73999999999,3,2,2,322,7,Potential Loyalists,Purchased
C5751,Rahul Singh,Female,30,Nashik,Maharashtra,2024-09-22,632,1,94060.92,1,1,2,112,4,Hibernating,Purchased
C5752,Ankit Kumar,Female,53,Chennai,Tamil Nadu,2025-03-13,102,3,303146.94,3,2,4,324,9,Potential Loyalists,Purchased
C5753,Ankit Bansal,Other,59,New Delhi,Delhi,2023-10-24,81,4,25267.910000000003,3,2,1,321,6,Potential Loyalists,Purchased
C5754,Komal Sharma,Male,63,Chennai,Tamil Nadu,2023-06-28,52,10,451517.69000000006,4,4,5,445,13,Champions,Purchased
C5755,Divya Singh,Female,32,Gwalior,Madhya Pradesh,2024-04-23,47,11,98583.2,4,4,2,442,10,At Risk,Purchased
C5756,Nikhil Tiwari,Male,48,Salem,Tamil Nadu,2025-02-26,26,8,203493.41,4,4,3,443,11,Loyal Customers,Purchased
C5757,Varun Kapoor,Female,30,Mysuru,Karnataka,2024-08-01,625,1,35813.76,1,1,1,111,3,Hibernating,Purchased
C5758,Yash Sharma,Male,24,Gaya,Bihar,2024-10-23,27,8,250796.75999999998,4,4,4,444,12,Champions,Purchased
C5759,Vikas Mishra,Male,44,Kanpur,Uttar Pradesh,2024-12-30,241,4,236550.28,1,2,3,123,6,At Risk,Purchased
C5760,Shreya Bansal,Female,48,Bhopal,Madhya Pradesh,2025-11-12,199,6,66628.06,2,3,2,232,7,At Risk,Purchased
C5761,Shreya Jain,Female,54,Madurai,Tamil Nadu,2024-11-25,36,20,1092794.77,4,5,5,455,14,Champions,Purchased
C5762,Sameer Patel,Male,23,Coimbatore,Tamil Nadu,2023-05-28,29,6,187562.78,4,3,3,433,10,Loyal Customers,Purchased
C5763,Sanjay Patel,Male,53,Bhopal,Madhya Pradesh,2024-03-14,34,9,650412.15,4,4,5,445,13,Champions,Purchased
C5764,Neha Verma,Female,32,Coimbatore,Tamil Nadu,2023-07-06,,,,,,,,,No Purchase,No Purchase
C5765,Neha Kapoor,Female,31,Mangaluru,Karnataka,2025-04-10,66,6,118237.7,3,3,2,332,8,Potential Loyalists,Purchased
C5766,Ankit Kumar,Female,19,Aurangabad,Maharashtra,2025-12-27,,,,,,,,,No Purchase,No Purchase
C5767,Deepak Shah,Male,27,Jaipur,Rajasthan,2025-04-24,305,4,156996.56999999998,1,2,3,123,6,At Risk,Purchased
C5768,Sneha Gupta,Male,41,Ahmedabad,Gujarat,2023-09-27,372,4,97161.6,1,2,2,122,5,Hibernating,Purchased
C5769,Manish Sharma,Female,27,Nashik,Maharashtra,2025-02-01,96,2,95365.98000000001,3,2,2,322,7,Potential Loyalists,Purchased
C5770,Akash Kumar,Female,33,Jaipur,Rajasthan,2023-01-24,355,4,117763.45,1,2,2,122,5,Hibernating,Purchased
C5771,Suresh Srivastava,Male,43,Jaipur,Rajasthan,2023-10-26,94,4,66834.05,3,2,2,322,7,Potential Loyalists,Purchased
C5772,Priya Gupta,Male,22,Hubballi,Karnataka,2023-11-29,33,9,190685.67,4,4,3,443,11,Loyal Customers,Purchased
C5773,Rakesh Yadav,Male,60,Kanpur,Uttar Pradesh,2024-05-28,136,3,204900.14,2,2,3,223,7,At Risk,Purchased
C5774,Ayush Kumar,Female,32,Mangaluru,Karnataka,2023-12-17,134,6,309015.48,2,3,4,234,9,At Risk,Purchased
C5775,Mohit Kapoor,Male,54,Prayagraj,Uttar Pradesh,2024-04-18,95,5,263016.91000000003,3,3,4,334,10,Loyal Customers,Purchased
C5776,Neha Jain,Female,49,Noida,Uttar Pradesh,2023-01-11,120,6,107411.15000000001,2,3,2,232,7,At Risk,Purchased
C5777,Meera Tiwari,Female,54,Mysuru,Karnataka,2025-06-13,23,9,117831.45,5,4,2,542,11,At Risk,Purchased
C5778,Shreya Malhotra,Male,31,Noida,Uttar Pradesh,2024-03-09,39,7,176757.83000000002,4,4,3,443,11,Loyal Customers,Purchased
C5779,Nisha Shah,Male,26,Nagpur,Maharashtra,2025-06-03,125,4,64472.92,2,2,2,222,6,Hibernating,Purchased
C5780,Simran Malhotra,Male,24,Jaipur,Rajasthan,2023-03-05,5,13,226148.95,5,5,3,553,13,Loyal Customers,Purchased
C5781,Vivek Sharma,Male,29,Delhi,Delhi,2025-08-06,201,7,360426.39,2,4,4,244,10,Can't Lose Them,Purchased
C5782,Ankit Chauhan,Female,44,Patna,Bihar,2024-11-16,263,8,169038.5,1,4,3,143,8,At Risk,Purchased
C5783,Shivam Chauhan,Female,47,Indore,Madhya Pradesh,2023-09-11,517,1,732.86,1,1,1,111,3,Hibernating,Purchased
C5784,Rohit Yadav,Male,54,Ahmedabad,Gujarat,2025-04-04,,,,,,,,,No Purchase,No Purchase
C5785,Sameer Joshi,Female,64,Patna,Bihar,2025-03-30,37,9,627539.9299999999,4,4,5,445,13,Champions,Purchased
C5786,Arjun Verma,Male,57,Gurugram,Haryana,2025-03-06,,,,,,,,,No Purchase,No Purchase
C5787,Kavya Shah,Female,35,New Delhi,Delhi,2025-08-11,55,18,741527.04,4,5,5,455,14,Champions,Purchased
C5788,Arjun Bansal,Female,40,Durgapur,West Bengal,2025-11-10,20,13,364623.75,5,5,4,554,14,Champions,Purchased
C5789,Ananya Tiwari,Male,63,Ghaziabad,Uttar Pradesh,2023-07-02,94,12,509114.81,3,5,5,355,13,Loyal Customers,Purchased
C5790,Shreya Mishra,Female,52,Kota,Rajasthan,2023-11-06,51,6,124202.34,4,3,2,432,9,Potential Loyalists,Purchased
C5791,Mohit Malhotra,Female,38,Salem,Tamil Nadu,2023-02-13,,,,,,,,,No Purchase,No Purchase
C5792,Amit Kapoor,Male,57,Ghaziabad,Uttar Pradesh,2023-03-14,,,,,,,,,No Purchase,No Purchase
C5793,Rohit Verma,Other,24,Nagpur,Maharashtra,2023-04-26,,,,,,,,,No Purchase,No Purchase
C5794,Simran Joshi,Male,50,Gaya,Bihar,2025-01-27,78,3,12190.51,3,2,1,321,6,Potential Loyalists,Purchased
C5795,Ayush Malhotra,Male,63,Delhi,Delhi,2024-10-25,10,15,325875.72,5,5,4,554,14,Champions,Purchased
C5796,Nikhil Bansal,Female,43,Pune,Maharashtra,2023-02-08,145,4,104883.39,2,2,2,222,6,Hibernating,Purchased
C5797,Priya Chauhan,Male,47,Nashik,Maharashtra,2024-04-06,33,14,406771.38,4,5,4,454,13,Champions,Purchased
C5798,Komal Sharma,Male,20,Hubballi,Karnataka,2023-05-01,147,3,49861.62,2,2,1,221,5,Hibernating,Purchased
C5799,Nikhil Verma,Male,47,Gurugram,Haryana,2023-08-02,15,34,1474365.47,5,5,5,555,15,Champions,Purchased
C5800,Pooja Kumar,Male,31,Durgapur,West Bengal,2023-03-02,9,16,598256.27,5,5,5,555,15,Champions,Purchased
C5801,Riya Gupta,Male,65,Hubballi,Karnataka,2024-08-01,151,7,578730.13,2,4,5,245,11,Can't Lose Them,Purchased
C5802,Sameer Patel,Male,33,Nashik,Maharashtra,2023-03-30,,,,,,,,,No Purchase,No Purchase
C5803,Aditya Srivastava,Female,33,Kanpur,Uttar Pradesh,2025-05-10,95,13,674166.49,3,5,5,355,13,Loyal Customers,Purchased
C5804,Sameer Jain,Male,36,Mysuru,Karnataka,2025-10-17,91,1,630.06,3,1,1,311,5,Potential Loyalists,Purchased
C5805,Sneha Malhotra,Female,51,Hyderabad,Telangana,2025-07-26,318,3,37959.93,1,2,1,121,4,Hibernating,Purchased
C5806,Arjun Agarwal,Female,63,Kolkata,West Bengal,2025-06-20,240,2,46674.26000000001,1,2,1,121,4,Hibernating,Purchased
C5807,Aditya Mishra,Male,34,Mangaluru,Karnataka,2025-04-03,28,6,216112.62,4,3,3,433,10,Loyal Customers,Purchased
C5808,Aarav Saxena,Female,28,Vadodara,Gujarat,2025-09-24,37,8,48339.509999999995,4,4,1,441,9,At Risk,Purchased
C5809,Komal Malhotra,Female,54,Bengaluru,Karnataka,2025-08-27,119,3,43094.22,2,2,1,221,5,Hibernating,Purchased
C5810,Sanjay Agarwal,Female,43,Vadodara,Gujarat,2023-08-25,84,16,463120.42,3,5,5,355,13,Loyal Customers,Purchased
C5811,Mohit Tiwari,Female,39,Salem,Tamil Nadu,2024-10-23,180,9,234567.19,2,4,3,243,9,At Risk,Purchased
C5812,Ankit Patel,Male,65,Jaipur,Rajasthan,2023-12-02,426,1,485.99,1,1,1,111,3,Hibernating,Purchased
C5813,Manish Gupta,Male,41,Chennai,Tamil Nadu,2025-07-05,259,5,168100.77,1,3,3,133,7,At Risk,Purchased
C5814,Aarav Patel,Female,47,Gwalior,Madhya Pradesh,2023-01-12,,,,,,,,,No Purchase,No Purchase
C5815,Rohit Malhotra,Female,65,Mangaluru,Karnataka,2024-04-01,55,23,855369.63,4,5,5,455,14,Champions,Purchased
C5816,Vivek Agarwal,Female,28,Varanasi,Uttar Pradesh,2024-02-20,41,8,249960.1,4,4,4,444,12,Champions,Purchased
C5817,Ayush Saxena,Female,61,Aurangabad,Maharashtra,2025-07-22,202,2,64912.26999999999,2,2,2,222,6,Hibernating,Purchased
C5818,Varun Shah,Male,64,Madurai,Tamil Nadu,2023-11-19,192,9,118239.78,2,4,2,242,8,At Risk,Purchased
C5819,Aditi Patel,Male,40,Madurai,Tamil Nadu,2025-09-07,24,3,136688.37000000002,5,2,3,523,10,New Customers,Purchased
C5820,Sameer Srivastava,Female,34,Chennai,Tamil Nadu,2024-06-27,449,1,16292.77,1,1,1,111,3,Hibernating,Purchased
C5821,Rahul Patel,Male,25,Durgapur,West Bengal,2025-01-21,212,9,84801.12,2,4,2,242,8,At Risk,Purchased
C5822,Neha Jain,Female,20,Thane,Maharashtra,2024-08-04,117,1,12162.740000000002,2,1,1,211,4,Hibernating,Purchased
C5823,Aarav Kumar,Female,65,Jodhpur,Rajasthan,2024-04-16,,,,,,,,,No Purchase,No Purchase
C5824,Varun Agarwal,Male,38,Udaipur,Rajasthan,2023-11-30,339,6,288234.56,1,3,4,134,8,At Risk,Purchased
C5825,Ankit Agarwal,Male,50,Mangaluru,Karnataka,2023-11-05,,,,,,,,,No Purchase,No Purchase
C5826,Aditya Gupta,Female,29,Bengaluru,Karnataka,2023-12-23,98,16,293265.79,3,5,4,354,12,Loyal Customers,Purchased
C5827,Deepak Mehta,Female,33,Mumbai,Maharashtra,2025-08-04,215,4,121981.23,2,2,2,222,6,Hibernating,Purchased
C5828,Vivek Kumar,Female,57,Mangaluru,Karnataka,2023-05-25,6,7,151274.63999999998,5,4,3,543,12,Loyal Customers,Purchased
C5829,Rahul Verma,Male,49,Warangal,Telangana,2023-08-24,416,1,268.42,1,1,1,111,3,Hibernating,Purchased
C5830,Suresh Mehta,Male,28,Bhopal,Madhya Pradesh,2023-02-21,63,10,365083.07,3,4,4,344,11,Loyal Customers,Purchased
C5831,Shivam Yadav,Male,18,Surat,Gujarat,2025-08-03,22,4,57296.17,5,2,2,522,9,New Customers,Purchased
C5832,Kavya Joshi,Male,57,Delhi,Delhi,2024-03-29,40,16,770023.78,4,5,5,455,14,Champions,Purchased
C5833,Mohit Malhotra,Male,21,Jodhpur,Rajasthan,2023-02-08,297,4,207379.87,1,2,3,123,6,At Risk,Purchased
C5834,Ayush Mishra,Female,19,Kolkata,West Bengal,2025-10-02,387,3,215540.51,1,2,3,123,6,At Risk,Purchased
C5835,Ananya Singh,Male,32,New Delhi,Delhi,2025-08-22,20,15,249273.87,5,5,4,554,14,Champions,Purchased
C5836,Karan Patel,Female,62,Warangal,Telangana,2023-10-31,607,1,7464.29,1,1,1,111,3,Hibernating,Purchased
C5837,Arjun Singh,Female,48,Varanasi,Uttar Pradesh,2024-12-12,545,1,6531.25,1,1,1,111,3,Hibernating,Purchased
C5838,Simran Shah,Female,20,Agra,Uttar Pradesh,2023-10-04,,,,,,,,,No Purchase,No Purchase
C5839,Sneha Kapoor,Female,62,Lucknow,Uttar Pradesh,2025-07-12,26,12,272465.97,4,5,4,454,13,Champions,Purchased
C5840,Ananya Joshi,Male,63,Noida,Uttar Pradesh,2025-02-22,57,5,322681.71,4,3,4,434,11,Loyal Customers,Purchased
C5841,Ankit Jain,Female,51,Gurugram,Haryana,2024-05-01,468,3,207386.83,1,2,3,123,6,At Risk,Purchased
C5842,Ankit Tiwari,Male,21,Bengaluru,Karnataka,2025-10-13,321,1,162626.46000000002,1,1,3,113,5,At Risk,Purchased
C5843,Riya Kumar,Male,18,Nashik,Maharashtra,2023-09-03,9,5,326238.58999999997,5,3,4,534,12,Loyal Customers,Purchased
C5844,Sameer Srivastava,Female,59,Bengaluru,Karnataka,2025-12-27,141,4,69201.33,2,2,2,222,6,Hibernating,Purchased
C5845,Sakshi Saxena,Male,57,Bengaluru,Karnataka,2023-11-14,32,11,837192.84,4,4,5,445,13,Champions,Purchased
C5846,Riya Jain,Male,57,New Delhi,Delhi,2025-08-31,3,33,1772257.73,5,5,5,555,15,Champions,Purchased
C5847,Komal Gupta,Female,41,Varanasi,Uttar Pradesh,2025-07-24,25,7,388977.2,4,4,4,444,12,Champions,Purchased
C5848,Nisha Gupta,Male,46,Jodhpur,Rajasthan,2024-09-08,75,4,25646.17,3,2,1,321,6,Potential Loyalists,Purchased
C5849,Shivam Tiwari,Male,26,Lucknow,Uttar Pradesh,2023-05-14,65,3,61040.51,3,2,2,322,7,Potential Loyalists,Purchased
C5850,Aditya Verma,Male,19,Durgapur,West Bengal,2025-04-02,566,1,993.36,1,1,1,111,3,Hibernating,Purchased
C5851,Suresh Srivastava,Male,28,Nagpur,Maharashtra,2025-02-03,119,7,218123.1,2,4,3,243,9,At Risk,Purchased
C5852,Yash Shah,Female,47,Kolkata,West Bengal,2025-08-05,42,9,607414.52,4,4,5,445,13,Champions,Purchased
C5853,Ayush Patel,Female,37,Warangal,Telangana,2023-09-05,321,1,270.08,1,1,1,111,3,Hibernating,Purchased
C5854,Vikas Joshi,Male,47,Ghaziabad,Uttar Pradesh,2023-09-20,8,20,838184.84,5,5,5,555,15,Champions,Purchased
C5855,Neha Verma,Female,39,Agra,Uttar Pradesh,2024-01-22,,,,,,,,,No Purchase,No Purchase
C5856,Shivam Jain,Other,44,Indore,Madhya Pradesh,2024-02-08,63,18,811946.14,3,5,5,355,13,Loyal Customers,Purchased
C5857,Pooja Tiwari,Female,63,Mysuru,Karnataka,2023-01-04,61,13,192516.66,3,5,3,353,11,Loyal Customers,Purchased
C5858,Aarav Verma,Female,48,Vadodara,Gujarat,2023-06-18,587,1,18831.14,1,1,1,111,3,Hibernating,Purchased
C5859,Rakesh Tiwari,Female,63,Ghaziabad,Uttar Pradesh,2024-06-08,1,16,822022.88,5,5,5,555,15,Champions,Purchased
C5860,Manish Chauhan,Female,64,Aurangabad,Maharashtra,2025-11-24,62,7,363260.73,3,4,4,344,11,Loyal Customers,Purchased
C5861,Divya Singh,Female,47,Salem,Tamil Nadu,2023-05-21,20,10,336769.8,5,4,4,544,13,Champions,Purchased
C5862,Manish Shah,Male,65,Panipat,Haryana,2023-09-22,276,4,495889.82,1,2,5,125,8,At Risk,Purchased
C5863,Aarav Gupta,Male,29,Nashik,Maharashtra,2025-07-30,244,2,55701.94,1,2,2,122,5,Hibernating,Purchased
C5864,Vikas Joshi,Male,42,Siliguri,West Bengal,2023-02-12,412,1,201.32000000000002,1,1,1,111,3,Hibernating,Purchased
C5865,Sameer Chauhan,Female,21,Udaipur,Rajasthan,2023-04-18,152,11,319832.21,2,4,4,244,10,Can't Lose Them,Purchased
C5866,Isha Srivastava,Male,22,Prayagraj,Uttar Pradesh,2025-09-01,68,7,81362.32999999999,3,4,2,342,9,At Risk,Purchased
C5867,Mohit Tiwari,Female,24,Delhi,Delhi,2023-10-02,1,11,408552.15,5,4,4,544,13,Champions,Purchased
C5868,Vikas Verma,Male,24,Mumbai,Maharashtra,2023-12-04,333,5,210928.71,1,3,3,133,7,At Risk,Purchased
C5869,Divya Shah,Female,37,Hubballi,Karnataka,2023-01-17,104,12,390825.92,3,5,4,354,12,Loyal Customers,Purchased
C5870,Rahul Verma,Male,52,Ahmedabad,Gujarat,2024-03-20,55,10,207386.5,4,4,3,443,11,Loyal Customers,Purchased
C5871,Karan Srivastava,Male,65,Mysuru,Karnataka,2025-12-23,,,,,,,,,No Purchase,No Purchase
C5872,Varun Gupta,Male,65,Nagpur,Maharashtra,2025-12-15,39,5,8001.820000000001,4,3,1,431,8,Potential Loyalists,Purchased
C5873,Suresh Gupta,Female,26,Kota,Rajasthan,2024-12-03,241,1,1890.2,1,1,1,111,3,Hibernating,Purchased
C5874,Nisha Sharma,Female,38,Ahmedabad,Gujarat,2025-01-09,6,11,523886.45,5,4,5,545,14,Champions,Purchased
C5875,Sanjay Gupta,Male,38,Coimbatore,Tamil Nadu,2024-12-05,32,27,844554.2,4,5,5,455,14,Champions,Purchased
C5876,Isha Gupta,Female,22,Coimbatore,Tamil Nadu,2025-01-30,302,8,265404.70999999996,1,4,4,144,9,Can't Lose Them,Purchased
C5877,Deepak Singh,Female,19,Mumbai,Maharashtra,2024-07-22,77,5,128637.92,3,3,2,332,8,Potential Loyalists,Purchased
C5878,Rohit Srivastava,Female,34,Jaipur,Rajasthan,2023-08-14,540,2,104818.14000000001,1,2,2,122,5,Hibernating,Purchased
C5879,Manish Bansal,Female,59,New Delhi,Delhi,2025-08-08,31,10,270683.23,4,4,4,444,12,Champions,Purchased
C5880,Riya Yadav,Male,36,Delhi,Delhi,2025-08-21,148,3,53962.52,2,2,2,222,6,Hibernating,Purchased
C5881,Akash Bansal,Female,36,Kanpur,Uttar Pradesh,2023-06-07,22,8,126595.45,5,4,2,542,11,At Risk,Purchased
C5882,Aarav Jain,Male,65,Rajkot,Gujarat,2023-04-14,205,3,117979.51000000001,2,2,2,222,6,Hibernating,Purchased
C5883,Aditi Bansal,Female,36,Vadodara,Gujarat,2025-05-18,68,7,391873.61,3,4,4,344,11,Loyal Customers,Purchased
C5884,Aditya Mishra,Female,50,Delhi,Delhi,2023-02-22,,,,,,,,,No Purchase,No Purchase
C5885,Manish Mehta,Male,65,Panipat,Haryana,2025-06-02,303,5,153063.61,1,3,3,133,7,At Risk,Purchased
C5886,Rahul Agarwal,Male,23,Panipat,Haryana,2025-12-11,109,1,1057.05,3,1,1,311,5,Potential Loyalists,Purchased
C5887,Mohit Gupta,Female,42,Prayagraj,Uttar Pradesh,2023-02-09,56,18,612134.87,4,5,5,455,14,Champions,Purchased
C5888,Karan Mehta,Female,34,Jaipur,Rajasthan,2025-05-24,45,4,116503.08,4,2,2,422,8,New Customers,Purchased
C5889,Suresh Bansal,Female,23,Mangaluru,Karnataka,2023-05-26,29,7,328896.12,4,4,4,444,12,Champions,Purchased
C5890,Rahul Bansal,Female,20,Patna,Bihar,2023-11-14,,,,,,,,,No Purchase,No Purchase
C5891,Sakshi Agarwal,Female,49,Thane,Maharashtra,2024-08-22,590,1,1594.8700000000001,1,1,1,111,3,Hibernating,Purchased
C5892,Mohit Shah,Male,49,Nashik,Maharashtra,2025-01-14,88,4,10678.35,3,2,1,321,6,Potential Loyalists,Purchased
C5893,Manish Bansal,Female,44,Hubballi,Karnataka,2023-04-09,2,17,496636.0,5,5,5,555,15,Champions,Purchased
C5894,Deepak Singh,Male,50,Nashik,Maharashtra,2023-04-30,165,3,73882.8,2,2,2,222,6,Hibernating,Purchased
C5895,Priya Singh,Female,52,Jodhpur,Rajasthan,2023-11-06,441,1,783.9399999999999,1,1,1,111,3,Hibernating,Purchased
C5896,Deepak Agarwal,Female,20,Coimbatore,Tamil Nadu,2025-01-16,7,10,495665.66000000003,5,4,5,545,14,Champions,Purchased
C5897,Aarav Verma,Male,19,Nashik,Maharashtra,2024-03-18,357,3,68750.56999999999,1,2,2,122,5,Hibernating,Purchased
C5898,Riya Agarwal,Female,34,Coimbatore,Tamil Nadu,2023-10-29,91,5,114041.34,3,3,2,332,8,Potential Loyalists,Purchased
C5899,Simran Singh,Female,45,Faridabad,Haryana,2023-06-22,77,11,332134.63,3,4,4,344,11,Loyal Customers,Purchased
C5900,Sneha Mehta,Male,61,Hyderabad,Telangana,2025-11-26,317,5,127107.57,1,3,2,132,6,At Risk,Purchased
C5901,Sanjay Malhotra,Female,65,Madurai,Tamil Nadu,2025-02-10,161,2,73701.17,2,2,2,222,6,Hibernating,Purchased
C5902,Akash Bansal,Female,57,Pune,Maharashtra,2025-12-15,38,4,200444.79,4,2,3,423,9,New Customers,Purchased
C5903,Meera Malhotra,Female,31,Nashik,Maharashtra,2024-06-26,14,10,396786.03,5,4,4,544,13,Champions,Purchased
C5904,Kavya Agarwal,Male,45,Gurugram,Haryana,2025-06-15,300,2,50924.78,1,2,1,121,4,Hibernating,Purchased
C5905,Sneha Tiwari,Male,23,Kolkata,West Bengal,2024-12-01,118,7,314805.39,2,4,4,244,10,Can't Lose Them,Purchased
C5906,Simran Kapoor,Female,41,Surat,Gujarat,2024-07-29,24,7,93828.02,5,4,2,542,11,At Risk,Purchased
C5907,Riya Shah,Male,22,Gurugram,Haryana,2024-06-03,217,1,10150.4,2,1,1,211,4,Hibernating,Purchased
C5908,Tanya Verma,Male,65,Varanasi,Uttar Pradesh,2024-07-01,390,1,3408.6800000000003,1,1,1,111,3,Hibernating,Purchased
C5909,Tanya Joshi,Female,39,Udaipur,Rajasthan,2024-03-27,363,3,60063.41,1,2,2,122,5,Hibernating,Purchased
C5910,Sameer Mehta,Female,52,Aurangabad,Maharashtra,2024-12-01,95,3,258138.05,3,2,4,324,9,Potential Loyalists,Purchased
C5911,Vivek Malhotra,Female,22,Lucknow,Uttar Pradesh,2024-06-23,58,1,3582.42,3,1,1,311,5,Potential Loyalists,Purchased
C5912,Amit Bansal,Female,63,Mangaluru,Karnataka,2025-11-28,32,20,700897.87,4,5,5,455,14,Champions,Purchased
C5913,Suresh Tiwari,Male,43,Delhi,Delhi,2025-09-11,,,,,,,,,No Purchase,No Purchase
C5914,Komal Tiwari,Male,21,Gwalior,Madhya Pradesh,2024-05-23,76,3,143238.58000000002,3,2,3,323,8,Potential Loyalists,Purchased
C5915,Aditi Joshi,Female,35,Delhi,Delhi,2024-03-09,385,4,102403.34,1,2,2,122,5,Hibernating,Purchased
C5916,Komal Chauhan,Male,28,Warangal,Telangana,2025-04-11,31,6,77913.79,4,3,2,432,9,Potential Loyalists,Purchased
C5917,Riya Tiwari,Male,21,Durgapur,West Bengal,2024-12-04,143,9,219621.65,2,4,3,243,9,At Risk,Purchased
C5918,Simran Sharma,Female,19,Jaipur,Rajasthan,2023-09-11,,,,,,,,,No Purchase,No Purchase
C5919,Simran Joshi,Male,52,Bhopal,Madhya Pradesh,2025-07-02,502,2,7056.54,1,2,1,121,4,Hibernating,Purchased
C5920,Rohit Gupta,Female,59,Mangaluru,Karnataka,2025-01-17,251,3,117549.98,1,2,2,122,5,Hibernating,Purchased
C5921,Rakesh Yadav,Female,49,Delhi,Delhi,2024-11-11,219,8,192221.14,2,4,3,243,9,At Risk,Purchased
C5922,Nikhil Yadav,Female,51,Nagpur,Maharashtra,2025-05-06,152,4,96511.57,2,2,2,222,6,Hibernating,Purchased
C5923,Tanya Patel,Male,19,Pune,Maharashtra,2023-09-05,25,11,265061.83,4,4,4,444,12,Champions,Purchased
C5924,Ananya Sharma,Male,26,Faridabad,Haryana,2025-05-25,,,,,,,,,No Purchase,No Purchase
C5925,Aditya Verma,Female,19,Mangaluru,Karnataka,2023-05-14,81,3,28715.2,3,2,1,321,6,Potential Loyalists,Purchased
C5926,Varun Sharma,Female,64,New Delhi,Delhi,2025-05-18,195,8,184110.09,2,4,3,243,9,At Risk,Purchased
C5927,Simran Malhotra,Male,53,Nashik,Maharashtra,2024-10-09,102,3,73486.5,3,2,2,322,7,Potential Loyalists,Purchased
C5928,Divya Srivastava,Male,63,Salem,Tamil Nadu,2024-09-29,14,16,499224.95,5,5,5,555,15,Champions,Purchased
C5929,Kavya Chauhan,Female,61,Siliguri,West Bengal,2025-03-07,56,5,35382.15,4,3,1,431,8,Potential Loyalists,Purchased
C5930,Sakshi Jain,Male,28,Aurangabad,Maharashtra,2023-12-07,193,2,75334.53,2,2,2,222,6,Hibernating,Purchased
C5931,Akash Yadav,Male,42,Siliguri,West Bengal,2025-04-21,31,17,416892.04,4,5,4,454,13,Champions,Purchased
C5932,Akash Srivastava,Male,49,Ahmedabad,Gujarat,2023-01-29,30,11,294977.94,4,4,4,444,12,Champions,Purchased
C5933,Ananya Kumar,Male,53,Warangal,Telangana,2025-01-29,14,9,174114.78,5,4,3,543,12,Loyal Customers,Purchased
C5934,Ananya Chauhan,Male,50,Pune,Maharashtra,2025-05-19,19,28,923578.24,5,5,5,555,15,Champions,Purchased
C5935,Tanya Kapoor,Male,39,Ahmedabad,Gujarat,2023-01-04,99,7,148374.03,3,4,3,343,10,Loyal Customers,Purchased
C5936,Akash Shah,Female,18,Lucknow,Uttar Pradesh,2025-01-30,182,5,137895.91999999998,2,3,3,233,8,At Risk,Purchased
C5937,Komal Singh,Female,63,Delhi,Delhi,2025-04-27,280,8,490065.82,1,4,5,145,10,Can't Lose Them,Purchased
C5938,Vikas Sharma,Male,51,Durgapur,West Bengal,2024-07-25,131,3,125432.62999999999,2,2,2,222,6,Hibernating,Purchased
C5939,Vivek Shah,Male,58,Surat,Gujarat,2024-10-24,10,4,176530.02000000005,5,2,3,523,10,New Customers,Purchased
C5940,Simran Jain,Female,28,Nashik,Maharashtra,2023-03-07,,,,,,,,,No Purchase,No Purchase
C5941,Vikas Saxena,Male,23,Faridabad,Haryana,2025-12-18,165,3,15896.67,2,2,1,221,5,Hibernating,Purchased
C5942,Manish Joshi,Male,61,Lucknow,Uttar Pradesh,2025-11-24,473,1,2086.5299999999997,1,1,1,111,3,Hibernating,Purchased
C5943,Pooja Jain,Female,56,Rajkot,Gujarat,2025-04-17,242,4,76043.57,1,2,2,122,5,Hibernating,Purchased
C5944,Vikas Verma,Female,58,Muzaffarpur,Bihar,2023-01-17,28,14,442019.94,4,5,5,455,14,Champions,Purchased
C5945,Ananya Patel,Female,39,Coimbatore,Tamil Nadu,2024-04-16,14,23,1034667.5800000001,5,5,5,555,15,Champions,Purchased
C5946,Vivek Gupta,Male,61,Hyderabad,Telangana,2025-01-10,24,17,579661.54,5,5,5,555,15,Champions,Purchased
C5947,Meera Malhotra,Male,28,Rajkot,Gujarat,2025-09-17,27,25,1082747.55,4,5,5,455,14,Champions,Purchased
C5948,Priya Joshi,Male,54,Hyderabad,Telangana,2024-11-05,2,3,198933.32,5,2,3,523,10,New Customers,Purchased
C5949,Riya Saxena,Female,41,Jodhpur,Rajasthan,2025-02-20,74,5,370897.59,3,3,4,334,10,Loyal Customers,Purchased
C5950,Simran Jain,Male,25,Jodhpur,Rajasthan,2024-01-05,31,2,710.52,4,2,1,421,7,New Customers,Purchased
C5951,Nisha Yadav,Male,52,Nagpur,Maharashtra,2025-06-09,6,3,369247.32,5,2,4,524,11,New Customers,Purchased
C5952,Nisha Saxena,Male,35,Siliguri,West Bengal,2024-08-07,144,7,251871.69999999998,2,4,4,244,10,Can't Lose Them,Purchased
C5953,Rahul Malhotra,Female,25,Mumbai,Maharashtra,2025-05-26,,,,,,,,,No Purchase,No Purchase
C5954,Nikhil Kapoor,Male,52,Gaya,Bihar,2023-08-12,139,6,365165.42,2,3,4,234,9,At Risk,Purchased
C5955,Sneha Shah,Male,55,Nagpur,Maharashtra,2023-10-21,188,2,15475.179999999997,2,2,1,221,5,Hibernating,Purchased
C5956,Komal Srivastava,Female,33,Pune,Maharashtra,2023-04-07,148,3,191260.52000000002,2,2,3,223,7,At Risk,Purchased
C5957,Ayush Verma,Female,64,Faridabad,Haryana,2025-01-09,16,6,76717.70999999999,5,3,2,532,10,Potential Loyalists,Purchased
C5958,Tanya Jain,Female,52,Nagpur,Maharashtra,2025-03-13,15,7,133436.68,5,4,3,543,12,Loyal Customers,Purchased
C5959,Manish Bansal,Female,19,New Delhi,Delhi,2023-11-07,9,4,91723.16,5,2,2,522,9,New Customers,Purchased
C5960,Sameer Kumar,Male,34,Durgapur,West Bengal,2024-02-25,590,2,70116.64,1,2,2,122,5,Hibernating,Purchased
C5961,Amit Saxena,Female,64,Agra,Uttar Pradesh,2024-09-15,46,11,98954.58,4,4,2,442,10,At Risk,Purchased
C5962,Varun Agarwal,Male,26,Agra,Uttar Pradesh,2025-04-07,132,8,104263.32,2,4,2,242,8,At Risk,Purchased
C5963,Ankit Kumar,Female,63,Coimbatore,Tamil Nadu,2023-11-28,52,8,180577.84,4,4,3,443,11,Loyal Customers,Purchased
C5964,Ankit Singh,Male,42,Aurangabad,Maharashtra,2024-06-18,167,2,145270.66,2,2,3,223,7,At Risk,Purchased
C5965,Sanjay Saxena,Female,50,Mumbai,Maharashtra,2023-07-23,1,35,1067468.4100000001,5,5,5,555,15,Champions,Purchased
C5966,Sameer Bansal,Female,50,Agra,Uttar Pradesh,2025-06-05,103,9,245575.73,3,4,4,344,11,Loyal Customers,Purchased
C5967,Meera Yadav,Male,42,New Delhi,Delhi,2025-08-14,14,27,1198382.7,5,5,5,555,15,Champions,Purchased
C5968,Karan Kumar,Male,42,Delhi,Delhi,2025-03-20,71,7,121533.31999999999,3,4,2,342,9,At Risk,Purchased
C5969,Kavya Verma,Female,45,Kanpur,Uttar Pradesh,2025-06-11,85,9,339057.04,3,4,4,344,11,Loyal Customers,Purchased
C5970,Varun Verma,Male,48,Surat,Gujarat,2025-04-16,,,,,,,,,No Purchase,No Purchase
C5971,Ayush Kapoor,Female,53,Ahmedabad,Gujarat,2025-07-04,515,1,540.16,1,1,1,111,3,Hibernating,Purchased
C5972,Riya Verma,Male,39,Prayagraj,Uttar Pradesh,2024-04-15,96,11,474943.46,3,4,5,345,12,Loyal Customers,Purchased
C5973,Sneha Verma,Female,38,New Delhi,Delhi,2023-08-14,7,12,209751.6,5,5,3,553,13,Loyal Customers,Purchased
C5974,Vikas Sharma,Female,55,Gurugram,Haryana,2025-11-18,249,4,88672.62999999999,1,2,2,122,5,Hibernating,Purchased
C5975,Sakshi Mehta,Male,54,Rajkot,Gujarat,2023-01-03,481,2,75501.14,1,2,2,122,5,Hibernating,Purchased
C5976,Mohit Malhotra,Female,49,Bengaluru,Karnataka,2024-03-19,37,15,614618.56,4,5,5,455,14,Champions,Purchased
C5977,Neha Malhotra,Female,40,Mysuru,Karnataka,2025-03-06,5,20,538392.96,5,5,5,555,15,Champions,Purchased
C5978,Divya Mehta,Female,45,Mumbai,Maharashtra,2025-05-18,31,8,269097.76,4,4,4,444,12,Champions,Purchased
C5979,Varun Chauhan,Female,45,Hyderabad,Telangana,2025-01-20,85,8,351012.15,3,4,4,344,11,Loyal Customers,Purchased
C5980,Mohit Patel,Female,38,Indore,Madhya Pradesh,2024-06-20,5,15,597382.94,5,5,5,555,15,Champions,Purchased
C5981,Priya Srivastava,Male,26,Indore,Madhya Pradesh,2025-10-07,61,12,191451.43,3,5,3,353,11,Loyal Customers,Purchased
C5982,Tanya Joshi,Male,43,Aurangabad,Maharashtra,2023-09-15,58,10,506844.3,3,4,5,345,12,Loyal Customers,Purchased
C5983,Vivek Singh,Male,39,New Delhi,Delhi,2023-06-05,14,9,280131.77,5,4,4,544,13,Champions,Purchased
C5984,Varun Saxena,Female,20,Aurangabad,Maharashtra,2024-11-19,41,7,152355.47,4,4,3,443,11,Loyal Customers,Purchased
C5985,Sneha Mehta,Female,63,New Delhi,Delhi,2023-12-17,32,20,890657.61,4,5,5,455,14,Champions,Purchased
C5986,Simran Malhotra,Male,50,Delhi,Delhi,2024-05-28,368,1,128.72,1,1,1,111,3,Hibernating,Purchased
C5987,Yash Gupta,Female,23,Ahmedabad,Gujarat,2024-05-15,42,9,413797.39,4,4,4,444,12,Champions,Purchased
C5988,Shivam Jain,Male,27,Mumbai,Maharashtra,2023-10-17,366,3,286220.15,1,2,4,124,7,At Risk,Purchased
C5989,Ankit Srivastava,Female,45,Indore,Madhya Pradesh,2025-12-29,120,9,392450.1,2,4,4,244,10,Can't Lose Them,Purchased
C5990,Yash Verma,Female,59,Ghaziabad,Uttar Pradesh,2024-02-23,170,2,23444.86,2,2,1,221,5,Hibernating,Purchased
C5991,Priya Sharma,Female,41,Varanasi,Uttar Pradesh,2025-01-04,23,9,188353.13,5,4,3,543,12,Loyal Customers,Purchased
C5992,Aditya Yadav,Female,56,Panipat,Haryana,2023-06-25,25,1,881.68,4,1,1,411,6,New Customers,Purchased
C5993,Sameer Patel,Female,24,Kota,Rajasthan,2025-12-21,30,5,84330.1,4,3,2,432,9,Potential Loyalists,Purchased
C5994,Rakesh Saxena,Male,43,New Delhi,Delhi,2025-12-16,54,5,136329.11,4,3,3,433,10,Loyal Customers,Purchased
C5995,Vikas Joshi,Female,57,Vadodara,Gujarat,2023-03-17,44,6,230318.82,4,3,3,433,10,Loyal Customers,Purchased
C5996,Ananya Tiwari,Male,58,Nashik,Maharashtra,2024-12-05,111,11,358291.68,3,4,4,344,11,Loyal Customers,Purchased
C5997,Akash Patel,Female,29,Nashik,Maharashtra,2024-10-13,2,13,380832.06999999995,5,5,4,554,14,Champions,Purchased
C5998,Neha Agarwal,Female,50,Mangaluru,Karnataka,2023-07-10,135,6,193817.08000000002,2,3,3,233,8,At Risk,Purchased
C5999,Aditya Verma,Male,19,New Delhi,Delhi,2025-04-22,43,8,302504.7,4,4,4,444,12,Champions,Purchased
C6000,Sakshi Verma,Male,24,Ahmedabad,Gujarat,2025-04-17,224,5,95994.86,2,3,2,232,7,At Risk,Purchased
